source_index,report_id,indicator_id,original_status,original_value,original_unit,original_evidence_quote,original_page_no,original_block_id,final_status,final_value,final_unit,final_qualitative_text,final_evidence_quote,final_page_no,final_block_id,final_block_type,rationale,reviewer,reviewed_at
0,000016_深康佳Ａ_2025_ESG报告,s_training,error,"8,547",人,"员工培训人数 | 人 | 8,840 | 8,593 | 8,547 员工培训总时长 | 小时 | 37,800 | 15,638 | 87,170 员工培训覆盖率 | % | 62.67 | 64.33 | 70.91",44,000016_深康佳Ａ_2025_ESG报告:p44:b1,found,"8,547",人,,"员工培训人数 | 人 | 8,840 | 8,593 | 8,547",44,000016_深康佳Ａ_2025_ESG报告:p44:b1,table,候选块直接支持该指标；证据为同一候选块内连续逐字原文。,codex-agent-a,2026-08-23T16:18:18.785641+00:00
1,000403_派林生物_2025_ESG报告,s_compensation_benefits,error,,,公司依据《职工福利管理制度》等内部规章，建立了兼顾公平性与竞争力的薪酬福利体系。在依法足额缴纳“五险一金”的基础上，为符合条件的员工建立企业年金计划，并提供节日、子女教育等多项津贴补贴。,33,000403_派林生物_2025_ESG报告:p33:b3,found,,,公司依据《职工福利管理制度》《专项奖励暂行管理制度》等内部规章，建立了兼顾公平性与竞争力的薪酬福利体系。在依法足额缴纳“五险一金”的基础上，为符合条件的员工建立企业年金计划，并提供节日、子女教育、赡养老人、教育培训、职称等多项津贴补贴。公司,公司依据《职工福利管理制度》《专项奖励暂行管理制度》等内部规章，建立了兼顾公平性与竞争力的薪酬福利体系。在依法足额缴纳“五险一金”的基础上，为符合条件的员工建立企业年金计划，并提供节日、子女教育、赡养老人、教育培训、职称等多项津贴补贴。公司每年定期组织员工健康体检，配发劳动保护用品，并在法定节假日之外设置产假、哺乳假、,33,000403_派林生物_2025_ESG报告:p33:b3,paragraph,候选块直接支持该指标；证据为同一候选块内连续逐字原文。,codex-agent-a,2026-08-23T16:18:18.785641+00:00
2,000403_派林生物_2025_ESG报告,s_supplier,error,true,,公司建立了覆盖供应商全生命周期的管理制度体系，制定了《采购及招标管理办法》《物料供应商管理规程》《供应商审计管理规程》等一系列规章制度，确保供应商管理有章可循、责任到人。,20,000403_派林生物_2025_ESG报告:p20:b1,found,true,,格的评估机制，推动供应链在环境、社会及商业道德方面的持续改善，共同打造绿色、透明、高效的供应链生态。公司建立了覆盖供应商全生命周期的管理制度体系，制定了《采购及招标管理办法》《物料供应商管理规程》《供应商审计管理规程》《风险管理规程》《生产,格的评估机制，推动供应链在环境、社会及商业道德方面的持续改善，共同打造绿色、透明、高效的供应链生态。公司建立了覆盖供应商全生命周期的管理制度体系，制定了《采购及招标管理办法》《物料供应商管理规程》《供应商审计管理规程》《风险管理规程》《生产物料采购管理规程》《合同管理制度》等一系列规章制度，确保供应商管理有章可循、责任,20,000403_派林生物_2025_ESG报告:p20:b1,paragraph,候选块直接支持该指标；证据为同一候选块内连续逐字原文。,codex-agent-a,2026-08-23T16:18:18.785641+00:00
3,000526_学大教育_2025_ESG报告,s_research_development,error,3543.10,万元人民币,"研发投入金额 | 单位 | 2024年 | 2025年 研发投入金额 | 万元人民币 | 3,495.12 | 3,543.10",44,000526_学大教育_2025_ESG报告:p44:b0,found,3543.10,万元人民币,,"研发投入金额 | 万元人民币 | 3,495.12 | 3,543.10",44,000526_学大教育_2025_ESG报告:p44:b0,table,候选块直接支持该指标；证据为同一候选块内连续逐字原文。,codex-agent-a,2026-08-23T16:18:18.785641+00:00
4,000537_绿发电力_2025_ESG报告,s_supplier,error,true,,公司执行《供应商关系管理办法(试行)》等相关内部管理规范，将供应商管理纳入采购全生命周期管理活动中，形成供应商进入一退出的全面合规管理体系。,22,000537_绿发电力_2025_ESG报告:p22:b13,found,true,,公司执行《供应商关系管理办法(试行)》《供应商不良行为名单管理办法(试行)》《采购品类管理作业指引》《供应商库建设作业指引》《供应商履约评价作业指引》等相关内部管理规范，将供应商管理纳入采购全生命周期管理活动中，形成供应商进入一退出的全面合,公司执行《供应商关系管理办法(试行)》《供应商不良行为名单管理办法(试行)》《采购品类管理作业指引》《供应商库建设作业指引》《供应商履约评价作业指引》等相关内部管理规范，将供应商管理纳入采购全生命周期管理活动中，形成供应商进入一退出的全面合规管理体系，推动构建绿色和负责任供应链。,22,000537_绿发电力_2025_ESG报告:p22:b13,paragraph,候选块直接支持该指标；证据为同一候选块内连续逐字原文。,codex-agent-a,2026-08-23T16:18:18.785641+00:00
5,000557_西部创业_2025_可持续发展报告,s_human_rights,error,true,,我们严格遵守《妇女权益保障法》等法规，制定实施《员工管理办法》《劳动合同》《集体合同》，坚持公平就业，严禁任何形式的歧视、强迫劳动及使用童工。,38,000557_西部创业_2025_可持续发展报告:p38:b40,found,true,,平等不是口号，而是每一个岗位都向对的人敞开。平等，是每一个岗位都向对的人敞开。我们严格遵守《妇女权益保障法》《残疾人保障法》《未成年人保护法》等法规，制定实施《员工管理办法》《劳动合同》《集体合同》，坚持公平就业，严禁任何形式的歧视、强迫劳,平等不是口号，而是每一个岗位都向对的人敞开。平等，是每一个岗位都向对的人敞开。我们严格遵守《妇女权益保障法》《残疾人保障法》《未成年人保护法》等法规，制定实施《员工管理办法》《劳动合同》《集体合同》，坚持公平就业，严禁任何形式的歧视、强迫劳动及使用童工。,38,000557_西部创业_2025_可持续发展报告:p38:b40,paragraph,候选块直接支持该指标；证据为同一候选块内连续逐字原文。,codex-agent-a,2026-08-23T16:18:18.785641+00:00
6,000598_兴蓉环境_2025_ESG报告,e_renewable_energy,error,5078739.00,千瓦时,"议题:能源利用 光伏发电 | 千瓦时 | 5,078,739.00",35,000598_兴蓉环境_2025_ESG报告:p35:b14,found,5078739.00,千瓦时,,"光伏发电 | 千瓦时 | 5,078,739.00",35,000598_兴蓉环境_2025_ESG报告:p35:b14,table,候选块直接支持该指标；证据为同一候选块内连续逐字原文。,codex-agent-a,2026-08-23T16:18:18.785641+00:00
7,000720_新能泰山_2025_ESG报告,g_board_diversity,error,0,人,女性董事数量 | 人 | 0 | 1 | 1 男性董事数量 | 人 | 10 | 9 | 9,34,000720_新能泰山_2025_ESG报告:p34:b2,found,0,人,,女性董事数量 | 人 | 0 | 1 | 1,34,000720_新能泰山_2025_ESG报告:p34:b2,table,候选块直接支持该指标；证据为同一候选块内连续逐字原文。,codex-agent-a,2026-08-23T16:18:18.785641+00:00
8,000720_新能泰山_2025_ESG报告,g_board_meetings,error,9,次,治理指标 | 董事会召开次数 | 次 | 9 | 12 | 9,34,000720_新能泰山_2025_ESG报告:p34:b2,found,9,次,,董事会召开次数 | 次 | 9 | 12 | 9,34,000720_新能泰山_2025_ESG报告:p34:b2,table,候选块直接支持该指标；证据为同一候选块内连续逐字原文。,codex-agent-a,2026-08-23T16:18:18.785641+00:00
9,000720_新能泰山_2025_ESG报告,g_shareholder_meetings,error,5,次,治理指标 | 股东会召开次数 | 次 | 5 | 6 | 3,34,000720_新能泰山_2025_ESG报告:p34:b2,found,5,次,,股东会召开次数 | 次 | 5 | 6 | 3,34,000720_新能泰山_2025_ESG报告:p34:b2,table,候选块直接支持该指标；证据为同一候选块内连续逐字原文。,codex-agent-a,2026-08-23T16:18:18.785641+00:00
10,000881_中广核技_2025_ESG报告,s_rural_revitalization,error,,,2025年乡村振兴亮点举措：产业帮扶，百色市农产品电子束保鲜帮扶项目首次实现盈亏平衡；消费帮扶，采购农副产品；人才振兴，开展培训；种业振兴，应用辐照技术助力产业升级。,40,000881_中广核技_2025_ESG报告:p40:b4,found,,,"产业帮扶 | ·2025年,百色市农产品电子束保鲜帮扶项目通过“加工+销售”双轮驱动,首次实现盈亏平衡。全年实现辐照产品销售110万元,帮扶产品销售840.6万元,合计940.6万元,同比增加53%。","产业帮扶 | ·2025年,百色市农产品电子束保鲜帮扶项目通过“加工+销售”双轮驱动,首次实现盈亏平衡。全年实现辐照产品销售110万元,帮扶产品销售840.6万元,合计940.6万元,同比增加53%。",40,000881_中广核技_2025_ESG报告:p40:b4,table,候选块直接支持该指标；证据为同一候选块内连续逐字原文。,codex-agent-a,2026-08-23T16:18:18.785641+00:00
11,000881_中广核技_2025_ESG报告,g_board_diversity,error,2,名,董事会成员9名 其中女性董事2名 独立董事3名,43,000881_中广核技_2025_ESG报告:p43:b5,found,2,名,,其中女性董事2名,43,000881_中广核技_2025_ESG报告:p43:b5,paragraph,候选块直接支持该指标；证据为同一候选块内连续逐字原文。,codex-agent-a,2026-08-23T16:18:18.785641+00:00
12,000881_中广核技_2025_ESG报告,e_renewable_energy,error,1582.60,吨标准煤,"自产可再生能源用量 | 吨标准煤 | —— | 734.80 | 1,582.60",46,000881_中广核技_2025_ESG报告:p46:b17,found,1582.60,吨标准煤,,"自产可再生能源用量 $^{3}$ | 吨标准煤 | —— | 734.80 | 1,582.60",46,000881_中广核技_2025_ESG报告:p46:b17,table,候选块直接支持该指标；证据为同一候选块内连续逐字原文。,codex-agent-a,2026-08-23T16:18:18.785641+00:00
13,000923_河钢资源_2025_ESG报告,e_air_pollutants,error,135.7,吨,2025年，颗粒物（PM）排放135.7吨，二氧化硫（SO2）排放0.7吨，氮氧化物（NOx）排放110.2吨。,26,000923_河钢资源_2025_ESG报告:p26:b19,found,135.7,吨,,"效率，实现清洁生产。同时，建设空气质量监测站和粉尘落差测量仪，对气象数据、二氧化硫、颗粒物进行实时监测，评估生产对环境和社区的影响，确保排放不超过规定限值。2025年，颗粒物（PM）排放135.7吨，二氧化硫（ 
\mathrm{SO}_2
）排放0.7吨，氮氧化物（ 
\mathrm{NO_X}
）排放110.2吨。",26,000923_河钢资源_2025_ESG报告:p26:b19,paragraph,候选块直接支持该指标；证据为同一候选块内连续逐字原文。,codex-agent-a,2026-08-23T16:18:18.785641+00:00
14,000998_隆平高科_2025_ESG报告,e_energy_total,error,"31,792.33",吨标准煤,"综合能源消耗总量 | 吨标准煤 | 31,792.33",89,000998_隆平高科_2025_ESG报告:p89:b2,found,"31,792.33",吨标准煤,,"综合能源消耗总量 $^{2}$ | 吨标准煤 | 31,792.33",89,000998_隆平高科_2025_ESG报告:p89:b2,table,候选块直接支持该指标；证据为同一候选块内连续逐字原文。,codex-agent-a,2026-08-23T16:18:18.785641+00:00
15,000998_隆平高科_2025_ESG报告,s_rural_revitalization,error,,,2025年，子公司隆平信息与深圳开鸿数字产业发展有限公司设立隆平开鸿农业科技（北京）有限公司，其作为数字农业领域的唯一合作平台，聚焦“农业开源鸿蒙操作系统”研发与生态建设，以数字新质生产力助力乡村振兴，保障国家农业数据与系统安全。,52,000998_隆平高科_2025_ESG报告:p52:b1,found,,,产业发展有限公司（简称“深开鸿”）设立隆平开鸿农业科技（北京）有限公司（简称“隆平开鸿”），其作为数字农业领域的唯一合作平台，聚焦“农业开源鸿蒙操作系统”研发与生态建设，以数字新质生产力助力乡村振兴，保障国家农业数据与系统安全。后续公司将持,产业发展有限公司（简称“深开鸿”）设立隆平开鸿农业科技（北京）有限公司（简称“隆平开鸿”），其作为数字农业领域的唯一合作平台，聚焦“农业开源鸿蒙操作系统”研发与生态建设，以数字新质生产力助力乡村振兴，保障国家农业数据与系统安全。后续公司将持续探索以农业开源鸿蒙为统一数字底座，打造新型农业智能体，构建高效农业数字化解决方,52,000998_隆平高科_2025_ESG报告:p52:b1,paragraph,候选块直接支持该指标；证据为同一候选块内连续逐字原文。,codex-agent-a,2026-08-23T16:18:18.785641+00:00
16,001322_箭牌家居_2025_ESG报告,e_electricity_total,error,"15,830.35",万度,"全年传统电力消耗总量 | 单位 | 2025年 | 2024年 | 2023年 全年传统电力消耗总量 | 万度 | 15,830.35 | 18,809.11 | 17,532.96",36,001322_箭牌家居_2025_ESG报告:p36:b3,found,"15,830.35",万度,,"全年传统电力消耗总量 | 万度 | 15,830.35 | 18,809.11 | 17,532.96",36,001322_箭牌家居_2025_ESG报告:p36:b3,table,候选块直接支持该指标；证据为同一候选块内连续逐字原文。,codex-agent-a,2026-08-23T16:18:18.785641+00:00
17,002011_盾安环境_2025_ESG报告,g_cybersecurity_governance,error,,,公司严格遵守《中华人民共和国网络安全法》等相关法律法规，建立《网络系统运行管理规定》等内部管理制度，强化技术防护与管理创新，全面提升信息安全保障能力。,32,002011_盾安环境_2025_ESG报告:p32:b17,found,,,公司严格遵守《中华人民共和国网络安全法》《中华人民共和国计算机信息系统安全保护条例》等相关法律法规，建立《网络系统运行管理规定》《网络信息安全管理规定》《微信等即时通讯工具管理办法》《机房管理办法》等内部管理制度，强化技术防护与管理创新，全,公司严格遵守《中华人民共和国网络安全法》《中华人民共和国计算机信息系统安全保护条例》等相关法律法规，建立《网络系统运行管理规定》《网络信息安全管理规定》《微信等即时通讯工具管理办法》《机房管理办法》等内部管理制度，强化技术防护与管理创新，全面提升信息安全保障能力。,32,002011_盾安环境_2025_ESG报告:p32:b17,paragraph,候选块直接支持该指标；证据为同一候选块内连续逐字原文。,codex-agent-a,2026-08-23T16:18:18.785641+00:00
18,002035_华帝股份_2025_ESG报告,s_employee_rights,error,,,回应与沟通：保障员工权益·提供安全的职场环境·完善员工考核和晋升机制·多渠道员工沟通·设立举报电话、信箱及邮箱,9,002035_华帝股份_2025_ESG报告:p9:b3,found,,,员工 | | ·多元化与平等机会·员工权益与福利·职业健康与安全·员工培训与发展 | ·保障员工权益·提供安全的职场环境·完善员工考核和晋升机制·多渠道员工沟通·员工社团与活动·设立举报电话、信箱及邮箱,员工 | | ·多元化与平等机会·员工权益与福利·职业健康与安全·员工培训与发展 | ·保障员工权益·提供安全的职场环境·完善员工考核和晋升机制·多渠道员工沟通·员工社团与活动·设立举报电话、信箱及邮箱,9,002035_华帝股份_2025_ESG报告:p9:b3,table,候选块直接支持该指标；证据为同一候选块内连续逐字原文。,codex-agent-a,2026-08-23T16:18:18.785641+00:00
19,002048_宁波华翔_2025_ESG报告,s_data_security,error,true,,"信息安全与客户隐私保护...泄露客户隐私次数 0...隐私与数据安全培训总时长 8,936",47,002048_宁波华翔_2025_ESG报告:p47:b2,found,true,,"泄露客户隐私次数 | 宗 | 0 | 0 | 0 
隐私与数据安全培训总时长 | 小时 | 8,936 | 8,856 | 5,957","泄露客户隐私次数 | 宗 | 0 | 0 | 0 
隐私与数据安全培训总时长 | 小时 | 8,936 | 8,856 | 5,957",47,002048_宁波华翔_2025_ESG报告:p47:b2,table,候选块直接支持该指标；证据为同一候选块内连续逐字原文。,codex-agent-a,2026-08-23T16:18:18.785641+00:00
20,002203_海亮股份_2025_ESG报告,s_human_rights,error,true,,制定《海亮股份招聘管理办法》，明确禁止任何形式的就业歧视，严禁雇用童工和强迫劳动，确保用工符合法律法规。,35,002203_海亮股份_2025_ESG报告:p35:b4,found,true,,面覆盖招聘需求分析、渠道选择、简历筛选、面试安排、录用决策、背景调查以及新员工入职安排等环节，形成高效的雇佣管理体系。我们致力于促进平等机会，制定《海亮股份招聘管理办法》，明确禁止任何形式的就业歧视，严禁雇用童工和强迫劳动，确保用工符合《中,面覆盖招聘需求分析、渠道选择、简历筛选、面试安排、录用决策、背景调查以及新员工入职安排等环节，形成高效的雇佣管理体系。我们致力于促进平等机会，制定《海亮股份招聘管理办法》，明确禁止任何形式的就业歧视，严禁雇用童工和强迫劳动，确保用工符合《中华人民共和国劳动法》《未成年人保护法》等法律法规以及各运营所在地的劳动用工要求。,35,002203_海亮股份_2025_ESG报告:p35:b4,paragraph,候选块直接支持该指标；证据为同一候选块内连续逐字原文。,codex-agent-a,2026-08-23T16:18:18.785641+00:00
21,002326_永太科技_2025_ESG报告,e_particulate,error,0.62,吨,废气排放情况 颗粒物 | 吨 | 0.62,48,002326_永太科技_2025_ESG报告:p48:b5,found,0.62,吨,,颗粒物 | 吨 | 0.62,48,002326_永太科技_2025_ESG报告:p48:b5,table,候选块直接支持该指标；证据为同一候选块内连续逐字原文。,codex-agent-a,2026-08-23T16:18:18.785641+00:00
22,002444_巨星科技_2025_ESG报告,s_community_investment,error,125.29,万元人民币,社会公益投入金额 | 单位 | 2025年 社会公益投入金额 | 万元人民币 | 125.29,47,002444_巨星科技_2025_ESG报告:p47:b6,found,125.29,万元人民币,,社会公益投入金额 | 万元人民币 | 125.29,47,002444_巨星科技_2025_ESG报告:p47:b6,table,候选块直接支持该指标；证据为同一候选块内连续逐字原文。,codex-agent-a,2026-08-23T16:18:18.785641+00:00
23,002490_山东墨龙_2025_ESG报告,s_employee_gender,error,349,人,按性别 | 女性 | 人 | 386 | 349,73,002490_山东墨龙_2025_ESG报告:p73:b0,found,349,人,,"员工雇佣数据 | 员工总数 | 人 | 1,339 | 1,268 
按性别 | 男性 | 人 | 953 | 919 
女性 | 人 | 386 | 349",73,002490_山东墨龙_2025_ESG报告:p73:b0,table,候选块直接支持该指标；证据为同一候选块内连续逐字原文。,codex-agent-a,2026-08-23T16:18:18.785641+00:00
24,002490_山东墨龙_2025_ESG报告,s_work_injury,error,2,起,工伤事故起数 | 起 | 8 | 2 工伤人数 | 人 | 8 | 2 因工死亡事故起数 | 起 | 0 | 0,71,002490_山东墨龙_2025_ESG报告:p71:b0,found,2,起,,工伤事故起数 | 起 | 14 | 8 | 2,43,002490_山东墨龙_2025_ESG报告:p43:b2,table,候选块直接支持该指标；证据为同一候选块内连续逐字原文。,codex-agent-a,2026-08-23T16:18:18.785641+00:00
25,002490_山东墨龙_2025_ESG报告,g_information_disclosure,error,,,公司高度重视信息披露工作，严格按照有关法律法规以及《信息披露管理制度》等相关要求，规范信息披露的内容、形式、流程、责任划分与保密管理，通过境内外指定披露平台，同步发布会议通知、决议公告等重要信息，保障全体投资者公平、公正、公开获取公司信息，持续提升信息披露质量与公司治理透明度。,17,002490_山东墨龙_2025_ESG报告:p17:b18,found,,,作，严格按照有关法律法规以及《信息披露管理制度》《深圳证券交易所上市公司自律监管指引第5号——信息披露事务管理》等相关要求，规范信息披露的内容、形式、流程、责任划分与保密管理，通过境内外指定披露平台，同步发布会议通知、决议公告等重要信息，保,作，严格按照有关法律法规以及《信息披露管理制度》《深圳证券交易所上市公司自律监管指引第5号——信息披露事务管理》等相关要求，规范信息披露的内容、形式、流程、责任划分与保密管理，通过境内外指定披露平台，同步发布会议通知、决议公告等重要信息，保障全体投资者公平、公正、公开获取公司信息，持续提升信息披露质量与公司治理透明度。,17,002490_山东墨龙_2025_ESG报告:p17:b18,paragraph,候选块直接支持该指标；证据为同一候选块内连续逐字原文。,codex-agent-a,2026-08-23T16:18:18.785641+00:00
26,002533_金杯电工_2025_ESG报告,s_safety,error,,,依托《中华人民共和国安全生产法》等法规要求，公司搭建覆盖责任落实、安全教育、危险作业等全场景的专项管理制度体系，总部及部分子公司通过安全ISO安全45001职业健康安全管理体系认证，形成“制度引领、责任压实、全员参与”的管理模式。,41,002533_金杯电工_2025_ESG报告:p41:b0,found,,,依托《中华人民共和国安全生产法》《中华人民共和国职业病防治法》等法规要求，公司搭建覆盖责任落实、安全教育、危险作业等全场景的专项管理制度体系，总部及部分子公司通过安全ISO安全45001职业健康安全管理体系认证，形成“制度引领、责任压实、全,依托《中华人民共和国安全生产法》《中华人民共和国职业病防治法》等法规要求，公司搭建覆盖责任落实、安全教育、危险作业等全场景的专项管理制度体系，总部及部分子公司通过安全ISO安全45001职业健康安全管理体系认证，形成“制度引领、责任压实、全员参与”的管理模式。通过月度全面检查、100%覆盖的全员健康体检、年度职业病检测,41,002533_金杯电工_2025_ESG报告:p41:b0,paragraph,候选块直接支持该指标；证据为同一候选块内连续逐字原文。,codex-agent-a,2026-08-23T16:18:18.785641+00:00
27,002533_金杯电工_2025_ESG报告,s_supplier,error,true,,公司制定《供应商准入管理制度》等制度，强化供应商的动态发现、评价更新机制，围绕供方认证、分类分级、绩效评估、考察培养及退出管理为供应商构建了全生命周期管理体系。,33,002533_金杯电工_2025_ESG报告:p33:b3,found,true,,《供应商准入管理制度》《生产性物料供应商管理制度》《设备供方评价管理制度》《供应商分类管理办法》等制度，强化供应商的动态发现、评价更新机制，围绕供方认证、分类分级、绩效评估、考察培养及退出管理为供应商构建了全生命周期管理体系。同时，通过签订,《供应商准入管理制度》《生产性物料供应商管理制度》《设备供方评价管理制度》《供应商分类管理办法》等制度，强化供应商的动态发现、评价更新机制，围绕供方认证、分类分级、绩效评估、考察培养及退出管理为供应商构建了全生命周期管理体系。同时，通过签订《供应商行为准则》《履约保证协议》等协议约束强化合规保障，要求其遵守环保、安全及,33,002533_金杯电工_2025_ESG报告:p33:b3,paragraph,候选块直接支持该指标；证据为同一候选块内连续逐字原文。,codex-agent-a,2026-08-23T16:18:18.785641+00:00
28,002663_普邦股份_2025_ESG报告,s_employee_rights,error,,,员工关注议题：薪酬与福利、发展与培训、健康与安全、民主管理。沟通与回应：完善薪酬福利体系、建立职业晋升路径、开展员工关怀、职业病防护与体检、职工代表大会。,7,002663_普邦股份_2025_ESG报告:p7:b2,found,,,护生态环境·响应国家战略·提供就业岗位·履行社会责任 | ·股东会·定期报告及临时公告·日常沟通(电话、邮件、互动易平台)·投资者活动·内控审计 | ·完善薪酬福利体系·建立职业晋升路径·开展员工关怀·职业病防护与体检·职工代表大会 | ·,护生态环境·响应国家战略·提供就业岗位·履行社会责任 | ·股东会·定期报告及临时公告·日常沟通(电话、邮件、互动易平台)·投资者活动·内控审计 | ·完善薪酬福利体系·建立职业晋升路径·开展员工关怀·职业病防护与体检·职工代表大会 | ·反商业贿赂及反贪污·客户拜访·客户服务热线·满意度调查·监督举报机制·保障信息安,7,002663_普邦股份_2025_ESG报告:p7:b2,table,候选块直接支持该指标；证据为同一候选块内连续逐字原文。,codex-agent-a,2026-08-23T16:18:18.785641+00:00
29,002663_普邦股份_2025_ESG报告,g_stakeholder_communication,error,,,沟通与回应：·股东会·定期报告及临时公告·日常沟通(电话、邮件、互动易平台)·投资者活动·内控审计 ·完善薪酬福利体系·建立职业晋升路径·开展员工关怀 ·反商业贿赂及反贪污·客户拜访·客户服务热线·满意度调查 ·反不正当竞争·技术创新·行业论坛、活动 ·绿色运营·污染防控·社区活动·公益慈善,7,002663_普邦股份_2025_ESG报告:p7:b2,found,,,回应 | ·遵守法律法规·依法足额纳税·接受检查和监督·保护生态环境·响应国家战略·提供就业岗位·履行社会责任 | ·股东会·定期报告及临时公告·日常沟通(电话、邮件、互动易平台)·投资者活动·内控审计 | ·完善薪酬福利体系·建立职业晋升,回应 | ·遵守法律法规·依法足额纳税·接受检查和监督·保护生态环境·响应国家战略·提供就业岗位·履行社会责任 | ·股东会·定期报告及临时公告·日常沟通(电话、邮件、互动易平台)·投资者活动·内控审计 | ·完善薪酬福利体系·建立职业晋升路径·开展员工关怀·职业病防护与体检·职工代表大会 | ·反商业贿赂及反贪污·客,7,002663_普邦股份_2025_ESG报告:p7:b2,table,候选块直接支持该指标；证据为同一候选块内连续逐字原文。,codex-agent-a,2026-08-23T16:18:18.785641+00:00
30,002663_普邦股份_2025_ESG报告,g_cybersecurity_governance,error,,,实施全面数据备份、常态化病毒防治、严格远程访问管控、完善应急响应机制、部署双重防火墙屏障、深化日志审计与漏洞排查。,17,002663_普邦股份_2025_ESG报告:p17:b24,found,,,"I[""深化日志审计与漏洞排查""] --> J[""网络安全风险管理核心举措""]","I[""深化日志审计与漏洞排查""] --> J[""网络安全风险管理核心举措""]",17,002663_普邦股份_2025_ESG报告:p17:b24,image,候选块直接支持该指标；证据为同一候选块内连续逐字原文。,codex-agent-a,2026-08-23T16:18:18.785641+00:00
31,002692_远程股份_2026_ESG报告,e_waste_total,error,93.52,吨,一般废弃物产生量 吨 62.58 62.28 危险废物产生量 吨 30.94 52.37,28,002692_远程股份_2026_ESG报告:p28:b4,missing,,,,,,,,候选块仅披露废弃物分项，未直接披露93.52吨总量；禁止人工加总。,codex-agent-a,2026-08-23T16:18:18.785641+00:00
32,002692_远程股份_2026_ESG报告,s_product_quality,error,,,公司制定并实施《质量管理办法》等管理制度，实现对产品生产与服务提供的全流程规范化管控。公司设立了质量管理机构，推动质量策划、控制、保证与改进。,39,002692_远程股份_2026_ESG报告:p39:b6,found,,,《中华人民共和国产品质量法》等法律法规要求，系统构建并持续完善质量管理体系。公司制定并实施《质量管理办法》《电线电缆产品质量安全管理制度》《质量管理控制程序》《不合格输出的控制、召回程序》等管理制度，实现对产品生产与服务提供的全流程规范化管,《中华人民共和国产品质量法》等法律法规要求，系统构建并持续完善质量管理体系。公司制定并实施《质量管理办法》《电线电缆产品质量安全管理制度》《质量管理控制程序》《不合格输出的控制、召回程序》等管理制度，实现对产品生产与服务提供的全流程规范化管控。公司在确保环境与职业健康安全受控的前提下，持续为客户提供高品质的产品与服务。,39,002692_远程股份_2026_ESG报告:p39:b6,paragraph,候选块直接支持该指标；证据为同一候选块内连续逐字原文。,codex-agent-a,2026-08-23T16:18:18.785641+00:00
33,002807_江阴银行_2025_ESG报告,e_ghg_total,error,"10,957.22",吨二氧化碳当量,"温室气体排放总量(范围一和范围二) | 吨二氧化碳当量 | 10,957.22",14,002807_江阴银行_2025_ESG报告:p14:b3,found,"10,957.22",吨二氧化碳当量,,"温室气体排放总量(范围一和范围二) $^{1}$ | 吨二氧化碳当量 | 10,957.22",14,002807_江阴银行_2025_ESG报告:p14:b3,table,候选块直接支持该指标；证据为同一候选块内连续逐字原文。,codex-agent-a,2026-08-23T16:18:18.785641+00:00
34,002807_江阴银行_2025_ESG报告,e_energy_total,error,"2,414.95",吨标准煤,"能源消耗总量 | 吨标准煤 | 2,414.95",19,002807_江阴银行_2025_ESG报告:p19:b17,found,"2,414.95",吨标准煤,,"能源消耗总量 $^{1}$ | 吨标准煤 | 2,414.95",19,002807_江阴银行_2025_ESG报告:p19:b17,table,候选块直接支持该指标；证据为同一候选块内连续逐字原文。,codex-agent-a,2026-08-23T16:18:18.785641+00:00
35,002807_江阴银行_2025_ESG报告,g_cybersecurity_governance,error,,,本行严格遵循《中华人民共和国网络安全法》等法律法规，制定《信息安全管理制度》《网络安全管理办法》等一系列政策制度和管理规范，构筑完善的信息安全与数据管理体系，建立信息安全事件自动预警机制。,31,002807_江阴银行_2025_ESG报告:p31:b35,found,,,人信息保护法》《中华人民共和国国家安全法》等法律法规，制定《信息安全管理制度》《网络安全管理办法》《信息资产安全管理办法》《数据安全管理办法》《数据安全事件应急管理办法》等一系列政策制度和管理规范，构筑完善的信息安全与数据管理体系，建立信息,人信息保护法》《中华人民共和国国家安全法》等法律法规，制定《信息安全管理制度》《网络安全管理办法》《信息资产安全管理办法》《数据安全管理办法》《数据安全事件应急管理办法》等一系列政策制度和管理规范，构筑完善的信息安全与数据管理体系，建立信息安全事件自动预警机制，确保公司信息基础建设、信息应用系统、产品和客户的信息安全。,31,002807_江阴银行_2025_ESG报告:p31:b35,paragraph,候选块直接支持该指标；证据为同一候选块内连续逐字原文。,codex-agent-a,2026-08-23T16:18:18.785641+00:00
36,002851_麦格米特_2025_ESG暨社会责任报告,e_waste_total,error,2098.74,吨,"有害废弃物总量 吨 152.27 无害废弃物总量 吨 1,946.47",47,002851_麦格米特_2025_ESG暨社会责任报告:p47:b0,missing,,,,,,,,"候选块仅披露一般固废1,946.47吨和危险废弃物152.27吨，未直接披露2,098.74吨总量；禁止人工加总。",codex-agent-a,2026-08-23T16:18:18.785641+00:00
37,002886_沃特股份_2025_ESG报告,s_customer_satisfaction,error,96.22,分,2025 客户满意度(分) | 96.22,26,002886_沃特股份_2025_ESG报告:p26:b33,found,96.22,分,,客户满意度(分) | 95.36 | 95.85 | 96.22,26,002886_沃特股份_2025_ESG报告:p26:b33,table,候选块直接支持该指标；证据为同一候选块内连续逐字原文。,codex-agent-a,2026-08-23T16:18:18.785641+00:00
38,00568_山东墨龙_2025_ESG报告,g_party_building,error,True,,墨龙党建 主要荣誉 先进基层党组织 共产党员示范商户 党员领春党领导头参与职工集体贡献献益活动 预备党员参与党史学习,14,00568_山东墨龙_2025_ESG报告:p14:b2,found,true,,党员领春党领导头参与职工集体贡献献益活动,党员领春党领导头参与职工集体贡献献益活动,14,00568_山东墨龙_2025_ESG报告:p14:b2,image,候选块直接支持该指标；证据为同一候选块内连续逐字原文。,codex-agent-a,2026-08-23T16:18:18.785641+00:00
39,01432_中国圣牧_2025_ESG报告,g_anti_corruption,error,true,,公司高度重視廉政建設及反腐敗反貪汙工作，設立紀檢部門貫徹落實關於反腐敗工作的各項要求制定《禮品禮金管理辦法》《業務招待費用管理制度》等一系列制度規範,14,01432_中国圣牧_2025_ESG报告:p14:b12,found,true,,公司高度重視廉政建設及反腐敗反貪汙工作，設立紀檢部門貫徹落實關於反腐敗工作的各項要求制定《禮品禮金管理辦法》《業務招待費用管理制度》《員工投資入股行為規範》《企業紀律處分工作辦法》等一系列制度規範，嚴令禁止公司員工接受任何形式的回扣、仲介費,公司高度重視廉政建設及反腐敗反貪汙工作，設立紀檢部門貫徹落實關於反腐敗工作的各項要求制定《禮品禮金管理辦法》《業務招待費用管理制度》《員工投資入股行為規範》《企業紀律處分工作辦法》等一系列制度規範，嚴令禁止公司員工接受任何形式的回扣、仲介費、好處費、禮品等饋贈，並要求管理層人員不得利用職務便利為親屬及特定關係人謀取私利,14,01432_中国圣牧_2025_ESG报告:p14:b12,paragraph,候选块直接支持该指标；证据为同一候选块内连续逐字原文。,codex-agent-a,2026-08-23T16:18:18.785641+00:00
40,02402_亿华通_2025_ESG报告,s_data_security,error,true,,客户数据与隐私管理...已证实的信息安全事件数量,11,02402_亿华通_2025_ESG报告:p11:b5,found,true,,客戶 | 產品安全與質量客戶關係管理客戶隱私保護產業合作與發展反商業賄賂及反腐敗 | 客戶數據與隱私管理提供優質和安全的產品優化服務全流程,客戶 | 產品安全與質量客戶關係管理客戶隱私保護產業合作與發展反商業賄賂及反腐敗 | 客戶數據與隱私管理提供優質和安全的產品優化服務全流程,11,02402_亿华通_2025_ESG报告:p11:b5,table,候选块直接支持该指标；证据为同一候选块内连续逐字原文。,codex-agent-a,2026-08-23T16:18:18.785641+00:00
41,02402_亿华通_2025_ESG报告,g_anti_corruption,error,true,,GRI 205: 反腐败 2016 205-2 | 反腐败政策和程序的传达及培训 | 商业道德建设 205-3 | 经确认的腐败事件和采取的行动 | 商业道德建设,59,02402_亿华通_2025_ESG报告:p59:b1,found,true,,GRI 205: 反腐敗 2016,GRI 205: 反腐敗 2016,59,02402_亿华通_2025_ESG报告:p59:b1,table,候选块直接支持该指标；证据为同一候选块内连续逐字原文。,codex-agent-a,2026-08-23T16:18:18.785641+00:00
42,06198_青岛港_2025_ESG报告,g_risk_management,error,true,,董事會決策機構，指導公司內部控制系統的建設和實施。審計委員會審查監督公司內部控制系統運行情況。,18,06198_青岛港_2025_ESG报告:p18:b8,found,true,,"A[""董事會\n決策機構，指導公司內部控制系統的建設和實施。""] --> B[""審計委員會\n審查監督公司內部控制系統運行情況。""]","A[""董事會\n決策機構，指導公司內部控制系統的建設和實施。""] --> B[""審計委員會\n審查監督公司內部控制系統運行情況。""]",18,06198_青岛港_2025_ESG报告:p18:b8,image,候选块直接支持该指标；证据为同一候选块内连续逐字原文。,codex-agent-a,2026-08-23T16:18:18.785641+00:00
43,06810_商米科技-Ｗ_2025_ESG报告,s_data_security,error,true,,依据《信息安全等级保护管理办法》的有关规定，上海商米科技集团股份有限公司单位的：商米官网系统 第二级 予以备案。,38,06810_商米科技-Ｗ_2025_ESG报告:p38:b2,found,true,,依据《信息安全等级保护管理办法》的有关规定，上海商米科技集团股份有限公司单位的：,依据《信息安全等级保护管理办法》的有关规定，上海商米科技集团股份有限公司单位的：,38,06810_商米科技-Ｗ_2025_ESG报告:p38:b2,image,候选块直接支持该指标；证据为同一候选块内连续逐字原文。,codex-agent-a,2026-08-23T16:18:18.785641+00:00
44,06810_商米科技-Ｗ_2025_ESG报告,g_stakeholder_communication,error,,,利益相關方溝通方式：股東/投資者·企業年報、中期報告與公告·股東會·業績說明會·投資者見面會·電話、郵件、網站意見回饋平臺；商戶與企業·大客戶關係·客戶滿意度調查·全球服務網絡·展會、論壇、峰會等活動·網站及社交媒體；開發者/管道商/供應商/承包商·採購活動·網站、社交媒體·夥伴大會·共創與賦能·培訓與評估；員工·職工大會/職工代表大會·新員工入職培訓·定期溝通與培訓·組織活力調研·心社區(內部溝通平臺)·CEO意見箱、內部申訴郵件、電話；政府/監管機構·日常溝通彙報·專題調研與現場會·會議、論壇交流·標準、政策制定、意見回饋·網站、社交媒體；NGOs/國際組織/專業機構·論壇/峰會活動·可持續發展合作專案·來訪接待與訪談；社區·走訪與現場調研·意見回饋·網路、社交媒體；媒體/意見領袖/行業組織·論壇/峰會活動·來訪接待與訪談·網站、社交媒體；環境組織·低碳宣傳·生態環保公益志願活動·環境相關運營數據披露,12,06810_商米科技-Ｗ_2025_ESG报告:p12:b9,found,,,股東/投資者 | ·經濟貢獻與權益保障·公司治理與風險管理·可持續供應鏈·應對氣候變化·產品品質與安全·數據安全與隱私合規·研發創新·數位化與AI賦能·商業道德 | ·企業年報、中期報告與公告·股東會·業績說明會·投資者見面會·電話、郵件、,股東/投資者 | ·經濟貢獻與權益保障·公司治理與風險管理·可持續供應鏈·應對氣候變化·產品品質與安全·數據安全與隱私合規·研發創新·數位化與AI賦能·商業道德 | ·企業年報、中期報告與公告·股東會·業績說明會·投資者見面會·電話、郵件、網站意見回饋平臺,12,06810_商米科技-Ｗ_2025_ESG报告:p12:b9,table,候选块直接支持该指标；证据为同一候选块内连续逐字原文。,codex-agent-a,2026-08-23T16:18:18.785641+00:00
45,06810_商米科技-Ｗ_2025_ESG报告,g_anti_corruption,error,true,,GRI 205-1 已進行腐敗風險評估的運營點 今年開展了廉潔 / 反貪腐內部風險評估的子公司百分比 100%。GRI 205-2 反腐敗政策和程式的傳達及培訓 員工簽署廉潔承諾書 / 簽收廉潔告知函的人數 1263。,66,06810_商米科技-Ｗ_2025_ESG报告:p66:b2,found,true,,今年開展了廉潔 / 反貪腐內部風險評估的子公司百分比 | % | 100% | 100%,今年開展了廉潔 / 反貪腐內部風險評估的子公司百分比 | % | 100% | 100%,66,06810_商米科技-Ｗ_2025_ESG报告:p66:b2,table,候选块直接支持该指标；证据为同一候选块内连续逐字原文。,codex-agent-a,2026-08-23T16:18:18.785641+00:00
46,09668_渤海银行_2025_ESG暨社会责任报告,s_employee_rights,error,,,本行認真落實以職代會為基本形式的民主管理制度，依託工會組織促進廣大員工充分參與企業民主管理，合力構建和諧勞動關係。,87,09668_渤海银行_2025_ESG暨社会责任报告:p87:b7,found,,,本行認真落實以職代會為基本形式的民主管理制度，依託工會組織促進廣大員工充分參與企業民主管理，各級職工代表有序參與公司治理，合力構建和諧勞動關係。,本行認真落實以職代會為基本形式的民主管理制度，依託工會組織促進廣大員工充分參與企業民主管理，各級職工代表有序參與公司治理，合力構建和諧勞動關係。,87,09668_渤海银行_2025_ESG暨社会责任报告:p87:b7,paragraph,候选块直接支持该指标；证据为同一候选块内连续逐字原文。,codex-agent-a,2026-08-23T16:18:18.785641+00:00
47,300035_中科电气_2025_ESG报告,e_nox,error,11.61,吨,氮氧化物排放总量 | 吨 | 11.61 | 4.95,38,300035_中科电气_2025_ESG报告:p38:b10,found,11.61,吨,,氮氧化物排放总量 $^{5}$ | 吨 | 11.61 | 4.95,38,300035_中科电气_2025_ESG报告:p38:b10,table,候选块直接支持该指标；证据为同一候选块内连续逐字原文。,codex-agent-a,2026-08-23T16:18:18.785641+00:00
48,300035_中科电气_2025_ESG报告,e_particulate,error,2.65,吨,颗粒物排放总量 | 吨 | 2.65 | 19.14,38,300035_中科电气_2025_ESG报告:p38:b10,found,2.65,吨,,颗粒物排放总量 $^{6}$ | 吨 | 2.65 | 19.14,38,300035_中科电气_2025_ESG报告:p38:b10,table,候选块直接支持该指标；证据为同一候选块内连续逐字原文。,codex-agent-a,2026-08-23T16:18:18.785641+00:00
49,300035_中科电气_2025_ESG报告,s_supplier,error,true,,制定《供应商管理控制程序》《招标管理制度》等内部管理制度文件，对供应商准入、分类、评价、审计、质量控制、风险管理与廉洁管理等关键环节进行全面管理,49,300035_中科电气_2025_ESG报告:p49:b3,found,true,,及其他运营所在地相关法律法规之要求，制定《供应商管理控制程序》《招标管理制度》《负责任供应链尽职调查管理体系》等内部管理制度文件，对供应商准入、分类、评价、审计、质量控制、风险管理与廉洁管理等关键环节进行全面管理，持续完善供应商全生命周期管,及其他运营所在地相关法律法规之要求，制定《供应商管理控制程序》《招标管理制度》《负责任供应链尽职调查管理体系》等内部管理制度文件，对供应商准入、分类、评价、审计、质量控制、风险管理与廉洁管理等关键环节进行全面管理，持续完善供应商全生命周期管理体系。2025年，公司细化《供应商管理控制程序》对原料供应的合规性、一致性提出,49,300035_中科电气_2025_ESG报告:p49:b3,paragraph,候选块直接支持该指标；证据为同一候选块内连续逐字原文。,codex-agent-a,2026-08-23T16:18:18.785641+00:00
50,300035_中科电气_2025_ESG报告,s_human_rights,error,true,,制定《禁止强迫劳动和保障自由制度》《禁止使用童工及童工救济制度》《无歧视、无骚扰、无虐待制度》等专项制度,54,300035_中科电气_2025_ESG报告:p54:b4,found,true,,我们构建公平、包容的职场环境，制定《工作时间控制制度》《禁止强迫劳动和保障自由制度》《禁止使用童工及童工救济制度》《无歧视、无骚扰、无虐待制度》及《女工与未成年工保护制度》等专项制度，全面禁止在招聘、晋升、调薪、培训等各环节发生基于年龄、信,我们构建公平、包容的职场环境，制定《工作时间控制制度》《禁止强迫劳动和保障自由制度》《禁止使用童工及童工救济制度》《无歧视、无骚扰、无虐待制度》及《女工与未成年工保护制度》等专项制度，全面禁止在招聘、晋升、调薪、培训等各环节发生基于年龄、信仰、民族、种族、肤色、宗教、性别、国籍、残障、服役经历等任何法律禁止因素的歧视或,54,300035_中科电气_2025_ESG报告:p54:b4,paragraph,候选块直接支持该指标；证据为同一候选块内连续逐字原文。,codex-agent-a,2026-08-23T16:18:18.785641+00:00
51,300149_睿智医药_2025_ESG报告,e_waste_total,error,1080.10,吨,"有害废弃物总量 吨 1,050.30 无害废弃物总量 吨 29.80",40,300149_睿智医药_2025_ESG报告:p40:b0,missing,,,,,,,,"候选块未直接披露1,080.10吨废弃物总量，该值属于分项推算；禁止人工加总。",codex-agent-a,2026-08-23T16:18:18.785641+00:00
52,300149_睿智医药_2025_ESG报告,s_work_injury,error,0.23%,%,工伤率 0.23%,30,300149_睿智医药_2025_ESG报告:p30:b3,found,0.23%,%,,"公司员工体检覆盖率 | 职业病体检覆盖率 | 工伤险投入金额 | 工伤率 
100% | 100% | 87.5万元 | 0.23%",30,300149_睿智医药_2025_ESG报告:p30:b3,table,候选块直接支持该指标；证据为同一候选块内连续逐字原文。,codex-agent-a,2026-08-23T16:18:18.785641+00:00
53,300149_睿智医药_2025_ESG报告,s_research_development,error,"5,984.17",万元,"| 指标 | 单位 | 2024年 | 2025年 研发 | 研发投入 | 万元 | 5,955.09 | 5,984.17",40,300149_睿智医药_2025_ESG报告:p40:b0,found,"5,984.17",万元,,"研发 | 研发投入 | 万元 | 5,955.09 | 5,984.17",40,300149_睿智医药_2025_ESG报告:p40:b0,table,候选块直接支持该指标；证据为同一候选块内连续逐字原文。,codex-agent-a,2026-08-23T16:18:18.785641+00:00
54,300149_睿智医药_2025_ESG报告,s_human_rights,error,true,,公司严格遵守《劳动法》等法律法规，制定《反强迫劳动与合规用工管理制度》等内部制度，确保员工健康和安全的工作环境。,26,300149_睿智医药_2025_ESG报告:p26:b6,found,true,,公司严格遵守《劳动法》《劳动合同法》《妇女权益保障法》《禁止使用童工规定》等法律法规，制定并持续完善《招聘管理制度》《人才推荐奖励管理细则》《员工手册》《反强迫劳动与合规用工管理制度》等内部制度，确保员工健康和安全的工作环境。,公司严格遵守《劳动法》《劳动合同法》《妇女权益保障法》《禁止使用童工规定》等法律法规，制定并持续完善《招聘管理制度》《人才推荐奖励管理细则》《员工手册》《反强迫劳动与合规用工管理制度》等内部制度，确保员工健康和安全的工作环境。,26,300149_睿智医药_2025_ESG报告:p26:b6,paragraph,候选块直接支持该指标；证据为同一候选块内连续逐字原文。,codex-agent-a,2026-08-23T16:18:18.785641+00:00
55,300149_睿智医药_2025_ESG报告,g_independent_director_ratio,error,50,%,董事会成员人数 人 6 6 独立董事人数 人 3 3,40,300149_睿智医药_2025_ESG报告:p40:b1,missing,,,,,,,,候选块披露董事及独立董事人数，但未直接披露50%比例；禁止人工计算比例。,codex-agent-a,2026-08-23T16:18:18.785641+00:00
56,300212_易华录_2025_ESG报告,s_compensation_benefits,error,,,完善薪酬福利体系...员工福利体系：法定福利、津贴福利、健康福利、工会福利、休假福利...为女职工提供公平的...薪酬福利...机会。,38,300212_易华录_2025_ESG报告:p38:b10,found,,,"法定福利\n社会保险\n住房公积金""] --> B[""津贴福利\n资质类证书补贴\n高温津贴\n交通补贴\n工作餐补贴","法定福利\n社会保险\n住房公积金""] --> B[""津贴福利\n资质类证书补贴\n高温津贴\n交通补贴\n工作餐补贴",38,300212_易华录_2025_ESG报告:p38:b10,image,候选块直接支持该指标；证据为同一候选块内连续逐字原文。,codex-agent-a,2026-08-23T16:18:18.785641+00:00
57,300212_易华录_2025_ESG报告,g_anti_corruption,error,true,,公司严格遵守《关于禁止商业贿赂行为的暂行规定》等法律法规，制定《领导干部廉洁自律学习办法》等制度，建立以纪委为核心的监督管理体系，常态化开展反商业贿赂宣贯。,18,300212_易华录_2025_ESG报告:p18:b15,found,true,,公司严格遵守《关于禁止商业贿赂行为的暂行规定》等法律法规，制定《领导干部廉洁自律学习办法》《领导干部述职述廉办法》等制度，坚持制度约束、教育引导与监督问责相结合，强化重点领域和关键岗位廉洁风险管控。公司建立以纪委为核心的监督管理体系，聚焦“,公司严格遵守《关于禁止商业贿赂行为的暂行规定》等法律法规，制定《领导干部廉洁自律学习办法》《领导干部述职述廉办法》等制度，坚持制度约束、教育引导与监督问责相结合，强化重点领域和关键岗位廉洁风险管控。公司建立以纪委为核心的监督管理体系，聚焦“一把手”及领导班子成员履职用权关键环节细化监督举措，通过签署合规廉洁承诺、常态化,18,300212_易华录_2025_ESG报告:p18:b15,paragraph,候选块直接支持该指标；证据为同一候选块内连续逐字原文。,codex-agent-a,2026-08-23T16:18:18.785641+00:00
58,300261_雅本化学_2025_ESG报告,e_ghg_total,error,"69,477.00",吨二氧化碳当量,"2025年 温室气体排放总量(范围1&2)(吨二氧化碳当量) | 69,477.00",25,300261_雅本化学_2025_ESG报告:p25:b26,found,"69,477.00",吨二氧化碳当量,,"温室气体排放总量(范围1&2)(吨二氧化碳当量) | 85,021.70 | 69,477.00",25,300261_雅本化学_2025_ESG报告:p25:b26,table,候选块直接支持该指标；证据为同一候选块内连续逐字原文。,codex-agent-a,2026-08-23T16:18:18.785641+00:00
59,300261_雅本化学_2025_ESG报告,g_audit_committee,error,true,,"监督层 | 董事会及其审计委员会 | · 审计委员会:在董事会授权下,负责监督及评估内外部审计工作与内部控制的有效性",43,300261_雅本化学_2025_ESG报告:p43:b6,found,true,,"监督层 | 董事会及其审计委员会 | · 董事会:对公司内部控制制度的建立健全和有效实施承担最终责任。· 审计委员会:在董事会授权下,负责监督及评估内外部审计工作与内部控制的有效性;领导并督导审计部的工作,审阅其报告,就内部控制有效性出具评","监督层 | 董事会及其审计委员会 | · 董事会:对公司内部控制制度的建立健全和有效实施承担最终责任。· 审计委员会:在董事会授权下,负责监督及评估内外部审计工作与内部控制的有效性;领导并督导审计部的工作,审阅其报告,就内部控制有效性出具评估意见。",43,300261_雅本化学_2025_ESG报告:p43:b6,table,候选块直接支持该指标；证据为同一候选块内连续逐字原文。,codex-agent-a,2026-08-23T16:18:18.785641+00:00
60,300376_易事特_2025_可持续发展报告,s_training,error,"24,523",人次,"接受培训总人次 | 人次 | 8,465 | 23,993 | 24,523 员工培训覆盖率(员工培训参与率) | % | 100 | 100 | 100 每名员工每年接受培训平均时长 | 小时/人 | 58.05 | 30.23 | 30.63",60,300376_易事特_2025_可持续发展报告:p60:b1,found,"24,523",人次,,"接受培训总人次 | 人次 | 8,465 | 23,993 | 24,523",60,300376_易事特_2025_可持续发展报告:p60:b1,table,候选块直接支持该指标；证据为同一候选块内连续逐字原文。,codex-agent-a,2026-08-23T16:18:18.785641+00:00
61,300597_吉大通信_2025_ESG报告,g_cybersecurity_governance,error,,,公司建立了完善的信息安全管理体系，通过制定并实施《吉大通信信息安全、信息技术服务管理手册》《吉大通信网络安全管理规范》等一系列制度文件，为信息安全工作提供坚实的制度保障。,60,300597_吉大通信_2025_ESG报告:p60:b17,found,,,公司建立了完善的信息安全管理体系，通过制定并实施《吉大通信信息安全、信息技术服务管理手册》《吉大通信网络安全管理规范》《吉大通信信息安全事件管理规范》《吉大通信数据安全管理规范》等一系列制度文件，为信息安全工作提供坚实的制度保障。,公司建立了完善的信息安全管理体系，通过制定并实施《吉大通信信息安全、信息技术服务管理手册》《吉大通信网络安全管理规范》《吉大通信信息安全事件管理规范》《吉大通信数据安全管理规范》等一系列制度文件，为信息安全工作提供坚实的制度保障。,60,300597_吉大通信_2025_ESG报告:p60:b17,paragraph,候选块直接支持该指标；证据为同一候选块内连续逐字原文。,codex-agent-a,2026-08-23T16:18:18.785641+00:00
62,300832_新产业_2025_ESG报告,g_materiality_assessment,error,,,重要性议题矩阵：负责任营销、职业健康与安全、信息安全与隐私保护等议题在影响重要性和财务重要性上均被评估为高或中等级别。,10,300832_新产业_2025_ESG报告:p10:b0,found,,,| ⑫ 负责任营销<br>⑮ 职业健康与安全<br>⑬ 信息安全与隐私保护 | 高 | 高 |,| ⑫ 负责任营销<br>⑮ 职业健康与安全<br>⑬ 信息安全与隐私保护 | 高 | 高 |,10,300832_新产业_2025_ESG报告:p10:b0,chart,候选块直接支持该指标；证据为同一候选块内连续逐字原文。,codex-agent-a,2026-08-23T16:18:18.785641+00:00
63,300834_星辉环材_2025_ESG报告,g_esg_governance,error,true,,ESG管理架构：董事会决策层全面决策公司与ESG相关的重大事项...战略委员会管理层负责统筹协调...证券部执行层负责执行ESG报告的信息采集...,9,300834_星辉环材_2025_ESG报告:p9:b6,found,true,,"Level11[""全面决策公司与ESG相关的重大事项，统筹公司与ESG相关议题的资源配置，监督公司ESG治理实践的落地，负责审议和批准公司的ESG管理制度，审定公司ESG相关披露文件。""]","Level11[""全面决策公司与ESG相关的重大事项，统筹公司与ESG相关议题的资源配置，监督公司ESG治理实践的落地，负责审议和批准公司的ESG管理制度，审定公司ESG相关披露文件。""]",9,300834_星辉环材_2025_ESG报告:p9:b6,image,候选块直接支持该指标；证据为同一候选块内连续逐字原文。,codex-agent-a,2026-08-23T16:18:18.785641+00:00
64,300982_苏文电能_2025_ESG报告,s_safety,error,,,苏文电能高度重视安全生产工作，严格遵守《中华人民共和国安全生产法》等相关法律法规，制定《EHS 综合管理手册》《安全生产管理规定》等制度文件，建立安全生产管理体系并落实安全责任制。,60,300982_苏文电能_2025_ESG报告:p60:b2,found,,,安全生产工作，严格遵守《中华人民共和国安全生产法》《中华人民共和国消防法》《中华人民共和国职业病防治法》等相关法律法规，制定《EHS 综合管理手册》《安全生产管理规定》等制度文件，建立安全生产管理体系并落实安全责任制。公司成立安全管理委员会,安全生产工作，严格遵守《中华人民共和国安全生产法》《中华人民共和国消防法》《中华人民共和国职业病防治法》等相关法律法规，制定《EHS 综合管理手册》《安全生产管理规定》等制度文件，建立安全生产管理体系并落实安全责任制。公司成立安全管理委员会，法定代表人担任安全生产第一责任人，全面统筹推进职业病防治及各项安全生产相关工作,60,300982_苏文电能_2025_ESG报告:p60:b2,paragraph,候选块直接支持该指标；证据为同一候选块内连续逐字原文。,codex-agent-a,2026-08-23T16:18:18.785641+00:00
65,300982_苏文电能_2025_ESG报告,g_materiality_assessment,error,,,公司根据《深圳证券交易所上市公司自律监管指引第17号——可持续发展报告（试行）》《GRI3：实质性议题》等国内外披露标准的评估方法，按照双重重要性评估流程，从“财务重要性”及“影响重要性”两个维度开展议题分析，共鉴别出23项重要性议题，并在报告中予以回应。,15,300982_苏文电能_2025_ESG报告:p15:b1,found,,,3：实质性议题》《国际财务报告可持续披露准则第1号——可持续相关财务信息披露一般要求》（IFRSS1）等国内外披露标准的评估方法，按照双重重要性评估流程，从“财务重要性”及“影响重要性”两个维度开展议题分析，共鉴别出23项重要性议题，其中双,3：实质性议题》《国际财务报告可持续披露准则第1号——可持续相关财务信息披露一般要求》（IFRSS1）等国内外披露标准的评估方法，按照双重重要性评估流程，从“财务重要性”及“影响重要性”两个维度开展议题分析，共鉴别出23项重要性议题，其中双重重要性议题4项，财务重要性议题5项，影响重要性议题12项，并在报告中予以回应。,15,300982_苏文电能_2025_ESG报告:p15:b1,paragraph,候选块直接支持该指标；证据为同一候选块内连续逐字原文。,codex-agent-a,2026-08-23T16:18:18.785641+00:00
66,301019_宁波色母_2025_可持续发展报告,s_product_quality,error,,,公司致力于为客户提供优质的产品与服务，坚持产品全生命周期质量管理，制定《化学有害物质管理手册》《不合格品管制程序》等多项产品质量相关管理制度，按照产品标准从设计研发、原材料采购、生产，到成品检测、仓储、交付，开展质量监督管理。,31,301019_宁波色母_2025_可持续发展报告:p31:b0,found,,,化学有害物质管理手册》《不合格品管制程序》《产品设计开发程序》《客户满意度调查控制程序》《客户投诉处理程序》等多项产品质量相关管理制度，按照产品标准从设计研发、原材料采购、生产，到成品检测、仓储、交付，开展质量监督管理，层层把关，严格落实质,化学有害物质管理手册》《不合格品管制程序》《产品设计开发程序》《客户满意度调查控制程序》《客户投诉处理程序》等多项产品质量相关管理制度，按照产品标准从设计研发、原材料采购、生产，到成品检测、仓储、交付，开展质量监督管理，层层把关，严格落实质量管控，确保交付产品符合相关规定与客户要求。公司持续完善质量管理体系与生产批次追,31,301019_宁波色母_2025_可持续发展报告:p31:b0,list,候选块直接支持该指标；证据为同一候选块内连续逐字原文。,codex-agent-a,2026-08-23T16:18:18.785641+00:00
67,301073_君亭酒店_2025_ESG报告,g_materiality_assessment,error,,,报告期内，君亭酒店集团依据《深圳证券交易所上市公司自律监管指引第17号——可持续发展报告（试行）》等相关标准，全面开展双重重要性评估工作。,14,301073_君亭酒店_2025_ESG报告:p14:b2,found,,,报告期内，君亭酒店集团依据《深圳证券交易所上市公司自律监管指引第17号——可持续发展报告（试行）》（以下简称《指引》）等相关标准，全面开展双重重要性评估工作。通过从“影响重要性”和“财务重要性”两个维度进行深入分析，系统地评估了ESG议题对,报告期内，君亭酒店集团依据《深圳证券交易所上市公司自律监管指引第17号——可持续发展报告（试行）》（以下简称《指引》）等相关标准，全面开展双重重要性评估工作。通过从“影响重要性”和“财务重要性”两个维度进行深入分析，系统地评估了ESG议题对公司经济、环境和社会的潜在影响，同时充分考虑了各利益相关方的观点和期望，形成重要,14,301073_君亭酒店_2025_ESG报告:p14:b2,paragraph,候选块直接支持该指标；证据为同一候选块内连续逐字原文。,codex-agent-a,2026-08-23T16:18:18.785641+00:00
68,301308_江波龙_2025_ESG报告,s_employee_total,error,"4,040",人,"社会 | 员工多元化与包容 | | 雇员总数 | 人 | 4,040",78,301308_江波龙_2025_ESG报告:p78:b1,found,"4,040",人,,"雇员总数 | 人 | 4,040",78,301308_江波龙_2025_ESG报告:p78:b1,table,候选块直接支持该指标；证据为同一候选块内连续逐字原文。,codex-agent-a,2026-08-23T16:18:18.785641+00:00
69,301308_江波龙_2025_ESG报告,e_ghg_scope2,error,"52,223.99",公吨二氧化碳当量,"范围二温室气体排放量 | 公吨二氧化碳当量 | 52,223.99",78,301308_江波龙_2025_ESG报告:p78:b1,found,"52,223.99",公吨二氧化碳当量,,"$范围二温室气体排放量^7$ | 公吨二氧化碳当量 | 52,223.99",78,301308_江波龙_2025_ESG报告:p78:b1,table,候选块直接支持该指标；证据为同一候选块内连续逐字原文。,codex-agent-a,2026-08-23T16:18:18.785641+00:00
70,301370_国科恒泰_2025_ESG报告,s_employee_rights,error,,,员工期望与诉求：多元化与平等民主管理公平薪酬福利体系员工职业发展职业健康安全。沟通与回应方式：保障员工权益倡导民主管理加强员工沟通开展员工培训保护员工健康。,11,301370_国科恒泰_2025_ESG报告:p11:b2,found,,,员工 | 多元化与平等民主管理公平薪酬福利体系员工职业发展职业健康安全 | 保障员工权益倡导民主管理加强员工沟通开展员工培训保护员工健康,员工 | 多元化与平等民主管理公平薪酬福利体系员工职业发展职业健康安全 | 保障员工权益倡导民主管理加强员工沟通开展员工培训保护员工健康,11,301370_国科恒泰_2025_ESG报告:p11:b2,table,候选块直接披露该指标，证据为同一候选块中的连续逐字原文。,codex-agent-b,2026-08-23T16:18:18.785641+00:00
71,301370_国科恒泰_2025_ESG报告,s_supplier,error,true,,公司制定了《供应商资格审核管理办法》《采购预算与计划管理制度》等管理办法，形成了从供应商筛选、采购计划制定到订单执行的全链条管理体系。,33,301370_国科恒泰_2025_ESG报告:p33:b1,found,true,,公司制定了《供应商资格审核管理办法》《采购预算与计划管理制度》《采购订单执行及交期管理制度》《非业务采购管理制度》《非业务供应商管理制度》等管理办法，形成了从供应商筛选、采购计划制定到订单执行的全链条管理体系，为公司的稳健发展奠定了坚实基础。供应链运营中心作为供应链管理主责部门，通过高效整合内外部资源，确保供应链的顺畅运行与持续优化。,公司制定了《供应商资格审核管理办法》《采购预算与计划管理制度》《采购订单执行及交期管理制度》《非业务采购管理制度》《非业务供应商管理制度》等管理办法，形成了从供应商筛选、采购计划制定到订单执行的全链条管理体系，为公司的稳健发展奠定了坚实基础。供应链运营中心作为供应链管理主责部门，通过高效整合内外部资源，确保供应链的顺畅运行与持续优化。,33,301370_国科恒泰_2025_ESG报告:p33:b1,paragraph,候选块直接披露该指标，证据为同一候选块中的连续逐字原文。,codex-agent-b,2026-08-23T16:18:18.785641+00:00
72,301522_上大股份_2025_ESG报告,e_waste_total,error,29182.37,吨,"有害废弃物总量 | 吨 | 3.35 无害废弃物总量 | 吨 | 25,829.02",45,301522_上大股份_2025_ESG报告:p45:b3,missing,,,,,,,,"候选仅分别披露有害与无害废弃物，29,182.37 吨是跨分项计算值，并非候选块明确列示的废弃物总量。",codex-agent-b,2026-08-23T16:18:18.785641+00:00
73,301599_理奇智能_2025_ESG报告,s_data_security,error,true,,公司设立了专门的信息安全责任部门，并制定了《商业秘密管理程序》《个人信息保护管理策略》《数据安全管理程序》等一系列制度，构建了覆盖数据全生命周期的管理体系。,16,301599_理奇智能_2025_ESG报告:p16:b24,found,true,,公司设立了专门的信息安全责任部门，并制定了《商业秘密管理程序》《个人信息保护管理策略》《数据安全管理程序》《信息安全合规性管理程序》《文件管理程序》等一系列制度，构建了覆盖数据全生命周期的管理体系。,公司设立了专门的信息安全责任部门，并制定了《商业秘密管理程序》《个人信息保护管理策略》《数据安全管理程序》《信息安全合规性管理程序》《文件管理程序》等一系列制度，构建了覆盖数据全生命周期的管理体系。,16,301599_理奇智能_2025_ESG报告:p16:b24,paragraph,候选块直接披露该指标，证据为同一候选块中的连续逐字原文。,codex-agent-b,2026-08-23T16:18:18.785641+00:00
74,600009_上海机场_2025_ESG报告,g_party_building,error,true,,上海机场坚持和加强党的全面领导，推进全面从严治党向纵深发展，以高质量党建为加快建设全方位门户复合型国际航空枢纽提供坚强政治保证和组织保证。,12,600009_上海机场_2025_ESG报告:p12:b2,found,true,,上海机场各级党组织健全党委领导作用发挥的制度机制，进一步规范工作流程，在新一轮国资国企改革中切实把方向、管大局、保落实，推动党的领导全面嵌入企业治理各环节、全过程。,上海机场各级党组织健全党委领导作用发挥的制度机制，进一步规范工作流程，在新一轮国资国企改革中切实把方向、管大局、保落实，推动党的领导全面嵌入企业治理各环节、全过程。,12,600009_上海机场_2025_ESG报告:p12:b3,paragraph,候选块直接披露该指标，证据为同一候选块中的连续逐字原文。,codex-agent-b,2026-08-23T16:18:18.785641+00:00
75,600021_上海电力_2025_ESG报告,e_air_pollutants,error,5574.15,吨,二氧化硫排放总量 吨 5063.09 5574.15 氮氧化物排放总量 吨 12498.65 11896.04 烟尘排放总量 吨 297.82 321.54,46,600021_上海电力_2025_ESG报告:p46:b2,found,5574.15,吨,,各单位三项大气污染物排放达标率99.997% | 二氧化硫排放总量5574.15吨二氧化硫排放浓度0.071克/千瓦时,21,600021_上海电力_2025_ESG报告:p21:b10,table,候选块直接披露该指标，证据为同一候选块中的连续逐字原文。,codex-agent-b,2026-08-23T16:18:18.785641+00:00
76,600021_上海电力_2025_ESG报告,e_green_office,error,true,,制定《本部大楼低碳办公行动方案》，发布《“节”尽所能，“紧”上添花》绿色办公倡议，推行无纸化办公、无纸化会议。,20,600021_上海电力_2025_ESG报告:p20:b21,found,true,,公司将绿色低碳理念融入日常办公运营全过程，制定《本部大楼低碳办公行动方案》，发布《“节”尽所能，“紧”上添花》绿色办公倡议，开展“世界环境日”“全国低碳日”等环保宣传教育活动，持续降低办公环节的资源消耗与碳排放。2025年春节期间，公司组织开展上电大厦“绿色低碳贺新春”专项节能行动，将传统节日与绿色理念有机结合，营造简约适度、绿色低碳的节日氛围。,公司将绿色低碳理念融入日常办公运营全过程，制定《本部大楼低碳办公行动方案》，发布《“节”尽所能，“紧”上添花》绿色办公倡议，开展“世界环境日”“全国低碳日”等环保宣传教育活动，持续降低办公环节的资源消耗与碳排放。2025年春节期间，公司组织开展上电大厦“绿色低碳贺新春”专项节能行动，将传统节日与绿色理念有机结合，营造简约适度、绿色低碳的节日氛围。,20,600021_上海电力_2025_ESG报告:p20:b21,paragraph,候选块直接披露该指标，证据为同一候选块中的连续逐字原文。,codex-agent-b,2026-08-23T16:18:18.785641+00:00
77,600199_金种子酒_2025_ESG报告,g_cybersecurity_governance,error,,,公司严格遵循《中华人民共和国网络安全法》等法律法规，制定了《信息安全管理办法》等制度，强化信息合规性管理，重点防控数据泄露、篡改等风险。,16,600199_金种子酒_2025_ESG报告:p16:b2,found,,,公司严格遵循《中华人民共和国网络安全法》《中华人民共和国数据安全法》等数据安全管理法律法规，制定了《信息安全管理办法》《数据管理办法》《信息系统建设安全管理办法》等制度，强化信息合规性管理，重点防控数据泄露、篡改等风险，并通过持续改进机制应对动态安全威胁。,公司严格遵循《中华人民共和国网络安全法》《中华人民共和国数据安全法》等数据安全管理法律法规，制定了《信息安全管理办法》《数据管理办法》《信息系统建设安全管理办法》等制度，强化信息合规性管理，重点防控数据泄露、篡改等风险，并通过持续改进机制应对动态安全威胁。,16,600199_金种子酒_2025_ESG报告:p16:b2,paragraph,候选块直接披露该指标，证据为同一候选块中的连续逐字原文。,codex-agent-b,2026-08-23T16:18:18.785641+00:00
78,600259_中稀有色_2025_ESG报告,g_risk_management,error,true,,风险管理举措包括风险辨识评估与应对、风险动态监控与台账管理、内审监督与评价、风险文化宣贯。,17,600259_中稀有色_2025_ESG报告:p17:b10,found,true,,"风险辨识评估与应对 | 广泛、持续收集与业务相关的内外部信息,通过风险辨识、分析、评价三个步骤开展评估,并选择规避、降低、分担或承受等相应策略进行应对。","风险辨识评估与应对 | 广泛、持续收集与业务相关的内外部信息,通过风险辨识、分析、评价三个步骤开展评估,并选择规避、降低、分担或承受等相应策略进行应对。",17,600259_中稀有色_2025_ESG报告:p17:b10,table,候选块直接披露该指标，证据为同一候选块中的连续逐字原文。,codex-agent-b,2026-08-23T16:18:18.785641+00:00
79,600261_阳光照明_2025_ESG报告,g_risk_management,error,true,,公司制定《阳光照明重大信息内部报告制度》等内部规章制度，构建内部控制体系，包括建立风险管理团队、制定风险管理计划、识别和评估风险、采取风险应对措施、监督和改进风险管理等关键环节。,13,600261_阳光照明_2025_ESG报告:p13:b3,found,true,,阳光照明始终将风险内部控制视为企业稳健发展的核心要素，予以高度重视。公司制定《阳光照明重大信息内部报告制度》《阳光照明信息披露制度》《阳光照明内幕信息保密制度》《阳光照明防范控股股东及关联方占用公司资金制度》等内部规章制度，构建内部控制体系，包括建立风险管理团队、制定风险管理计划、识别和评估风险、采取风险应对措施、监督和改进风险管理等关键环节。,阳光照明始终将风险内部控制视为企业稳健发展的核心要素，予以高度重视。公司制定《阳光照明重大信息内部报告制度》《阳光照明信息披露制度》《阳光照明内幕信息保密制度》《阳光照明防范控股股东及关联方占用公司资金制度》等内部规章制度，构建内部控制体系，包括建立风险管理团队、制定风险管理计划、识别和评估风险、采取风险应对措施、监督和改进风险管理等关键环节。,13,600261_阳光照明_2025_ESG报告:p13:b3,paragraph,候选块直接披露该指标，证据为同一候选块中的连续逐字原文。,codex-agent-b,2026-08-23T16:18:18.785641+00:00
80,600278_东方创业_2025_ESG报告,e_air_pollutants,error,9359.37,kg,"2025年物流集团大气污染物排放情况如下：指标 | 单位 | 物流集团 废气总量 | kg | 9,359.37 二氧化硫( $SO_{2}$ ) | kg | 632.99 氮氧化物( $NO_{x}$ ) | kg | 8,504.27 颗粒物(PM) | kg | 222.11",28,600278_东方创业_2025_ESG报告:p28:b12,found,9359.37,kg,,"废气总量 | kg | 9,359.37",28,600278_东方创业_2025_ESG报告:p28:b12,table,候选块直接披露该指标，证据为同一候选块中的连续逐字原文。,codex-agent-b,2026-08-23T16:18:18.785641+00:00
81,600331_宏达股份_2025_ESG报告,s_product_quality,error,,,公司质量管理架构：决策层总经理批准质量方针；监督层管理者代表组织建立IATF 16949等体系；执行层质量检测中心制定检验标准；协同层生产部门制定质量控制规范。,27,600331_宏达股份_2025_ESG报告:p27:b5,found,,,"决策层 | 总经理 | 批准公司质量方针、目标及重大质量决策;建立并落实产品质量安全主体责任的长效机制,对全公司产品质量安全负最终责任。","决策层 | 总经理 | 批准公司质量方针、目标及重大质量决策;建立并落实产品质量安全主体责任的长效机制,对全公司产品质量安全负最终责任。",27,600331_宏达股份_2025_ESG报告:p27:b5,table,候选块直接披露该指标，证据为同一候选块中的连续逐字原文。,codex-agent-b,2026-08-23T16:18:18.785641+00:00
82,600331_宏达股份_2025_ESG报告,g_business_ethics,error,True,,公司将商业道德与合规要求贯穿于采购全过程，携手合作伙伴共同推动供应链的可持续发展。,33,600331_宏达股份_2025_ESG报告:p33:b14,found,true,,宏达股份致力于构建阳光、透明、负责任的供应链生态，积极履行供应链尽责管理义务，已获得矿产供应链尽责管理评估证书。公司建立健全了从供应商准入分类、绩效考核到退出机制的全生命周期管理体系，并将商业道德与合规要求贯穿于采购全过程，携手合作伙伴共同推动供应链的可持续发展。,宏达股份致力于构建阳光、透明、负责任的供应链生态，积极履行供应链尽责管理义务，已获得矿产供应链尽责管理评估证书。公司建立健全了从供应商准入分类、绩效考核到退出机制的全生命周期管理体系，并将商业道德与合规要求贯穿于采购全过程，携手合作伙伴共同推动供应链的可持续发展。,33,600331_宏达股份_2025_ESG报告:p33:b14,paragraph,候选块直接披露该指标，证据为同一候选块中的连续逐字原文。,codex-agent-b,2026-08-23T16:18:18.785641+00:00
83,600400_红豆股份_2025_ESG报告,s_product_quality,error,,,建立了完善的产品和服务质量安全主体责任体系，严格遵循《红豆男装产品标准》，制定并执行《公司质量监督管理流程》等制度文件，实行质量安全“一票否决”。,20,600400_红豆股份_2025_ESG报告:p20:b3,found,,,公司以打造卓越品质为核心目标，目前已建立了完善的产品和服务质量安全主体责任体系，严格遵循《红豆男装产品标准》，制定并执行《公司质量监督管理流程》《外部质量抽查管理流程》《外协产品检验流程》等制度文件，以及《关于加强产品质量管理相关规定的通知》《关于开展红豆男装门店无次品活动的通知》等管理要求，明确高层领导对产品和服务质量安全负首要责任，公司首席质量官、质量主管对质量安全负直接责任，实行质量安全“一票否决”。公司严把产品质量关，从原辅料到成品全过程的质量检验，在每个生产过程中质控点设立专检人员，要求所有检验人员全部考,公司以打造卓越品质为核心目标，目前已建立了完善的产品和服务质量安全主体责任体系，严格遵循《红豆男装产品标准》，制定并执行《公司质量监督管理流程》《外部质量抽查管理流程》《外协产品检验流程》等制度文件，以及《关于加强产品质量管理相关规定的通知》《关于开展红豆男装门店无次品活动的通知》等管理要求，明确高层领导对产品和服务质量安全负首要责任，公司首席质量官、质量主管对质量安全负直接责任，实行质量安全“一票否决”。公司严把产品质量关，从原辅料到成品全过程的质量检验，在每个生产过程中质控点设立专检人员，要求所有检验人员全部考,20,600400_红豆股份_2025_ESG报告:p20:b3,paragraph,候选块直接披露该指标，证据为同一候选块中的连续逐字原文。,codex-agent-b,2026-08-23T16:18:18.785641+00:00
84,600400_红豆股份_2025_ESG报告,s_human_rights,error,true,,尊重并维护员工的各项权益，承诺不因民族、种族、年龄、性别、婚姻状况以及宗教信仰等差异给予员工不同待遇，从源头上杜绝强迫劳动、童工和女性就业歧视,25,600400_红豆股份_2025_ESG报告:p25:b7,found,true,,公司建立基于岗位胜任力模型的招聘体系，采用多元化的招聘渠道和科学的测评方法，秉承“公开、公平、公正”的招聘原则，尊重并维护员工的各项权益，承诺不因民族、种族、年龄、性别、婚姻状况以及宗教信仰等差异给予员工不同待遇，所有聘用均签订合法有效的劳动合同，从源头上杜绝强迫劳动、童工和女性就业歧视，坚决杜绝任何形式的用工违法行为与歧视行为，并为员工提供符合法律规定的假期。公司采取双向选择，择优招聘录用，避免任何形式的歧视行为，从而更多引进和留存高质量人才，强化公司实力。,公司建立基于岗位胜任力模型的招聘体系，采用多元化的招聘渠道和科学的测评方法，秉承“公开、公平、公正”的招聘原则，尊重并维护员工的各项权益，承诺不因民族、种族、年龄、性别、婚姻状况以及宗教信仰等差异给予员工不同待遇，所有聘用均签订合法有效的劳动合同，从源头上杜绝强迫劳动、童工和女性就业歧视，坚决杜绝任何形式的用工违法行为与歧视行为，并为员工提供符合法律规定的假期。公司采取双向选择，择优招聘录用，避免任何形式的歧视行为，从而更多引进和留存高质量人才，强化公司实力。,25,600400_红豆股份_2025_ESG报告:p25:b7,paragraph,候选块直接披露该指标，证据为同一候选块中的连续逐字原文。,codex-agent-b,2026-08-23T16:18:18.785641+00:00
85,600475_华光环能_2025_ESG报告,s_employee_rights,error,,,保障员工权益...劳动合同签单率 100% 社会保险覆盖率 100% 女性产后返岗率 100% 员工满意度 100%,51,600475_华光环能_2025_ESG报告:p51:b27,found,,,劳动合同签单率 | % | 100,劳动合同签单率 | % | 100,51,600475_华光环能_2025_ESG报告:p51:b27,table,候选块直接披露该指标，证据为同一候选块中的连续逐字原文。,codex-agent-b,2026-08-23T16:18:18.785641+00:00
86,600480_凌云股份_2025_ESG报告,g_cybersecurity_governance,error,,,制定了《网络安全管理办法》等制度，遵循“透明可控、用户知情”原则建立信息安全管理体系；建立信息安全应急响应机制，定期开展应急演练、内部审计和风险评估。,27,600480_凌云股份_2025_ESG报告:p27:b12,found,,,公司始终恪守《中华人民共和国网络安全法》《数据安全法》《个人信息保护法》以及所在国家或地区适用的信息安全相关法律法规，制定了《网络安全管理办法》《网络管理制度》《机房管理办法》《信息化项目管理办法》等制度，遵循“透明可控、用户知情”原则建立信息安全管理体系；按照“最小必要”原则明确信息收集使用规则，提供自主授权与撤回通道，确保个人信息处理合法合规，尤其注重对个人隐私和客户隐私的保护。报告期内，未出现客户隐私泄露事件，未发生重大网络安全事件。,公司始终恪守《中华人民共和国网络安全法》《数据安全法》《个人信息保护法》以及所在国家或地区适用的信息安全相关法律法规，制定了《网络安全管理办法》《网络管理制度》《机房管理办法》《信息化项目管理办法》等制度，遵循“透明可控、用户知情”原则建立信息安全管理体系；按照“最小必要”原则明确信息收集使用规则，提供自主授权与撤回通道，确保个人信息处理合法合规，尤其注重对个人隐私和客户隐私的保护。报告期内，未出现客户隐私泄露事件，未发生重大网络安全事件。,27,600480_凌云股份_2025_ESG报告:p27:b12,paragraph,候选块直接披露该指标，证据为同一候选块中的连续逐字原文。,codex-agent-b,2026-08-23T16:18:18.785641+00:00
87,600587_新华医疗_2025_ESG报告,s_employee_total,error,7982,人,员工总数 | 人 | 8209 | 8135 | 7982,86,600587_新华医疗_2025_ESG报告:p86:b3,found,7982,人,,$员工总数^1$ | 人 | 8209 | 8135 | 7982,86,600587_新华医疗_2025_ESG报告:p86:b3,table,候选块直接披露该指标，证据为同一候选块中的连续逐字原文。,codex-agent-b,2026-08-23T16:18:18.785641+00:00
88,600587_新华医疗_2025_ESG报告,g_business_ethics,error,true,,反商业贿赂及反贪污 | 遵守商业道德 反不正当竞争 | 遵守商业道德 风险合规管理 | 依法合规治企、遵守商业道德,88,600587_新华医疗_2025_ESG报告:p88:b3,found,true,,"声誉风险 | 供应商高成本高损耗、交期调控等治理流程低效,引发公司商业道德违规问题,可能导致公司声誉受损 | 中起长期 | 运营成本增加、品牌声誉受损 | 定期动态评估供应商,关注供应商经营信息;强化供应商商业道德规范培训与监督","声誉风险 | 供应商高成本高损耗、交期调控等治理流程低效,引发公司商业道德违规问题,可能导致公司声誉受损 | 中起长期 | 运营成本增加、品牌声誉受损 | 定期动态评估供应商,关注供应商经营信息;强化供应商商业道德规范培训与监督",44,600587_新华医疗_2025_ESG报告:p44:b4,table,候选块直接披露该指标，证据为同一候选块中的连续逐字原文。,codex-agent-b,2026-08-23T16:18:18.785641+00:00
89,600630_龙头股份_2025_ESG报告,g_stakeholder_communication,error,,,沟通机制包括：日常工作会议、专题会议、政府相关机构调研、投资者调研、股东会、互动平台沟通答疑、业绩说明会、社区共建、志愿服务活动、公益慈善。,13,600630_龙头股份_2025_ESG报告:p13:b3,found,,,"股东及投资者 | 公司治理 | 
合规及风险管理 | 
信息安全 | 信息披露 
商业道德 | 投资者调研 
创新驱动 | 股东会 
产品质量 | 互动平台沟通答疑 
供应商管理 | 业绩说明会 
负责任营销 | 
应对气候变化 | 
周边社区与环境 | 污染物与废弃物管理 | 
水资源利用 | 社区共建 
应对气候变化 | 志愿服务活动 
社会贡献与乡村振兴 | 环境信息披露 
客户服务 | 公益慈善","股东及投资者 | 公司治理 | 
合规及风险管理 | 
信息安全 | 信息披露 
商业道德 | 投资者调研 
创新驱动 | 股东会 
产品质量 | 互动平台沟通答疑 
供应商管理 | 业绩说明会 
负责任营销 | 
应对气候变化 | 
周边社区与环境 | 污染物与废弃物管理 | 
水资源利用 | 社区共建 
应对气候变化 | 志愿服务活动 
社会贡献与乡村振兴 | 环境信息披露 
客户服务 | 公益慈善",13,600630_龙头股份_2025_ESG报告:p13:b3,table,候选块直接披露该指标，证据为同一候选块中的连续逐字原文。,codex-agent-b,2026-08-23T16:18:18.785641+00:00
90,600684_珠江股份_2025_ESG暨社会责任报告,g_anti_corruption,error,true,,出台《广州珠江发展集团股份有限公司纪委监督执纪工作实施办法》等反舞弊、反腐败、反贿赂廉洁从业相关政策，明确管理干部和高风险等关键岗位人员的行为边界与责任。,42,600684_珠江股份_2025_ESG暨社会责任报告:p42:b5,found,true,,珠江股份严格落实全面从严治党要求，出台《广州珠江发展集团股份有限公司纪委监督执纪工作实施办法》《广州珠江发展集团股份有限公司纪委信访举报问题线索管理办法》等反舞弊、反腐败、反贿赂廉洁从业相关政策，明确管理干部和高风险等关键岗位人员的行为边界与责任。制定负面清单和风险点防范措施、廉洁风险防控管理手册、异地项目联合监督检查管理办法等，明确移送问题线索工作流程，深化整治“四风”突出问题。2025年珠江股份未发生商业贿赂及贪污事件。,珠江股份严格落实全面从严治党要求，出台《广州珠江发展集团股份有限公司纪委监督执纪工作实施办法》《广州珠江发展集团股份有限公司纪委信访举报问题线索管理办法》等反舞弊、反腐败、反贿赂廉洁从业相关政策，明确管理干部和高风险等关键岗位人员的行为边界与责任。制定负面清单和风险点防范措施、廉洁风险防控管理手册、异地项目联合监督检查管理办法等，明确移送问题线索工作流程，深化整治“四风”突出问题。2025年珠江股份未发生商业贿赂及贪污事件。,42,600684_珠江股份_2025_ESG暨社会责任报告:p42:b5,paragraph,候选块直接披露该指标，证据为同一候选块中的连续逐字原文。,codex-agent-b,2026-08-23T16:18:18.785641+00:00
91,600684_珠江股份_2025_ESG暨社会责任报告,g_cybersecurity_governance,error,,,珠江城市服务遵循《广州珠江城市管理服务集团股份有限公司数据安全管理制度（试行）》等内部管理制度，明确信息安全管理内容和方法、信息管理权限等规定，有效防范信息安全风险。,23,600684_珠江股份_2025_ESG暨社会责任报告:p23:b29,found,,,珠江城市服务遵循《广州珠江城市管理服务集团股份有限公司数据安全管理制度（试行）》《广州珠江城市管理服务集团股份有限公司应急预案管理办法》《广州珠江城市管理服务集团股份有限公司系统统一权限管理》等内部管理制度，明确信息安全管理内容和方法、信息管理权限等规定，有效防范信息安全风险。2025年，珠江城市服务针对“珠江惠系统”“PMS系统”已取得的二级等保证书，开展网络安全基线配置加固、客户敏感信息协议完善调整等工作，加强信息安全防护能力。,珠江城市服务遵循《广州珠江城市管理服务集团股份有限公司数据安全管理制度（试行）》《广州珠江城市管理服务集团股份有限公司应急预案管理办法》《广州珠江城市管理服务集团股份有限公司系统统一权限管理》等内部管理制度，明确信息安全管理内容和方法、信息管理权限等规定，有效防范信息安全风险。2025年，珠江城市服务针对“珠江惠系统”“PMS系统”已取得的二级等保证书，开展网络安全基线配置加固、客户敏感信息协议完善调整等工作，加强信息安全防护能力。,23,600684_珠江股份_2025_ESG暨社会责任报告:p23:b29,paragraph,候选块直接披露该指标，证据为同一候选块中的连续逐字原文。,codex-agent-b,2026-08-23T16:18:18.785641+00:00
92,600737_中粮糖业_2025_ESG报告,g_information_disclosure,error,,,- 提高信息披露透明度 - 连续获评上海证券交易所信息披露“A类”评价 - 及时、准确、全面地信息披露,10,600737_中粮糖业_2025_ESG报告:p10:b18,found,,,连续获评上海证券交易所信息披露“A类”评价,连续获评上海证券交易所信息披露“A类”评价,12,600737_中粮糖业_2025_ESG报告:p12:b2,list,候选块直接披露该指标，证据为同一候选块中的连续逐字原文。,codex-agent-b,2026-08-23T16:18:18.785641+00:00
93,600759_ST洲际_2025_ESG报告,s_employee_gender,error,17,%,按性别划分的员工比例 | 女性员工 | % | 17 | 17,35,600759_ST洲际_2025_ESG报告:p35:b5,found,17,%,,女性员工 | % | 17 | 17,35,600759_ST洲际_2025_ESG报告:p35:b5,table,候选块直接披露该指标，证据为同一候选块中的连续逐字原文。,codex-agent-b,2026-08-23T16:18:18.785641+00:00
94,600759_ST洲际_2025_ESG报告,g_esg_governance,error,true,,"2-9 | 管治架构和组成 | 1.1深化企业治理 2-12 | 在管理影响方面,最高管治机构的监督作用 | 1.1深化企业治理",41,600759_ST洲际_2025_ESG报告:p41:b4,missing,,,,,,,,候选为 GRI 章节索引，只指向一般公司治理/ESG治理章节，未在候选块中明确披露 ESG 治理架构或机制。,codex-agent-b,2026-08-23T16:18:18.785641+00:00
95,600779_水井坊_2025_ESG报告,e_green_product,error,,,机遇类型：产品和服务；机遇描述：开发低碳产品、推出绿色包装、适应消费者偏好；财务影响表现：低碳或绿色产品需求增加带来收入增长...,22,600779_水井坊_2025_ESG报告:p22:b6,found,,,产品和服务 | 开发低碳产品、推出绿色包装、适应消费者偏好 | 低碳或绿色产品需求增加带来收入增长研发和包装创新投入新产品线和知识产权价值提升 | 中长期 | 中 | 下游,产品和服务 | 开发低碳产品、推出绿色包装、适应消费者偏好 | 低碳或绿色产品需求增加带来收入增长研发和包装创新投入新产品线和知识产权价值提升 | 中长期 | 中 | 下游,22,600779_水井坊_2025_ESG报告:p22:b6,table,候选块直接披露该指标，证据为同一候选块中的连续逐字原文。,codex-agent-b,2026-08-23T16:18:18.785641+00:00
96,600779_水井坊_2025_ESG报告,s_patents,error,240,项,新获得专利数 | 项 | 1 | 3 | 未统计 累计获得专利数 | 项 | 240 | 239 | 未统计,54,600779_水井坊_2025_ESG报告:p54:b1,found,240,项,,累计获得专利数 | 项 | 240 | 239 | 未统计,54,600779_水井坊_2025_ESG报告:p54:b1,table,候选块直接披露该指标，证据为同一候选块中的连续逐字原文。,codex-agent-b,2026-08-23T16:18:18.785641+00:00
97,600779_水井坊_2025_ESG报告,s_supplier,error,true,,"供应链管理...应对措施：优化采购策略,推动绿色供应链管理",22,600779_水井坊_2025_ESG报告:p22:b5,found,true,,"转型风险 | 市场 | 原材料及能源价格波动 | ·成本波动影响产品定价与市场需求·能源及原材料采购成本上升,影响经营性现金流 | 短中期 | 高 | 上游 | 优化采购策略,推动绿色供应链管理","转型风险 | 市场 | 原材料及能源价格波动 | ·成本波动影响产品定价与市场需求·能源及原材料采购成本上升,影响经营性现金流 | 短中期 | 高 | 上游 | 优化采购策略,推动绿色供应链管理",22,600779_水井坊_2025_ESG报告:p22:b5,table,候选块直接披露该指标，证据为同一候选块中的连续逐字原文。,codex-agent-b,2026-08-23T16:18:18.785641+00:00
98,600846_同济科技_2025_ESG报告,e_fuel_consumption,error,34.37,吨,汽油消耗量 吨 31.82 32.90 34.37 柴油消耗量 吨 0.12 0.12 3.10 天然气消耗量 万立方米 0.24 0.14 0.29 液化天然气消耗量 吨 0.30 0.38 3.46,37,600846_同济科技_2025_ESG报告:p37:b1,found,34.37,吨,,汽油消耗量 $^{2}$ | 吨 | 31.82 | 32.90 | 34.37,37,600846_同济科技_2025_ESG报告:p37:b1,table,候选块直接披露该指标，证据为同一候选块中的连续逐字原文。,codex-agent-b,2026-08-23T16:18:18.785641+00:00
99,600846_同济科技_2025_ESG报告,e_waste_total,error,130950.44,吨,有害废弃物产生量 吨 17.41 一般废弃物产生量 吨 130933.03,37,600846_同济科技_2025_ESG报告:p37:b1,missing,,,,,,,,"候选仅分别披露有害与一般废弃物产生量，130,950.44 吨是人工加总值，候选未明确列示产生总量。",codex-agent-b,2026-08-23T16:18:18.785641+00:00
100,600846_同济科技_2025_ESG报告,e_biodiversity,error,true,,公司遵守《中华人民共和国野生动物保护法》等法律法规及规章制度，多措并举践行生物多样性保护，同时与致力于生物多样性保护的组织进行合作或参与相关活动，在项目中重视生物多样性保护和落实。,33,600846_同济科技_2025_ESG报告:p33:b1,found,true,,公司遵守《中华人民共和国野生动物保护法》《中华人民共和国野生植物保护条例》《中华人民共和国水生野生动物保护实施条例》《上海市野生动物保护条例》等法律法规及规章制度，多措并举践行生物多样性保护，同时与致力于生物多样性保护的组织进行合作或参与相关活动，在项目中重视生物多样性保护和落实。,公司遵守《中华人民共和国野生动物保护法》《中华人民共和国野生植物保护条例》《中华人民共和国水生野生动物保护实施条例》《上海市野生动物保护条例》等法律法规及规章制度，多措并举践行生物多样性保护，同时与致力于生物多样性保护的组织进行合作或参与相关活动，在项目中重视生物多样性保护和落实。,33,600846_同济科技_2025_ESG报告:p33:b1,paragraph,候选块直接披露该指标，证据为同一候选块中的连续逐字原文。,codex-agent-b,2026-08-23T16:18:18.785641+00:00
101,600846_同济科技_2025_ESG报告,g_business_ethics,error,true,,公司严格遵守法律法规，印发《关于加强反舞弊、反腐败、反商业贿赂建设的通知》，以廉洁管理为重心，深化商业道德建设，致力于营造健康透明的商业环境。,14,600846_同济科技_2025_ESG报告:p14:b11,found,true,,公司严格遵守《中华人民共和国反不正当竞争法》《中华人民共和国反垄断法》等法律法规，印发《关于加强反舞弊、反腐败、反商业贿赂建设的通知》，以廉洁管理为重心，深化商业道德建设，致力于营造健康透明的商业环境。公司坚决杜绝接受贿赂、回扣等不正当利益行为，从严落实纪检工作要求，并将反商业贿赂纳入监督与考核体系，层层压实廉洁从业责任。,公司严格遵守《中华人民共和国反不正当竞争法》《中华人民共和国反垄断法》等法律法规，印发《关于加强反舞弊、反腐败、反商业贿赂建设的通知》，以廉洁管理为重心，深化商业道德建设，致力于营造健康透明的商业环境。公司坚决杜绝接受贿赂、回扣等不正当利益行为，从严落实纪检工作要求，并将反商业贿赂纳入监督与考核体系，层层压实廉洁从业责任。,14,600846_同济科技_2025_ESG报告:p14:b11,paragraph,候选块直接披露该指标，证据为同一候选块中的连续逐字原文。,codex-agent-b,2026-08-23T16:18:18.785641+00:00
102,600846_同济科技_2025_ESG报告,g_investor_relations,error,,,公司依据《上市公司投资者关系管理工作指引》等法律法规，持续深化与投资者信息交流，围绕公司业绩、治理等开展互动，报告期内召开3次业绩说明会。,16,600846_同济科技_2025_ESG报告:p16:b7,found,,,公司依据《上市公司投资者关系管理工作指引》《上海证券交易所股票上市规则》等相关法律法规及规范性文件，持续深化与投资者及潜在投资者之间的信息交流，围绕公司业绩、公司治理、发展战略、经营状况等投资者关心的问题，与投资者进行互动交流和沟通，增进投资者对公司的认知与认同，推动公司诚信自律、规范运营，提升公司投资价值。报告期内，公司召开3次业绩说明会。,公司依据《上市公司投资者关系管理工作指引》《上海证券交易所股票上市规则》等相关法律法规及规范性文件，持续深化与投资者及潜在投资者之间的信息交流，围绕公司业绩、公司治理、发展战略、经营状况等投资者关心的问题，与投资者进行互动交流和沟通，增进投资者对公司的认知与认同，推动公司诚信自律、规范运营，提升公司投资价值。报告期内，公司召开3次业绩说明会。,16,600846_同济科技_2025_ESG报告:p16:b7,paragraph,候选块直接披露该指标，证据为同一候选块中的连续逐字原文。,codex-agent-b,2026-08-23T16:18:18.785641+00:00
103,600850_电科数字_2025_ESG报告,s_supplier,error,True,,利益相关方：供应商；期望与诉求：互利共赢、供应链管理；沟通与回应：供应商评估、参与行业协会活动,7,600850_电科数字_2025_ESG报告:p7:b2,found,true,,-互利共赢-供应链管理 | -供应商评估-参与行业协会活动,-互利共赢-供应链管理 | -供应商评估-参与行业协会活动,7,600850_电科数字_2025_ESG报告:p7:b2,table,候选块直接披露该指标，证据为同一候选块中的连续逐字原文。,codex-agent-b,2026-08-23T16:18:18.785641+00:00
104,600850_电科数字_2025_ESG报告,g_tax_transparency,error,,,利益相关方期望：合规经营-依法纳税；沟通与回应：恪守商业道德、遵守法律法规,7,600850_电科数字_2025_ESG报告:p7:b2,missing,,,,,,,,候选只把依法纳税列为利益相关方期望，未提供公司的税务透明、税务合规措施或实质披露。,codex-agent-b,2026-08-23T16:18:18.785641+00:00
105,600855_航天长峰_2025_ESG报告,e_waste_total,error,16.10,吨,固体废弃物处置总量 | 吨 | 16.10 危险废物处置量 | 吨 | 4.10 一般固体废物处置量 | 吨 | 12.00,49,600855_航天长峰_2025_ESG报告:p49:b7,missing,,,,,,,,候选明确列示的是固体废弃物处置总量；产生量仅分列危险和一般废物，未明确列示废弃物产生总量。,codex-agent-b,2026-08-23T16:18:18.785641+00:00
106,600884_杉杉股份_2025_ESG报告,g_anti_corruption,error,true,,GRI 205:反腐败2016 | 205-2 反腐败政策和程序的传达及培训 | 坚守商业道德 205-3 经确认的腐败事件和采取的行动 | 坚守商业道德,61,600884_杉杉股份_2025_ESG报告:p61:b0,found,true,,反商业贿赂及反贪污培训开展次数 | 次 | 58 | 72 | 3,反商业贿赂及反贪污培训开展次数 | 次 | 58 | 72 | 3,59,600884_杉杉股份_2025_ESG报告:p59:b0,table,候选块直接披露该指标，证据为同一候选块中的连续逐字原文。,codex-agent-b,2026-08-23T16:18:18.785641+00:00
107,600884_杉杉股份_2025_ESG报告,g_business_ethics,error,true,,商业道德 | 经确认的腐败事件总数 | 例 | 0 | 0 | 0 反商业贿赂及反贪污培训开展次数 | 次 | 58 | 72 | 3 签署廉洁承诺书的员工比例 | % | 100 | 100 | 100,59,600884_杉杉股份_2025_ESG报告:p59:b0,found,true,,"品牌价值机遇 | 坚持公平竞争和廉洁经营,规范商业行为,有助于赢得市场信任。 | 长期 | 高 | 有助于提升品牌溢价能力与市场竞争力,增强投资者与合作伙伴信心。 | 开展廉洁教育培训与诚信文化宣传,完善内部管理机制。","品牌价值机遇 | 坚持公平竞争和廉洁经营,规范商业行为,有助于赢得市场信任。 | 长期 | 高 | 有助于提升品牌溢价能力与市场竞争力,增强投资者与合作伙伴信心。 | 开展廉洁教育培训与诚信文化宣传,完善内部管理机制。",17,600884_杉杉股份_2025_ESG报告:p17:b10,table,候选块直接披露该指标，证据为同一候选块中的连续逐字原文。,codex-agent-b,2026-08-23T16:18:18.785641+00:00
108,600919_江苏银行_2025_可持续发展报告,s_rural_revitalization,error,,,社会 | 11 | 乡村振兴 | ✓ | ✓ | 9. 乡村振兴,11,600919_江苏银行_2025_可持续发展报告:p11:b11,found,,,"乡村振兴 | 涉农贷款余额 | 2,873 | 2,410 | | 按人民银行涉农贷款统计口径","乡村振兴 | 涉农贷款余额 | 2,873 | 2,410 | | 按人民银行涉农贷款统计口径",7,600919_江苏银行_2025_可持续发展报告:p7:b0,table,候选块直接披露该指标，证据为同一候选块中的连续逐字原文。,codex-agent-b,2026-08-23T16:18:18.785641+00:00
109,600919_江苏银行_2025_可持续发展报告,g_business_ethics,error,true,,治理 | 26 | 商业道德 | ✓ | × | 20. 反商业贿赂及反贪污21. 反不正当竞争,11,600919_江苏银行_2025_可持续发展报告:p11:b11,missing,,,,,,,,候选仅把商业道德列为议题或供应商期望，未披露公司商业道德制度、规范或实际管理措施。,codex-agent-b,2026-08-23T16:18:18.785641+00:00
110,600963_岳阳林纸_2025_ESG报告,e_cod,error,3719.76,吨,岳阳基地 化学需氧量排放量 | 吨 | 1023.76 ... 骏泰科技 化学需氧量排放量 | 吨 | 2696,24,600963_岳阳林纸_2025_ESG报告:p24:b1,missing,,,,,,,,"3,719.76 吨是岳阳基地与骏泰科技两个 COD 数值的人工加总，候选未明确列示公司 COD 总排放量。",codex-agent-b,2026-08-23T16:18:18.785641+00:00
111,600963_岳阳林纸_2025_ESG报告,s_rural_revitalization,error,,,社区与媒体期望乡村振兴...回应方式：加大社区投入、参与公益活动、响应国家号召。实质性议题分析包含乡村振兴。,16,600963_岳阳林纸_2025_ESG报告:p16:b0,found,,,乡村振兴总投入金额 | 万元 | 48.92 | 79.17,乡村振兴总投入金额 | 万元 | 48.92 | 79.17,57,600963_岳阳林纸_2025_ESG报告:p57:b1,table,候选块直接披露该指标，证据为同一候选块中的连续逐字原文。,codex-agent-b,2026-08-23T16:18:18.785641+00:00
112,600963_岳阳林纸_2025_ESG报告,g_information_disclosure,error,,,"公司制定了《公司信息披露事务管理制度》《公司内幕信息知情人登记管理制度》等制度,合规履行信息披露职责",51,600963_岳阳林纸_2025_ESG报告:p51:b9,found,,,"为切实保护投资者特别是中小投资者的合法权益,公司制定了《公司信息披露事务管理制度》《公司内幕信息知情人登记管理制度》《公司新闻宣传稿件审核把关制度》等制度,合规履行信息披露职责,帮助投资者做出客观正确的投资判断。","为切实保护投资者特别是中小投资者的合法权益,公司制定了《公司信息披露事务管理制度》《公司内幕信息知情人登记管理制度》《公司新闻宣传稿件审核把关制度》等制度,合规履行信息披露职责,帮助投资者做出客观正确的投资判断。",51,600963_岳阳林纸_2025_ESG报告:p51:b9,paragraph,候选块直接披露该指标，证据为同一候选块中的连续逐字原文。,codex-agent-b,2026-08-23T16:18:18.785641+00:00
113,600996_贵广网络_2025_ESG报告,s_product_quality,error,,,(ISO9001) 质量管理体系认证证书 (ISO10006) 项目质量管理体系认证证书,5,600996_贵广网络_2025_ESG报告:p5:b16,found,,,(ISO9001) 质量管理体系认证证书,(ISO9001) 质量管理体系认证证书,5,600996_贵广网络_2025_ESG报告:p5:b16,paragraph,候选块直接披露该指标，证据为同一候选块中的连续逐字原文。,codex-agent-b,2026-08-23T16:18:18.785641+00:00
114,601118_海南橡胶_2025_ESG报告,s_safety,error,,,公司依据 ISO 45001 职业健康安全管理体系要求，建立起包括《安全培训管理办法》《安全生产档案管理制度》等一系列制度规范公司安全管理。,34,601118_海南橡胶_2025_ESG报告:p34:b9,found,,,公司依据 ISO 45001 职业健康安全管理体系要求，建立起包括《安全培训管理办法》《安全生产档案管理制度》《生产安全事故管理制度》《安全生产信息报告与事故应急处理管理办法》《安全生产目标建设考核奖罚管理办法》《承包租赁经营安全生产管理办法》《消防安全管理办法》《全员安全生产责任制度》《安全生产费用提取和使用管理规定》《工程项目安全生产督导制度》《企业安全生产监督管理暂行办法》等一系列制度规范公司安全管理。,公司依据 ISO 45001 职业健康安全管理体系要求，建立起包括《安全培训管理办法》《安全生产档案管理制度》《生产安全事故管理制度》《安全生产信息报告与事故应急处理管理办法》《安全生产目标建设考核奖罚管理办法》《承包租赁经营安全生产管理办法》《消防安全管理办法》《全员安全生产责任制度》《安全生产费用提取和使用管理规定》《工程项目安全生产督导制度》《企业安全生产监督管理暂行办法》等一系列制度规范公司安全管理。,34,601118_海南橡胶_2025_ESG报告:p34:b9,paragraph,候选块直接披露该指标，证据为同一候选块中的连续逐字原文。,codex-agent-b,2026-08-23T16:18:18.785641+00:00
115,601555_东吴证券_2025_可持续发展报告,s_research_development,error,"52,255.67",万元人民币,"研发投入金额 | 单位 | 2023年 | 2024年 | 2025年 研发投入金额 | 万元人民币 | 44,867.06 | 45,945.38 | 52,255.67",58,601555_东吴证券_2025_可持续发展报告:p58:b2,found,"52,255.67",万元人民币,,"研发投入金额 | 万元人民币 | 44,867.06 | 45,945.38 | 52,255.67",58,601555_东吴证券_2025_可持续发展报告:p58:b2,table,候选块直接披露该指标，证据为同一候选块中的连续逐字原文。,codex-agent-b,2026-08-23T16:18:18.785641+00:00
116,601555_东吴证券_2025_可持续发展报告,g_stakeholder_communication,error,,,主要利益相关方关注议题及沟通渠道：政府及监管机构通过工作汇报与沟通；股东及投资者通过公司网站、上交所互动平台；客户通过95330热线；员工通过职工代表大会；供应商通过走访交流；社区通过公益慈善活动。,9,601555_东吴证券_2025_可持续发展报告:p9:b2,found,,,政府及监管机构 | ·应对气候变化·强化合规管理·规范商业行为·ESG尽职调查·企业文化建设 | ·全面风险管理·服务实体经济·优化公司治理·利益相关方沟通 | ·工作汇报与沟通(不定期)·监管现场检查(不定期)·座谈会、研讨会、论坛(不定期),政府及监管机构 | ·应对气候变化·强化合规管理·规范商业行为·ESG尽职调查·企业文化建设 | ·全面风险管理·服务实体经济·优化公司治理·利益相关方沟通 | ·工作汇报与沟通(不定期)·监管现场检查(不定期)·座谈会、研讨会、论坛(不定期),9,601555_东吴证券_2025_可持续发展报告:p9:b2,table,候选块直接披露该指标，证据为同一候选块中的连续逐字原文。,codex-agent-b,2026-08-23T16:18:18.785641+00:00
117,601555_东吴证券_2025_可持续发展报告,s_training,error,40.28,小时,员工人均接受培训小时数 | 小时 | 35.30 | 41.46 | 40.28,60,601555_东吴证券_2025_可持续发展报告:p60:b0,found,40.28,小时,,$员工人均接受培训小时数^2$ | 小时 | 35.30 | 41.46 | 40.28,60,601555_东吴证券_2025_可持续发展报告:p60:b0,table,候选块直接披露该指标，证据为同一候选块中的连续逐字原文。,codex-agent-b,2026-08-23T16:18:18.785641+00:00
118,601577_长沙银行_2025_可持续发展报告,e_air_pollutants,error,17475,吨,绿色信贷金额变动折合减排情况 | 折合减排二氧化硫(吨) | 17475 | 14955 折合减排氮氧化物(吨) | 14666 | 12628,51,601577_长沙银行_2025_可持续发展报告:p51:b11,missing,,,,,,,,"17,475 吨是绿色信贷折合减排二氧化硫量，不是报告主体自身的大气污染物排放量。",codex-agent-b,2026-08-23T16:18:18.785641+00:00
119,601975_招商南油_2025_ESG报告,e_energy_total,error,"474,490.42",吨标准煤,"能源消耗总量 | 吨标准煤 | 432,608.08 | 427,014.36 | 474,490.42",52,601975_招商南油_2025_ESG报告:p52:b3,found,"474,490.42",吨标准煤,,"$能源消耗总量^7$ | 吨标准煤 | 432,608.08 | 427,014.36 | 474,490.42",52,601975_招商南油_2025_ESG报告:p52:b3,table,候选块直接披露该指标，证据为同一候选块中的连续逐字原文。,codex-agent-b,2026-08-23T16:18:18.785641+00:00
120,601975_招商南油_2025_ESG报告,e_fuel_consumption,error,"474,490.42",吨标准煤,"能源消耗总量 | 474,490.42 吨标准煤",28,601975_招商南油_2025_ESG报告:p28:b23,found,"36,018.51",吨,,"柴油 | 33,462.63 吨 | 36,018.51 吨",28,601975_招商南油_2025_ESG报告:p28:b23,table,原答案误取能源总量；已改用候选块明确列示的具名燃料及其数值、单位。,codex-agent-b,2026-08-23T16:18:18.785641+00:00
121,601975_招商南油_2025_ESG报告,e_air_pollutants,error,713.34,吨,"氮氧化物( $NO_x$ )排放量 | 640.13吨 | 713.34吨 | 硫氧化物( $SO_x$ )排放量 | 2,373.35吨 | 2,631.70吨",21,601975_招商南油_2025_ESG报告:p21:b6,found,713.34,吨,,| 氮氧化物( $NO_x$ )排放量 | 640.13吨 | 713.34吨,21,601975_招商南油_2025_ESG报告:p21:b6,table,候选块直接披露该指标，证据为同一候选块中的连续逐字原文。,codex-agent-b,2026-08-23T16:18:18.785641+00:00
122,601975_招商南油_2025_ESG报告,s_occupational_health,error,,,制定《员工医疗和职业健康管理规定》等制度，建立覆盖船岸全员的职业健康管理体系。持续开展各类职业健康宣传和培训...为员工提供定期体检。,44,601975_招商南油_2025_ESG报告:p44:b8,found,,,招商南油深知船岸员工工作环境和面临风险的特殊性，严格遵守《中华人民共和国职业病防治法》等法律法规，制定《员工医疗和职业健康管理规定》《船员医疗管理》《船员健康保护管理规定》《船员身心健康管理实施计划》《员工工伤管理程序》等制度，建立覆盖船岸全员的职业健康管理体系。,招商南油深知船岸员工工作环境和面临风险的特殊性，严格遵守《中华人民共和国职业病防治法》等法律法规，制定《员工医疗和职业健康管理规定》《船员医疗管理》《船员健康保护管理规定》《船员身心健康管理实施计划》《员工工伤管理程序》等制度，建立覆盖船岸全员的职业健康管理体系。,44,601975_招商南油_2025_ESG报告:p44:b8,paragraph,候选块直接披露该指标，证据为同一候选块中的连续逐字原文。,codex-agent-b,2026-08-23T16:18:18.785641+00:00
123,601975_招商南油_2025_ESG报告,s_human_rights,error,True,,在《员工管理办法》等制度中明确禁止雇佣童工及任何形式的强迫劳动，并对职场歧视行为采取“零容忍”态度。,46,601975_招商南油_2025_ESG报告:p46:b17,found,true,,公司致力于打造健康、安全、包容的工作环境，在《员工管理办法》《员工招聘管理程序》《员工劳动合同管理程序》等制度中明确禁止雇佣童工及任何形式的强迫劳动，并对职场歧视行为采取“零容忍”态度，严禁任何针对年龄、性别、种族等因素的歧视行为，尊重并平等对待每一位员工。报告期内，公司未发生劳工歧视、雇佣童工和强迫劳动事件。,公司致力于打造健康、安全、包容的工作环境，在《员工管理办法》《员工招聘管理程序》《员工劳动合同管理程序》等制度中明确禁止雇佣童工及任何形式的强迫劳动，并对职场歧视行为采取“零容忍”态度，严禁任何针对年龄、性别、种族等因素的歧视行为，尊重并平等对待每一位员工。报告期内，公司未发生劳工歧视、雇佣童工和强迫劳动事件。,46,601975_招商南油_2025_ESG报告:p46:b17,paragraph,候选块直接披露该指标，证据为同一候选块中的连续逐字原文。,codex-agent-b,2026-08-23T16:18:18.785641+00:00
124,603013_亚普股份_2025_ESG报告,e_particulate,error,0.9894,吨,颗粒物 | 吨 | 0.9894,27,603013_亚普股份_2025_ESG报告:p27:b10,found,0.9894,吨,,颗粒物(PM) | 吨 | 0.9894,27,603013_亚普股份_2025_ESG报告:p27:b10,table,候选块直接披露该指标，证据为同一候选块中的连续逐字原文。,codex-agent-b,2026-08-23T16:18:18.785641+00:00
125,603013_亚普股份_2025_ESG报告,s_customer_complaints,error,0,次,产品召回/重大客户抱怨 | 0次 报告期内，公司未发生重大客户投诉与质量抱怨，质量业绩满足客户要求，产品质量稳定受控。,39,603013_亚普股份_2025_ESG报告:p39:b0,found,0,次,,产品召回/重大客户抱怨 | 0次,39,603013_亚普股份_2025_ESG报告:p39:b0,table,候选块直接披露该指标，证据为同一候选块中的连续逐字原文。,codex-agent-b,2026-08-23T16:18:18.785641+00:00
126,603082_北自科技_2025_ESG报告,e_green_product,error,,,公司不断深化绿色产品设计，积极推进数字孪生系统建设，并着力打造智慧物流仓储解决方案，以智慧化手段推动全链条低碳运营，助力实现低碳发展目标。,28,603082_北自科技_2025_ESG报告:p28:b15,found,,,公司不断深化绿色产品设计，积极推进数字孪生系统建设，并着力打造智慧物流仓储解决方案，以公司为某乳业公司打造全流程智慧冷链系统为例，通过数字孪生优化输送路径，达成单生产线能耗降低28%，包装损耗率下降37%的节能降耗成效，以智慧化手段推动全链条低碳运营，助力实现低碳发展目标。,公司不断深化绿色产品设计，积极推进数字孪生系统建设，并着力打造智慧物流仓储解决方案，以公司为某乳业公司打造全流程智慧冷链系统为例，通过数字孪生优化输送路径，达成单生产线能耗降低28%，包装损耗率下降37%的节能降耗成效，以智慧化手段推动全链条低碳运营，助力实现低碳发展目标。,28,603082_北自科技_2025_ESG报告:p28:b15,paragraph,候选块直接披露该指标，证据为同一候选块中的连续逐字原文。,codex-agent-b,2026-08-23T16:18:18.785641+00:00
127,603082_北自科技_2025_ESG报告,s_occupational_health,error,,,北自科技出台并实施《安全管理办法》等内控文件，系统识别员工工作中的健康风险，落实多维度职业健康防护举措，从源头预防和管控作业环境中的职业病危害因素。,59,603082_北自科技_2025_ESG报告:p59:b16,found,,,依据国家《中华人民共和国职业病防治法》及相关法规，北自科技出台并实施《安全管理办法》《劳保防护用品管理办法》《生产安全事故、职业病防治控制程序》《环境职业健康安全绩效监测、测量控制程序》等内控文件，系统识别员工工作中的健康风险，落实多维度职业健康防护举措，从源头预防和管控作业环境中的职业病危害因素，切实履行职业病防治法定责任。,依据国家《中华人民共和国职业病防治法》及相关法规，北自科技出台并实施《安全管理办法》《劳保防护用品管理办法》《生产安全事故、职业病防治控制程序》《环境职业健康安全绩效监测、测量控制程序》等内控文件，系统识别员工工作中的健康风险，落实多维度职业健康防护举措，从源头预防和管控作业环境中的职业病危害因素，切实履行职业病防治法定责任。,59,603082_北自科技_2025_ESG报告:p59:b16,paragraph,候选块直接披露该指标，证据为同一候选块中的连续逐字原文。,codex-agent-b,2026-08-23T16:18:18.785641+00:00
128,603082_北自科技_2025_ESG报告,g_cybersecurity_governance,error,,,依据GB/T 22080-2016和ISO/IEC 27001:2022 标准完成体系建设，制定《信息安全适用性声明》等制度文件，明确信息安全方针、管理目标、岗位职责与管理框架，形成系统化的信息安全管控体系。,51,603082_北自科技_2025_ESG报告:p51:b6,found,,,北自科技严格遵守《中华人民共和国数据安全法》《中华人民共和国网络安全法》等法律法规和相关标准要求，依据GB/T 22080-2016和ISO/IEC 27001:2022 标准完成体系建设，制定《信息安全适用性声明》《信息安全策略》《信息安全&信息技术服务管理手册》《数据安全管理规范》等制度文件，明确信息安全方针、管理目标、岗位职责与管理框架，将其作为信息安全、商业秘密及客户信息管理的纲领性准则，形成系统化的信息安全管控体系。报告期内，公司未发生信息安全事件。,北自科技严格遵守《中华人民共和国数据安全法》《中华人民共和国网络安全法》等法律法规和相关标准要求，依据GB/T 22080-2016和ISO/IEC 27001:2022 标准完成体系建设，制定《信息安全适用性声明》《信息安全策略》《信息安全&信息技术服务管理手册》《数据安全管理规范》等制度文件，明确信息安全方针、管理目标、岗位职责与管理框架，将其作为信息安全、商业秘密及客户信息管理的纲领性准则，形成系统化的信息安全管控体系。报告期内，公司未发生信息安全事件。,51,603082_北自科技_2025_ESG报告:p51:b6,paragraph,候选块直接披露该指标，证据为同一候选块中的连续逐字原文。,codex-agent-b,2026-08-23T16:18:18.785641+00:00
129,603128_华贸物流_2025_ESG报告,g_esg_strategy,error,,,公司以进入全球综合物流前十强为目标，以信息披露为基础，以外部 ESG 评级为抓手，形成可持续发展战略体系与管理模式。,5,603128_华贸物流_2025_ESG报告:p5:b2,found,,,公司以 “为中国产业全球化发展提供国际物流供应链保障” 为己任，以从跨境综合第三方物流企业到 “全球综合物流方案解决者” 的高质量变革为抓手，以进入全球综合物流前十强为目标，以信息披露为基础，以外部 ESG 评级为抓手，形成可持续发展战略体系与管理模式。,公司以 “为中国产业全球化发展提供国际物流供应链保障” 为己任，以从跨境综合第三方物流企业到 “全球综合物流方案解决者” 的高质量变革为抓手，以进入全球综合物流前十强为目标，以信息披露为基础，以外部 ESG 评级为抓手，形成可持续发展战略体系与管理模式。,5,603128_华贸物流_2025_ESG报告:p5:b2,paragraph,候选块直接披露该指标，证据为同一候选块中的连续逐字原文。,codex-agent-b,2026-08-23T16:18:18.785641+00:00
130,603257_中国瑞林_2025_ESG报告,g_anti_corruption,error,true,,反腐败培训受训总人次：董事16人次，员工709人次；腐败事件发生数量：0起。,49,603257_中国瑞林_2025_ESG报告:p49:b3,found,true,,反腐败培训受训总人次 | 董事 | 人次 | 16,反腐败培训受训总人次 | 董事 | 人次 | 16,49,603257_中国瑞林_2025_ESG报告:p49:b3,table,候选块直接披露该指标，证据为同一候选块中的连续逐字原文。,codex-agent-b,2026-08-23T16:18:18.785641+00:00
131,603257_中国瑞林_2025_ESG报告,e_ghg_scope1,error,143.54,吨二氧化碳当量,范围1直接碳排放量 | 吨二氧化碳当量 | 143.54,48,603257_中国瑞林_2025_ESG报告:p48:b4,found,143.54,吨二氧化碳当量,,温室气体排放 | 范围1直接碳排放量 $^{1}$ | 吨二氧化碳当量 | 143.54,48,603257_中国瑞林_2025_ESG报告:p48:b4,table,候选块直接披露该指标，证据为同一候选块中的连续逐字原文。,codex-agent-b,2026-08-23T16:18:18.785641+00:00
132,603257_中国瑞林_2025_ESG报告,e_ghg_scope2,error,502.10,吨二氧化碳当量,范围2间接碳排放量 | 吨二氧化碳当量 | 502.10,48,603257_中国瑞林_2025_ESG报告:p48:b4,found,502.10,吨二氧化碳当量,,范围2间接碳排放量 $^{1}$ | 吨二氧化碳当量 | 502.10,48,603257_中国瑞林_2025_ESG报告:p48:b4,table,候选块直接披露该指标，证据为同一候选块中的连续逐字原文。,codex-agent-b,2026-08-23T16:18:18.785641+00:00
133,603260_合盛硅业_2025_可持续发展报告,s_safety,error,,,合盛硅业严格遵循国家《安全生产法》等法律法规，构建完备的安全管理体系与制度框架，完善员工安全风险防控机制，落实企业安全文化建设，通过常态化组织应急演练、系统化开展隐患排查治理等举措，全方位守护员工职业健康与企业生产安全。,59,603260_合盛硅业_2025_可持续发展报告:p59:b1,found,,,合盛硅业严格遵循国家《安全生产法》《职业病防治法》等相关法律法规要求，构建完备的安全管理体系与制度框架，完善员工安全风险防控机制，落实企业安全文化建设，通过常态化组织应急演练、系统化开展隐患排查治理等举措，全方位守护员工职业健康与企业生产安全，筑牢坚实安全屏障。截至报告期末，14家子公司已取得ISO 45001职业健康安全管理体系认证证书。,合盛硅业严格遵循国家《安全生产法》《职业病防治法》等相关法律法规要求，构建完备的安全管理体系与制度框架，完善员工安全风险防控机制，落实企业安全文化建设，通过常态化组织应急演练、系统化开展隐患排查治理等举措，全方位守护员工职业健康与企业生产安全，筑牢坚实安全屏障。截至报告期末，14家子公司已取得ISO 45001职业健康安全管理体系认证证书。,59,603260_合盛硅业_2025_可持续发展报告:p59:b1,paragraph,候选块直接披露该指标，证据为同一候选块中的连续逐字原文。,codex-agent-b,2026-08-23T16:18:18.785641+00:00
134,603272_ST联翔_2025_ESG暨社会责任报告,e_fuel_consumption,error,336.37,吨标准煤,能源消耗量 | 吨标准煤 | 478.98 | 396.31 | 336.37 直接能源消耗量 | 吨标准煤 | 200.19 | 142.03 | 76.39 间接能源消耗量 | 吨标准煤 | 278.79 | 254.27 | 259.98,33,603272_ST联翔_2025_ESG暨社会责任报告:p33:b0,found,1.16,吨,,柴油用量 | 吨 | 0.86 | 1.04 | 1.16,33,603272_ST联翔_2025_ESG暨社会责任报告:p33:b0,table,原答案误取能源总量；已改用候选块明确列示的具名燃料及其数值、单位。,codex-agent-b,2026-08-23T16:18:18.785641+00:00
135,603272_ST联翔_2025_ESG暨社会责任报告,g_cybersecurity_governance,error,,,制定了《互联网使用规定》等规章制度，构建覆盖网络安全、数据安全、合规管理三大维度的信息安全管理体系，全方位保护公司及个人的信息安全与合法权益。,26,603272_ST联翔_2025_ESG暨社会责任报告:p26:b16,found,,,法》等法律法规，制定了《互联网使用规定》《计算机使用管理规定》《数据备份管理制度》《电子设备采购管理制度》《软件账号管理制度》《上网行为管理制度》等规章制度，构建覆盖网络安全、数据安全、合规管理三大维度的信息安全管理体系，全方位保护公司及个人的信息安全与合法权益。,法》等法律法规，制定了《互联网使用规定》《计算机使用管理规定》《数据备份管理制度》《电子设备采购管理制度》《软件账号管理制度》《上网行为管理制度》等规章制度，构建覆盖网络安全、数据安全、合规管理三大维度的信息安全管理体系，全方位保护公司及个人的信息安全与合法权益。,26,603272_ST联翔_2025_ESG暨社会责任报告:p26:b16,paragraph,候选块直接披露该指标，证据为同一候选块中的连续逐字原文。,codex-agent-b,2026-08-23T16:18:18.785641+00:00
136,603291_联合水务_2025_ESG报告,e_energy_total,error,"18,315.00",吨标准煤,"能源消耗总量 | 吨标准煤 | 18,315.00",25,603291_联合水务_2025_ESG报告:p25:b1,found,"18,315.00",吨标准煤,,"$能源消耗总量^1$ | 吨标准煤 | 18,315.00",25,603291_联合水务_2025_ESG报告:p25:b1,table,候选块直接披露该指标，证据为同一候选块中的连续逐字原文。,codex-agent-b,2026-08-23T16:18:18.785641+00:00
137,603291_联合水务_2025_ESG报告,e_fuel_consumption,error,"18,315.00",吨标准煤,"能源消耗总量 | 吨标准煤 | 18,315.00",25,603291_联合水务_2025_ESG报告:p25:b1,found,"129,520.31",升,,"汽油消耗量 | 升 | 129,520.31",25,603291_联合水务_2025_ESG报告:p25:b1,table,原答案误取能源总量；已改用候选块明确列示的具名燃料及其数值、单位。,codex-agent-b,2026-08-23T16:18:18.785641+00:00
138,603291_联合水务_2025_ESG报告,s_data_security,error,true,,公司严格遵循《中华人民共和国数据安全法》等法律法规，制定《信息安全工作管理办法》等18项管理制度，成立信息安全领导小组，并将信息安全防护纳入绩效考核指标体系。,57,603291_联合水务_2025_ESG报告:p57:b1,found,true,,公司严格遵循《中华人民共和国数据安全法》《中华人民共和国网络安全法》《中华人民共和国个人信息保护法》等相关法律法规，制定《信息安全工作管理办法》《网络安全事件报告和处置管理制度》等18项管理制度，成立信息安全领导小组，并将信息安全防护纳入信息安全相关人员的绩效考核指标体系，确保信息安全管理工作的有效执行。公司围绕信息系统安全建设、信息资产安全、网络安全等领域全方位开展信息安全管理，切实做好网络信息数据安全保障，实现信息安全可控、能控、在控。,公司严格遵循《中华人民共和国数据安全法》《中华人民共和国网络安全法》《中华人民共和国个人信息保护法》等相关法律法规，制定《信息安全工作管理办法》《网络安全事件报告和处置管理制度》等18项管理制度，成立信息安全领导小组，并将信息安全防护纳入信息安全相关人员的绩效考核指标体系，确保信息安全管理工作的有效执行。公司围绕信息系统安全建设、信息资产安全、网络安全等领域全方位开展信息安全管理，切实做好网络信息数据安全保障，实现信息安全可控、能控、在控。,57,603291_联合水务_2025_ESG报告:p57:b1,paragraph,候选块直接披露该指标，证据为同一候选块中的连续逐字原文。,codex-agent-b,2026-08-23T16:18:18.785641+00:00
139,603329_上海雅仕_2025_ESG报告,g_esg_governance,error,true,,"GRI 2-9 管治架构和组成 对应章节 公司治理；2-12 在管理影响方面,最高管治机构的监督作用 对应章节 公司治理；2-13 为管理影响的责任授权 对应章节 公司治理",26,603329_上海雅仕_2025_ESG报告:p26:b5,missing,,,,,,,,候选仅为 GRI 公司治理章节索引或笼统的深化ESG治理表述，未明确披露 ESG 治理架构或机制。,codex-agent-b,2026-08-23T16:18:18.785641+00:00
140,603333_尚纬股份_2025_ESG报告,e_ghg_total,error,9331.08,吨二氧化碳当量,"温室气体排放总量 | 吨二氧化碳当量 | 9,331.08",63,603333_尚纬股份_2025_ESG报告:p63:b2,found,9331.08,吨二氧化碳当量,,"温室气体排放总量 $^{1}$ | 吨二氧化碳当量 | 9,331.08",63,603333_尚纬股份_2025_ESG报告:p63:b2,table,候选块明确列示温室气体排放总量相关数值及来源单位，数值、单位与证据位置可直接追溯。,codex-agent-c,2026-08-23T16:18:18.785641+00:00
141,603333_尚纬股份_2025_ESG报告,e_water_total,error,184209.00,立方米,"2025 年 总耗水量 184,209.00 立方米",64,603333_尚纬股份_2025_ESG报告:p64:b0,found,184209.00,立方米,,"总耗水量 $^{1}$ | 立方米 | 184,209.00",64,603333_尚纬股份_2025_ESG报告:p64:b0,table,候选块明确列示总用水量相关数值及来源单位，数值、单位与证据位置可直接追溯。,codex-agent-c,2026-08-23T16:18:18.785641+00:00
142,603333_尚纬股份_2025_ESG报告,e_particulate,error,458.00,千克,废气污染物排放量 | 颗粒物(PM) | 千克 | 458.00,64,603333_尚纬股份_2025_ESG报告:p64:b2,found,458.00,千克,,颗粒物(PM) | 千克 | 458.00,64,603333_尚纬股份_2025_ESG报告:p64:b2,table,候选块明确列示颗粒物排放量相关数值及来源单位，数值、单位与证据位置可直接追溯。,codex-agent-c,2026-08-23T16:18:18.785641+00:00
143,603333_尚纬股份_2025_ESG报告,e_ghg_scope1,error,441.28,吨二氧化碳当量,范围一温室气体排放量 | 吨二氧化碳当量 | 441.28,63,603333_尚纬股份_2025_ESG报告:p63:b2,found,441.28,吨二氧化碳当量,,按范围分类 | 范围一温室气体排放量 $^{2}$ | 吨二氧化碳当量 | 441.28,63,603333_尚纬股份_2025_ESG报告:p63:b2,table,候选块明确列示直接温室气体排放量相关数值及来源单位，数值、单位与证据位置可直接追溯。,codex-agent-c,2026-08-23T16:18:18.785641+00:00
144,603333_尚纬股份_2025_ESG报告,e_ghg_scope2,error,8889.80,吨二氧化碳当量,"范围二温室气体排放量 | 吨二氧化碳当量 | 8,889.80",63,603333_尚纬股份_2025_ESG报告:p63:b2,found,8889.80,吨二氧化碳当量,,"范围二温室气体排放量 $^{3}$ | 吨二氧化碳当量 | 8,889.80",63,603333_尚纬股份_2025_ESG报告:p63:b2,table,候选块明确列示间接温室气体排放量相关数值及来源单位，数值、单位与证据位置可直接追溯。,codex-agent-c,2026-08-23T16:18:18.785641+00:00
145,603333_尚纬股份_2025_ESG报告,e_renewable_energy,error,4690.88,兆瓦时,"间接能源 | 外购绿电 | 兆瓦时 | 4,690.88",63,603333_尚纬股份_2025_ESG报告:p63:b4,found,4690.88,兆瓦时,,"外购绿电 | 兆瓦时 | 4,690.88",63,603333_尚纬股份_2025_ESG报告:p63:b4,table,候选块明确列示可再生能源使用量相关数值及来源单位，数值、单位与证据位置可直接追溯。,codex-agent-c,2026-08-23T16:18:18.785641+00:00
146,603368_柳药集团_2025_ESG报告,g_board_meetings,error,8,次,报告期内召开董事会 8次,17,603368_柳药集团_2025_ESG报告:p17:b11,found,8,次,,"报告期内召开董事会 | 通过议案 | | 董事出席率 100% 
8次 | 41项",17,603368_柳药集团_2025_ESG报告:p17:b11,table,候选块明确列示董事会会议次数相关数值及来源单位，数值、单位与证据位置可直接追溯。,codex-agent-c,2026-08-23T16:18:18.785641+00:00
147,603399_永杉锂业_2025_可持续发展报告,s_employee_gender,error,129,人,按性别划分的员工人数 | 女员工 | 人 | 129,40,603399_永杉锂业_2025_可持续发展报告:p40:b18,found,129,人,,女员工 | 人 | 129,40,603399_永杉锂业_2025_可持续发展报告:p40:b18,table,候选块明确列示女性员工人数或占比相关数值及来源单位，数值、单位与证据位置可直接追溯。,codex-agent-c,2026-08-23T16:18:18.785641+00:00
148,603399_永杉锂业_2025_可持续发展报告,g_business_ethics,error,true,,GRI205:反腐败2016 | 205-2反腐败政策和程序的传达及培训 | 3.3商业道德,61,603399_永杉锂业_2025_可持续发展报告:p61:b0,found,true,,205-2反腐败政策和程序的传达及培训 | 3.3商业道德,205-2反腐败政策和程序的传达及培训 | 3.3商业道德,61,603399_永杉锂业_2025_可持续发展报告:p61:b0,table,单一候选块直接披露商业道德相关制度、机制或执行事实，足以支持布尔型 found。,codex-agent-c,2026-08-23T16:18:18.785641+00:00
149,603399_永杉锂业_2025_可持续发展报告,e_ghg_scope2,error,"122,643.18",公吨二氧化碳当量,"温室气体排放量 | 范围二 | 公吨二氧化碳当量 | - | 82,104.74 | 122,643.18",54,603399_永杉锂业_2025_可持续发展报告:p54:b1,found,"122,643.18",公吨二氧化碳当量,,"范围二 | 公吨二氧化碳当量 | - | 82,104.74 | 122,643.18",54,603399_永杉锂业_2025_可持续发展报告:p54:b1,table,候选块明确列示间接温室气体排放量相关数值及来源单位，数值、单位与证据位置可直接追溯。,codex-agent-c,2026-08-23T16:18:18.785641+00:00
150,603577_汇金通_2025_ESG报告,s_safety,error,,,汇金通坚持“以人为本”的安全管理理念，严格遵循《中华人民共和国安全生产法》等法律法规，以安全生产标准化建设和职业健康安全管理体系为依托，制定了安全生产标准化和双重预防体系，建立了完善的安全管理组织架构，并配备了专职安全管理人员，不断加强安全生产管控工作，加大隐患排查力度，完善应急制度体系建设，积极开展员工安全生产培训，持续强化安全生产理念，最大化的预防及减少安全事故的发生，保障员工职业健康和企业安全发展。,32,603577_汇金通_2025_ESG报告:p32:b1,found,,,报告披露了安全生产相关制度、机制或实践。,安全生产是企业长远发展的生命线。汇金通坚持“以人为本”的安全管理理念，严格遵循《中华人民共和国安全生产法》《中华人民共和国职业病防治法》《生产安全事故应急预案管理办法》等法律法规，以安全生产标准化建设和职业健康安全管理体系为依托，依照“生命至上，安全发展，预防为主，安全第一，全员履责”的方针，制定了安全生产标准化和双重,32,603577_汇金通_2025_ESG报告:p32:b1,paragraph,单一候选块直接披露安全生产相关制度、机制或实践，足以支持定性 found。,codex-agent-c,2026-08-23T16:18:18.785641+00:00
151,603628_清源股份_2025_ESG报告,s_employee_rights,error,,,员工期望：保障员工权利及权益·民主管理及人文关怀...沟通渠道：绩效评估考核机制·文体及团建活动·各类职业培训·员工满意度调查·员工申诉举报机制,11,603628_清源股份_2025_ESG报告:p11:b17,found,,,报告披露了员工权益保障相关制度、机制或实践。,劳动合同签订率 | % | 100,42,603628_清源股份_2025_ESG报告:p42:b1,table,单一候选块直接披露员工权益保障相关制度、机制或实践，足以支持定性 found。,codex-agent-c,2026-08-23T16:18:18.785641+00:00
152,603660_苏州科达_2025_ESG报告,s_compensation_benefits,error,,,完善薪酬福利体系...定期开展薪酬福利对标调研...五险一金...员工食堂...交通补助...年度体检...生日福利...节日福利,46,603660_苏州科达_2025_ESG报告:p46:b3,found,,,报告披露了薪酬福利相关制度、机制或实践。,五险一金 | 养老保险 | 工伤保险 | 医疗保险 | 失业保险 | 生育保险,46,603660_苏州科达_2025_ESG报告:p46:b3,table,单一候选块直接披露薪酬福利相关制度、机制或实践，足以支持定性 found。,codex-agent-c,2026-08-23T16:18:18.785641+00:00
153,603660_苏州科达_2025_ESG报告,s_safety,error,,,安全生产培训覆盖率 100；安全生产事故 0；因工死亡人数 0,52,603660_苏州科达_2025_ESG报告:p52:b4,found,,,报告披露了安全生产相关制度、机制或实践。,安全生产培训覆盖率 | % | 100 | 100,52,603660_苏州科达_2025_ESG报告:p52:b4,table,单一候选块直接披露安全生产相关制度、机制或实践，足以支持定性 found。,codex-agent-c,2026-08-23T16:18:18.785641+00:00
154,603660_苏州科达_2025_ESG报告,e_renewable_energy,error,394,兆瓦时,清洁能源发电量 | 兆瓦时 | - | 394,74,603660_苏州科达_2025_ESG报告:p74:b0,found,394,兆瓦时,,清洁能源发电量 $^{3}$ | 兆瓦时 | - | 394,74,603660_苏州科达_2025_ESG报告:p74:b0,table,候选块明确列示可再生能源使用量相关数值及来源单位，数值、单位与证据位置可直接追溯。,codex-agent-c,2026-08-23T16:18:18.785641+00:00
155,603777_来伊份_2025_ESG报告,g_business_ethics,error,True,,公司依据法律法规及行业最佳实践，制定并实施《供应商商业道德与行为准则》，并通过《合作伙伴行为准则》等文件，将廉洁合规、反舞弊等要求纳入合作前置条件。,24,603777_来伊份_2025_ESG报告:p24:b1,found,true,,时，来伊份也将商业道德与合规经营纳入准入管理的重要内容。公司依据《中华人民共和国公司法》《反垄断法》《反不正当竞争法》等法律法规及行业最佳实践，制定并实施《供应商商业道德与行为准则》，并通过《合作伙伴行为准则》《反腐败政策》《廉洁诚信承诺书,时，来伊份也将商业道德与合规经营纳入准入管理的重要内容。公司依据《中华人民共和国公司法》《反垄断法》《反不正当竞争法》等法律法规及行业最佳实践，制定并实施《供应商商业道德与行为准则》，并通过《合作伙伴行为准则》《反腐败政策》《廉洁诚信承诺书》等文件，将廉洁合规、信息披露、反舞弊等要求纳入合作前置条件。所有合作方在签约前,24,603777_来伊份_2025_ESG报告:p24:b1,paragraph,单一候选块直接披露商业道德相关制度、机制或执行事实，足以支持布尔型 found。,codex-agent-c,2026-08-23T16:18:18.785641+00:00
156,603808_歌力思_2025_ESG报告,s_employee_rights,error,,,"歌力思严格遵循《中华人民共和国劳动法》《中华人民共和国劳动合同法》及相关法律法规,建立健全员工权益保障制度体系,制定《歌力思人事管理制度》、《歌力思集团绩效管理制度》等制度体系,致力于构建公平、多元、包容的雇佣环境。",39,603808_歌力思_2025_ESG报告:p39:b11,found,,,报告披露了员工权益保障相关制度、机制或实践。,"公司尊重员工民主参与权利, 建立常态化的民主沟通制度。公司依法建立工会组织——深圳歌力思服饰股份有限公司工会委员会, 作为保障员工权益、促进和谐劳动关系的重要机制。工会通过组织召开员工座谈会、设立意见反馈渠道等方式, 搭建企业与员工之间的双向沟通平台, 及时收集并传递员工在薪酬福利、工作环境、职业发展等方面的合理诉求,",40,603808_歌力思_2025_ESG报告:p40:b14,paragraph,单一候选块直接披露员工权益保障相关制度、机制或实践，足以支持定性 found。,codex-agent-c,2026-08-23T16:18:18.785641+00:00
157,603979_金诚信_2025_ESG报告,e_fuel_consumption,error,"24,880,327.19",升,"能源消耗* | 柴油 | 升 | 12,971,563.54 | 24,846,840.60 | 24,880,327.19",82,603979_金诚信_2025_ESG报告:p82:b0,found,"24,880,327.19",升,,"柴油 | 升 | 12,971,563.54 | 24,846,840.60 | 24,880,327.19",82,603979_金诚信_2025_ESG报告:p82:b0,table,候选块明确列示燃料消耗量相关数值及来源单位，数值、单位与证据位置可直接追溯。,codex-agent-c,2026-08-23T16:18:18.785641+00:00
158,603979_金诚信_2025_ESG报告,s_customer_complaints,error,1,起,2025年 客户投诉数量(起) | 1,68,603979_金诚信_2025_ESG报告:p68:b11,found,1,起,,客户投诉数量(起) | 2 | 1 | 1,68,603979_金诚信_2025_ESG报告:p68:b11,table,候选块明确列示客户投诉相关数值及来源单位，数值、单位与证据位置可直接追溯。,codex-agent-c,2026-08-23T16:18:18.785641+00:00
159,605199_ST葫芦娃_2025_ESG报告,s_supplier,error,true,,葫芦娃制定《绿色采购方案》《供应商审计管理制度》等内部管理文件，构建覆盖供应商筛选、审核、风险管控的全流程体系。,33,605199_ST葫芦娃_2025_ESG报告:p33:b24,found,true,,葫芦娃制定《绿色采购方案》《供应商审计管理制度》《合格物料供应商目录》等内部管理文件，构建覆盖供应商筛选、审核、风险管控的全流程体系，推动供应链管理规范化、系统化运行。,葫芦娃制定《绿色采购方案》《供应商审计管理制度》《合格物料供应商目录》等内部管理文件，构建覆盖供应商筛选、审核、风险管控的全流程体系，推动供应链管理规范化、系统化运行。,33,605199_ST葫芦娃_2025_ESG报告:p33:b24,paragraph,单一候选块直接披露供应商管理相关制度、机制或执行事实，足以支持布尔型 found。,codex-agent-c,2026-08-23T16:18:18.785641+00:00
160,605399_晨光新材_2025_ESG报告,g_materiality_assessment,error,,,2025年，根据《上海证券交易所上市公司自律监管指引第14号——可持续发展报告(试行)》等最新披露标准更新重要性议题评估方法，首次开展双重重要性评估，围绕各产业链环节、利益相关方的诉求和主要关注问题，在以往影响重要性评估的基础上融入财务视角，全面分析ESG议题对公司财务以及经济、环境和社会的影响，形成本年度25个具有重要性的议题进行重点回应。,12,605399_晨光新材_2025_ESG报告:p12:b1,found,,,报告披露了实质性议题评估相关制度、机制或实践。,管理是晨光新材开展可持续发展治理与管理工作的基础和核心。2025年，根据《上海证券交易所上市公司自律监管指引第14号——可持续发展报告(试行)》(以下简称“指引”)等最新披露标准更新重要性议题评估方法，首次开展双重重要性评估，围绕各产业链环节、利益相关方的诉求和主要关注问题，在以往影响重要性评估的基础上融入财务视角，全,12,605399_晨光新材_2025_ESG报告:p12:b1,paragraph,单一候选块直接披露实质性议题评估相关制度、机制或实践，足以支持定性 found。,codex-agent-c,2026-08-23T16:18:18.785641+00:00
161,605488_福莱新材_2025_ESG报告,s_diversity_equal_opportunity,error,,,员工 | 多元化与平等机会 | 完善薪酬福利体系完善晋升通道保障员工权益完善员工培训体系加强员工健康与安全培训,9,605488_福莱新材_2025_ESG报告:p9:b2,found,,,报告披露了多元化与平等机会相关制度、机制或实践。,员工 | 员工权益薪酬与福利职业健康与安全人才培养与发展多元化与平等机会信息安全与隐私保护 | 完善薪酬福利体系完善晋升通道保障员工权益完善员工培训体系加强员工健康与安全培训 | 员工培训员工考核与晋升工会与职代会内部信息沟通平台职业健康监护安全生产管理安全应急演习,9,605488_福莱新材_2025_ESG报告:p9:b2,table,单一候选块直接披露多元化与平等机会相关制度、机制或实践，足以支持定性 found。,codex-agent-c,2026-08-23T16:18:18.785641+00:00
162,605488_福莱新材_2025_ESG报告,s_safety,error,,,福莱新材始终将保障安全生产与员工的职业健康作为经营管理的最高优先级事项...制定并实施了《安全教育培训管理制度》《安全风险分级管控制度》...公司签订安全生产责任书，建立健全并落实全员安全责任制,67,605488_福莱新材_2025_ESG报告:p67:b1,found,,,报告披露了安全生产相关制度、机制或实践。,福莱新材始终将保障安全生产与员工的职业健康作为经营管理的最高优先级事项，在“清洁生产，安全健康；科学管理，追求卓越”的职业健康安全（EHS）方针指导下，持续强化职业健康安全管理，全方位提升企业安全风险管理能力。,65,605488_福莱新材_2025_ESG报告:p65:b1,paragraph,单一候选块直接披露安全生产相关制度、机制或实践，足以支持定性 found。,codex-agent-c,2026-08-23T16:18:18.785641+00:00
163,605599_菜百股份_2025_ESG报告,g_cybersecurity_governance,error,,,持续完善数据安全与隐私保护制度体系，制定并修订《菜百公司信息系统密码管理规定》等专项制度文件，规范数据采集、传输、存储、使用、销毁全生命周期管理流程，同步建立权限分级管控、合规性前置评审、全流程审计、责任追究等配套管理机制。,30,605599_菜百股份_2025_ESG报告:p30:b3,found,,,报告披露了网络安全治理相关制度、机制或实践。,公司严格遵循《中华人民共和国网络安全法》《中华人民共和国数据安全法》《中华人民共和国个人信息保护法》等法律法规及监管要求，结合黄金珠宝行业经营特性与数字化转型发展需求，持续完善数据安全与隐私保护制度体系，制定并修订《菜百公司信息系统密码管理规定》《菜百公司网络运维管理指导意见》《信息保密规范》《网络安全事件应急预案》等,30,605599_菜百股份_2025_ESG报告:p30:b3,paragraph,单一候选块直接披露网络安全治理相关制度、机制或实践，足以支持定性 found。,codex-agent-c,2026-08-23T16:18:18.785641+00:00
164,688128_中国电研_2025_ESG报告,g_investor_relations,error,,,利益相关方：股东及投资者；关注议题：公司治理股东权益保护投资者关系；沟通方式及渠道：股东会信息披露投关活动,10,688128_中国电研_2025_ESG报告:p10:b3,found,,,报告披露了投资者关系相关制度、机制或实践。,投资者关系管理,55,688128_中国电研_2025_ESG报告:p55:b3,table,单一候选块直接披露投资者关系相关制度、机制或实践，足以支持定性 found。,codex-agent-c,2026-08-23T16:18:18.785641+00:00
165,688147_微导纳米_2025_ESG报告,e_waste_total,error,265.44,吨,产生的有害废弃物总量 | 吨 | 1.13 | 9.8 产生的无害废弃物总量 | 吨 | 25.87 | 255.64,48,688147_微导纳米_2025_ESG报告:p48:b4,missing,,,,,,,,候选块仅分别披露有害废弃物9.8吨和无害废弃物255.64吨，未直接披露265.44吨总量；禁止人工求和后冒充原文披露。,codex-agent-c,2026-08-23T16:18:18.785641+00:00
166,688147_微导纳米_2025_ESG报告,e_nonhazardous_waste,error,255.64,吨,产生的无害废弃物总量 | 吨 | 25.87 | 255.64,48,688147_微导纳米_2025_ESG报告:p48:b4,found,255.64,吨,,产生的无害废弃物总量 $^{7}$ | 吨 | 25.87 | 255.64,48,688147_微导纳米_2025_ESG报告:p48:b4,table,候选块明确列示一般废弃物产生量相关数值及来源单位，数值、单位与证据位置可直接追溯。,codex-agent-c,2026-08-23T16:18:18.785641+00:00
167,688147_微导纳米_2025_ESG报告,s_work_injury,error,0.9,次/百万工时,百万工时伤害率 | 次/百万工时 | 1.18 | 0.9,47,688147_微导纳米_2025_ESG报告:p47:b6,found,0.9,次/百万工时,,百万工时伤害率 $^6$ | 次/百万工时 | 1.18 | 0.9,47,688147_微导纳米_2025_ESG报告:p47:b6,table,候选块明确列示工伤事故相关数值及来源单位，数值、单位与证据位置可直接追溯。,codex-agent-c,2026-08-23T16:18:18.785641+00:00
168,688147_微导纳米_2025_ESG报告,e_ghg_scope1,error,"14,775.13",公吨二氧化碳当量,"范围一排放量 | 公吨二氧化碳当量 | 4,362.54 | 14,775.13",48,688147_微导纳米_2025_ESG报告:p48:b6,found,"14,775.13",公吨二氧化碳当量,,"范围一排放量 $^{11}$ | 公吨二氧化碳当量 | 4,362.54 | 14,775.13",48,688147_微导纳米_2025_ESG报告:p48:b6,table,候选块明确列示直接温室气体排放量相关数值及来源单位，数值、单位与证据位置可直接追溯。,codex-agent-c,2026-08-23T16:18:18.785641+00:00
169,688218_江苏北人_2025_ESG报告,e_nonhazardous_waste,error,135,吨,无害废弃物排放总量 | 吨 | 220 | 135,23,688218_江苏北人_2025_ESG报告:p23:b6,found,135,吨,,无害废弃物排放总量 $^4$ | 吨 | 220 | 135,23,688218_江苏北人_2025_ESG报告:p23:b6,table,候选块明确列示一般废弃物产生量相关数值及来源单位，数值、单位与证据位置可直接追溯。,codex-agent-c,2026-08-23T16:18:18.785641+00:00
170,688226_威腾电气_2025_ESG报告,e_nonhazardous_waste,error,4315.40,吨,"无害废弃物总量 | 吨 | 2,218.53 | 4,315.40",60,688226_威腾电气_2025_ESG报告:p60:b0,found,4315.40,吨,,"无害废弃物总量 $^{2}$ | 吨 | 2,218.53 | 4,315.40",60,688226_威腾电气_2025_ESG报告:p60:b0,table,候选块明确列示一般废弃物产生量相关数值及来源单位，数值、单位与证据位置可直接追溯。,codex-agent-c,2026-08-23T16:18:18.785641+00:00
171,688226_威腾电气_2025_ESG报告,g_esg_governance,error,true,,公司治理架构：股东会下设战略与ESG委员会、薪酬与考核委员会、审计委员会、提名委员会。,54,688226_威腾电气_2025_ESG报告:p54:b3,found,true,,"D[""股东会""] --> E[""战略与ESG委员会""]","D[""股东会""] --> E[""战略与ESG委员会""]",54,688226_威腾电气_2025_ESG报告:p54:b3,image,单一候选块直接披露ESG 治理架构相关制度、机制或执行事实，足以支持布尔型 found。,codex-agent-c,2026-08-23T16:18:18.785641+00:00
172,688226_威腾电气_2025_ESG报告,s_training,error,20.08,小时/人,人均培训时长 | 小时/人 | 41.98 | 20.08,60,688226_威腾电气_2025_ESG报告:p60:b1,found,20.08,小时/人,,人均培训时长 $^3$ | 小时/人 | 41.98 | 20.08,60,688226_威腾电气_2025_ESG报告:p60:b1,table,候选块明确列示员工培训相关数值及来源单位，数值、单位与证据位置可直接追溯。,codex-agent-c,2026-08-23T16:18:18.785641+00:00
173,688279_峰岹科技_2025_ESG报告,g_information_disclosure,error,,,公司严格遵守监管规定，以上海证券交易所官网及《中国证券报》、《上海证券报》、《证券时报》、《证券日报》、香港联合证券交易所等法定信息披露媒体作为核心发布平台，确保所有股东能够平等、及时地获取公司重大信息。,20,688279_峰岹科技_2025_ESG报告:p20:b4,found,,,报告披露了信息披露相关制度、机制或实践。,公司在投资者关系及股东权益保护方面建立了完善的工作机制。公司严格遵守监管规定，以上海证券交易所官网及《中国证券报》、《上海证券报》、《证券时报》、《证券日报》、香港联合证券交易所(https://www.hkex.com.hk)等法定信息披露媒体作为核心发布平台，确保所有股东能够平等、及时地获取公司重大信息。,20,688279_峰岹科技_2025_ESG报告:p20:b4,paragraph,单一候选块直接披露信息披露相关制度、机制或实践，足以支持定性 found。,codex-agent-c,2026-08-23T16:18:18.785641+00:00
174,688348_昱能科技_2025_ESG报告,e_electricity_total,error,"2,656.18",兆瓦时,"外购电力用量 | 兆瓦时 | 1,600.55 | 2,656.18",51,688348_昱能科技_2025_ESG报告:p51:b5,found,"2,656.18",兆瓦时,,"外购电力用量 $^{2}$ | 兆瓦时 | 1,600.55 | 2,656.18",51,688348_昱能科技_2025_ESG报告:p51:b5,table,候选块明确列示耗电量相关数值及来源单位，数值、单位与证据位置可直接追溯。,codex-agent-c,2026-08-23T16:18:18.785641+00:00
175,688348_昱能科技_2025_ESG报告,s_compensation_benefits,error,,,工会统筹规划员工福利活动，为文体健身与休闲交流提供经费支持，旨在促进员工身心健康，加强同事间的沟通与凝聚力。,45,688348_昱能科技_2025_ESG报告:p45:b26,found,,,报告披露了薪酬福利相关制度、机制或实践。,公司工会依据《中华人民共和国工会法》与《中国工会章程》独立开展工作，持续健全以职工代表大会为核心的民主管理制度。工会代表员工与公司签订《综合性集体合同》，致力于构建稳定、和谐的劳动关系，切实保障员工与公司的合法权益。同时，工会建立职工医疗互助保障机制，深化员工关怀，推动劳资和谐发展；并统筹规划员工福利活动，为文体健身与,45,688348_昱能科技_2025_ESG报告:p45:b26,paragraph,单一候选块直接披露薪酬福利相关制度、机制或实践，足以支持定性 found。,codex-agent-c,2026-08-23T16:18:18.785641+00:00
176,688348_昱能科技_2025_ESG报告,s_community_investment,error,239.40,万元人民币,慈善捐赠金额 | 单位 | 2024 | 2025 慈善捐赠金额 | 万元人民币 | 377.78 | 239.40,53,688348_昱能科技_2025_ESG报告:p53:b3,found,239.40,万元人民币,,慈善捐赠金额 | 万元人民币 | 377.78 | 239.40,53,688348_昱能科技_2025_ESG报告:p53:b3,table,候选块明确列示公益慈善投入相关数值及来源单位，数值、单位与证据位置可直接追溯。,codex-agent-c,2026-08-23T16:18:18.785641+00:00
177,688400_凌云光_2025_ESG报告,s_supplier,error,true,,严格遵循《供应商管理控制程序》...SRM供应商管理融入绿色筛选与培育...供应商培训...供应商稽核...供应商反腐协议签订比例,28,688400_凌云光_2025_ESG报告:p28:b2,found,true,,公司以“科学度量，优化基准；实事求是，持续改进；领导带头，全员担当；创造实现客户梦想！”为质量方针，严格遵循《产品检测控制程序》《供应商管理控制程序》《不合格品控制程序》《交付和售后服务控制程序》《持续改进控制程序》等质量管理规范，建立了从,公司以“科学度量，优化基准；实事求是，持续改进；领导带头，全员担当；创造实现客户梦想！”为质量方针，严格遵循《产品检测控制程序》《供应商管理控制程序》《不合格品控制程序》《交付和售后服务控制程序》《持续改进控制程序》等质量管理规范，建立了从研发、供应链、生产、销售服务的全链条的质量管理体系。,28,688400_凌云光_2025_ESG报告:p28:b2,paragraph,单一候选块直接披露供应商管理相关制度、机制或执行事实，足以支持布尔型 found。,codex-agent-c,2026-08-23T16:18:18.785641+00:00
178,688409_富创精密_2025_ESG报告,s_safety,error,,,公司遵守《中华人民共和国安全生产法》等法律法规，并制定多项管理制度。公司持续推进 ISO 45001 认证，建立健全并有效运行职业健康安全和环境（HSE）管理体系。,50,688409_富创精密_2025_ESG报告:p50:b3,found,,,报告披露了安全生产相关制度、机制或实践。,公司遵守《中华人民共和国安全生产法》《中华人民共和国消防法》《中华人民共和国职业病防治法》《生产安全事故应急预案管理办法》等安全生产相关法律法规，并制定《环境及职业健康安全目标、指标和管理方案控制程序》《环境职业健康安全管制程序》等多项管理制度。,50,688409_富创精密_2025_ESG报告:p50:b3,paragraph,单一候选块直接披露安全生产相关制度、机制或实践，足以支持定性 found。,codex-agent-c,2026-08-23T16:18:18.785641+00:00
179,688439_振华风光_2025_ESG报告,g_stakeholder_communication,error,,,利益相关方沟通机制：政府与监管机构-信息披露与报送、定期汇报；股东与投资者-信息披露、股东会、投资者调研；客户-新产品发布会、技术交流会、客户满意度调查；员工-全体员工会议、投诉反馈信箱；社区-社区共建；供应商-准入资质审查、日常沟通与培训。,6,688439_振华风光_2025_ESG报告:p6:b21,found,,,报告披露了利益相关方沟通相关制度、机制或实践。,利益相关方 | 关注议题 | 沟通机制,6,688439_振华风光_2025_ESG报告:p6:b21,table,单一候选块直接披露利益相关方沟通相关制度、机制或实践，足以支持定性 found。,codex-agent-c,2026-08-23T16:18:18.785641+00:00
180,688439_振华风光_2025_ESG报告,g_business_ethics,error,true,,反商业贿赂及反贪污培训场次 2...商业贿赂及贪污事件发生次数 0...签订廉洁承诺书的员工人数 103...签署反贿赂承诺书的供应商数量 239,43,688439_振华风光_2025_ESG报告:p43:b1,found,true,,公司在内部制度中明确要求采购人员遵章守纪、廉洁自律，恪守职业道德规范。每年定期开展廉洁谈话与廉洁教育活动，强化采购人员的廉洁意识与底线思维。同时，公司与供应商签订《廉洁合作协议》，明确双方廉洁责任与行为约束，推动采购过程公开透明、公平公正，,公司在内部制度中明确要求采购人员遵章守纪、廉洁自律，恪守职业道德规范。每年定期开展廉洁谈话与廉洁教育活动，强化采购人员的廉洁意识与底线思维。同时，公司与供应商签订《廉洁合作协议》，明确双方廉洁责任与行为约束，推动采购过程公开透明、公平公正，持续营造风清气正的供应链合作环境。,31,688439_振华风光_2025_ESG报告:p31:b15,paragraph,单一候选块直接披露商业道德相关制度、机制或执行事实，足以支持布尔型 found。,codex-agent-c,2026-08-23T16:18:18.785641+00:00
181,688439_振华风光_2025_ESG报告,g_cybersecurity_governance,error,,,持续完善《信息数据安全管理制度》《信息网络安全管理制度》等一系列信息安全规章制度，严格实行信息网络分区、分域、隔离管控策略。,29,688439_振华风光_2025_ESG报告:p29:b9,found,,,报告披露了网络安全治理相关制度、机制或实践。,振华风光高度重视信息数据安全体系建设工作，持续完善《信息数据安全管理制度》《信息网络安全管理制度》《网络信息安全应急响应预案》等一系列信息安全规章制度，严格实行信息网络分区、分域、隔离管控策略，加强区域间数据流量监控和访问控制策略，构建横向到边、纵向到底的信息安全技术防御体系。,29,688439_振华风光_2025_ESG报告:p29:b9,paragraph,单一候选块直接披露网络安全治理相关制度、机制或实践，足以支持定性 found。,codex-agent-c,2026-08-23T16:18:18.785641+00:00
182,688515_裕太微_2025_ESG报告,s_employee_gender,error,104,人,按性别划分的员工人数 | 女员工 | 人 | 101 | 104,54,688515_裕太微_2025_ESG报告:p54:b0,found,104,人,,女员工 | 人 | 101 | 104,54,688515_裕太微_2025_ESG报告:p54:b0,table,候选块明确列示女性员工人数或占比相关数值及来源单位，数值、单位与证据位置可直接追溯。,codex-agent-c,2026-08-23T16:18:18.785641+00:00
183,688515_裕太微_2025_ESG报告,g_board_meetings,error,6,次,报告期内， 公司共召开董事会会议 6次,16,688515_裕太微_2025_ESG报告:p16:b9,found,6,次,,"公司共召开董事会会议 | 审议通过议案 | 董事会成员出席率 
6次 | 34项 | 100%",16,688515_裕太微_2025_ESG报告:p16:b9,table,同一候选表格块连续原文明确列示公司召开董事会会议6次，数值、单位与证据位置可直接追溯。,codex-agent-c,2026-08-23T16:18:18.785641+00:00
184,688515_裕太微_2025_ESG报告,g_esg_governance,error,true,,可持续发展治理架构图：决策层->管理层->执行层->董事会、战略投资与可持续发展委员会、ESG专项工作组,11,688515_裕太微_2025_ESG报告:p11:b6,found,true,,"A[""决策层""] --> B[""管理层""]","A[""决策层""] --> B[""管理层""]",11,688515_裕太微_2025_ESG报告:p11:b6,image,单一候选块直接披露ESG 治理架构相关制度、机制或执行事实，足以支持布尔型 found。,codex-agent-c,2026-08-23T16:18:18.785641+00:00
185,688515_裕太微_2025_ESG报告,g_compliance_management,error,true,,公司依据《中华人民共和国公司法》等相关法律法规制订了《公司章程》以及一系列内控规范，构建了由决策、监督与审计、执行三个层级组成的合规管理体系。,19,688515_裕太微_2025_ESG报告:p19:b7,found,true,,公司依据《中华人民共和国公司法》《中华人民共和国证券法》《上市公司治理准则》等相关法律法规制订了《公司章程》以及一系列内控规范，构建了由决策、监督与审计、执行三个层级组成的合规管理体系，为公司规范运作提供制度保障。为进一步完善公司合规体系，,公司依据《中华人民共和国公司法》《中华人民共和国证券法》《上市公司治理准则》等相关法律法规制订了《公司章程》以及一系列内控规范，构建了由决策、监督与审计、执行三个层级组成的合规管理体系，为公司规范运作提供制度保障。为进一步完善公司合规体系，公司建立了《内部审计管理制度》，有效规范公司及其控股子公司的内部审计工作，加强公,19,688515_裕太微_2025_ESG报告:p19:b7,paragraph,单一候选块直接披露合规管理相关制度、机制或执行事实，足以支持布尔型 found。,codex-agent-c,2026-08-23T16:18:18.785641+00:00
186,688560_明冠新材_2025_ESG报告,e_ghg_total,error,15774.62,吨二氧化碳当量,"温室气体排放总量 | 吨二氧化碳当量 | 12821.26 | 15,774.62",40,688560_明冠新材_2025_ESG报告:p40:b4,found,15774.62,吨二氧化碳当量,,"$温室气体排放总量^1$ | 吨二氧化碳当量 | 12821.26 | 15,774.62",40,688560_明冠新材_2025_ESG报告:p40:b4,table,候选块明确列示温室气体排放总量相关数值及来源单位，数值、单位与证据位置可直接追溯。,codex-agent-c,2026-08-23T16:18:18.785641+00:00
187,688560_明冠新材_2025_ESG报告,s_occupational_health,error,,,持续健全职业健康管理体系，不断完善职业健康监护、危害告知、防护设施配置及作业环境改善等全流程管理，营造安全、健康、舒适的工作环境。,38,688560_明冠新材_2025_ESG报告:p38:b10,found,,,报告披露了职业健康相关制度、机制或实践。,公司严格遵守《中华人民共和国职业病防治法》等相关法律法规，坚持预防为主、防治结合的原则，持续健全职业健康管理体系，不断完善职业健康监护、危害告知、防护设施配置及作业环境改善等全流程管理，强化源头管控与过程管理，营造安全、健康、舒适的工作环境。,38,688560_明冠新材_2025_ESG报告:p38:b10,paragraph,单一候选块直接披露职业健康相关制度、机制或实践，足以支持定性 found。,codex-agent-c,2026-08-23T16:18:18.785641+00:00
188,688560_明冠新材_2025_ESG报告,g_cybersecurity_governance,error,,,公司严格遵循《中华人民共和国网络安全法》等法律法规，制定《计算机信息安全规范》等一系列内部制度规范，明确财务信息部、部门负责人以及体系工程师等相关职责，规范公司信息使用、内部共享文件夹使用以及访问权限等内容，持续确保信息资源的安全性和完整性。,30,688560_明冠新材_2025_ESG报告:p30:b17,found,,,报告披露了网络安全治理相关制度、机制或实践。,公司严格遵循《中华人民共和国网络安全法》《中华人民共和国数据安全法》等法律法规，制定《计算机信息安全规范》《共享文件夹管理制度》等一系列内部制度规范，明确财务信息部、部门负责人以及体系工程师等相关职责，规范公司信息使用、内部共享文件夹使用以及访问权限等内容，持续确保信息资源的安全性和完整性，保障管理体系高效运行。报告期,30,688560_明冠新材_2025_ESG报告:p30:b17,paragraph,单一候选块直接披露网络安全治理相关制度、机制或实践，足以支持定性 found。,codex-agent-c,2026-08-23T16:18:18.785641+00:00
189,688613_奥精医疗_2025_ESG报告,g_investor_relations,error,,,奥精医疗严格遵循《证券法》等法律法规，构建全流程合规管控机制，确保信息披露与投资者沟通行为合法合规、公平公正，坚决杜绝违规披露和选择性沟通的情况发生。,15,688613_奥精医疗_2025_ESG报告:p15:b18,found,,,报告披露了投资者关系相关制度、机制或实践。,奥精医疗严格遵循《证券法》《上市公司信息披露管理办法》《上海证券交易所科创板股票上市规则》等法律法规以及《公司章程》的要求，构建全流程合规管控机制，确保信息披露与投资者沟通行为合法合规、公平公正，坚决杜绝违规披露和选择性沟通的情况发生。公司始终坚守信息披露“真实、准确、完整”的核心底线，所有公开信息均经过多部门交叉核验,15,688613_奥精医疗_2025_ESG报告:p15:b18,paragraph,单一候选块直接披露投资者关系相关制度、机制或实践，足以支持定性 found。,codex-agent-c,2026-08-23T16:18:18.785641+00:00
190,688613_奥精医疗_2025_ESG报告,g_materiality_assessment,error,,,实质性议题矩阵：产品质量安全、应对气候变化、科技创新等议题在财务重要性与可持续性重要性上均被评为High。,12,688613_奥精医疗_2025_ESG报告:p12:b3,found,,,报告披露了实质性议题评估相关制度、机制或实践。,| 产品质量安全 | High | High |,12,688613_奥精医疗_2025_ESG报告:p12:b3,chart,单一候选块直接披露实质性议题评估相关制度、机制或实践，足以支持定性 found。,codex-agent-c,2026-08-23T16:18:18.785641+00:00
191,688618_三旺通信_2025_ESG报告,g_investor_relations,error,,,"公司高度重视投资者关系管理, 由公司董事会秘书牵头负责, 建立健全投资者关系管理机制, 并修订完善《投资者关系管理制度》, 通过公告、“上证 e 互动”平台等多种渠道, 持续加强与投资者的沟通交流。",12,688618_三旺通信_2025_ESG报告:p12:b8,found,,,报告披露了投资者关系相关制度、机制或实践。,"公司高度重视投资者关系管理, 由公司董事会秘书牵头负责, 建立健全投资者关系管理机制, 并修订完善《投资者关系管理制度》, 通过公告、“上证 e 互动”平台、证券分析师会议或说明会、一对一沟通、电话咨询、传真、电子邮件或即时通讯、现场参观、股东会等多种渠道, 持续加强与投资者的沟通交流, 积极传递公司经营战略、管理举措",12,688618_三旺通信_2025_ESG报告:p12:b8,paragraph,单一候选块直接披露投资者关系相关制度、机制或实践，足以支持定性 found。,codex-agent-c,2026-08-23T16:18:18.785641+00:00
192,688709_成都华微_2025_ESG报告,s_diversity_equal_opportunity,error,,,公司严格遵守《国际劳工组织公约》等法律法规，坚决反对任何形式的就业歧视，坚持公开、公平、公正原则，为全体员工提供无差别的平等发展机会。,38,688709_成都华微_2025_ESG报告:p38:b2,found,,,报告披露了多元化与平等机会相关制度、机制或实践。,公司严格遵守《国际劳工组织公约》《中华人民共和国劳动法》《中华人民共和国就业促进法》《中华人民共和国妇女权益保障法》等法律法规，坚决反对任何形式的就业歧视，坚持公开、公平、公正原则，为全体员工提供无差别的平等发展机会。公司在招聘录用、岗位安排、职业发展等环节充分尊重员工差异，不因种族、性别、年龄、宗教信仰、残疾状况等设,38,688709_成都华微_2025_ESG报告:p38:b2,paragraph,单一候选块直接披露多元化与平等机会相关制度、机制或实践，足以支持定性 found。,codex-agent-c,2026-08-23T16:18:18.785641+00:00
193,688728_格科微_2025_ESG报告,e_ghg_total,error,"102,411.80",吨二氧化碳当量,"温室气体排放总量 | 吨二氧化碳当量 | 102,411.80",45,688728_格科微_2025_ESG报告:p45:b7,found,"102,411.80",吨二氧化碳当量,,"$温室气体排放总量^1$ | 吨二氧化碳当量 | 102,411.80",45,688728_格科微_2025_ESG报告:p45:b7,table,候选块明确列示温室气体排放总量相关数值及来源单位，数值、单位与证据位置可直接追溯。,codex-agent-c,2026-08-23T16:18:18.785641+00:00
194,688818_电科蓝天_2025_ESG报告,e_fuel_consumption,error,"9,762.55",吨标准煤,"综合能源消耗量 | 9,762.55吨标准煤",20,688818_电科蓝天_2025_ESG报告:p20:b12,found,11000,升,,"汽油消耗量 | 电力使用量 | 蒸汽使用量 
11,000升 | 64,298.58兆瓦时 | 927.66吨标准煤",20,688818_电科蓝天_2025_ESG报告:p20:b12,table,候选块明确列示燃料消耗量相关数值及来源单位，数值、单位与证据位置可直接追溯。,codex-agent-c,2026-08-23T16:18:18.785641+00:00
195,688818_电科蓝天_2025_ESG报告,s_supplier,error,true,,公司构建系统化、标准化的供应商管理制度体系，制定并发布《供应商管理办法》《合格供应商管理实施细则》等核心制度，对供应商准入条件、审核流程、评价标准、分级管理、退出机制、廉洁合规等作出全面规范。,33,688818_电科蓝天_2025_ESG报告:p33:b19,found,true,,公司构建系统化、标准化的供应商管理制度体系，制定并发布《供应商管理办法》《合格供应商管理实施细则》《供应商负面清单管理实施细则》《合格供应商准入实施细则》《科研生产物资采购合格供方评价管理办法》等核心制度，对供应商准入条件、审核流程、评价标,公司构建系统化、标准化的供应商管理制度体系，制定并发布《供应商管理办法》《合格供应商管理实施细则》《供应商负面清单管理实施细则》《合格供应商准入实施细则》《科研生产物资采购合格供方评价管理办法》等核心制度，对供应商准入条件、审核流程、评价标准、分级管理、退出机制、廉洁合规等作出全面规范，实现供应商管理全流程有章可循、有,33,688818_电科蓝天_2025_ESG报告:p33:b19,paragraph,单一候选块直接披露供应商管理相关制度、机制或执行事实，足以支持布尔型 found。,codex-agent-c,2026-08-23T16:18:18.785641+00:00
196,920001_纬达光电_2025_ESG报告,g_board_diversity,error,3,人,女性董事人数 | 人 | 3 女性董事占比 | % | 27,52,920001_纬达光电_2025_ESG报告:p52:b2,found,3,人,,女性董事人数 | 人 | 3,52,920001_纬达光电_2025_ESG报告:p52:b2,table,候选块明确列示董事会多元化相关数值及来源单位，数值、单位与证据位置可直接追溯。,codex-agent-c,2026-08-23T16:18:18.785641+00:00
197,920029_开发科技_2025_ESG报告,e_biodiversity,error,true,,公司遵循《中华人民共和国自然保护区条例》等法律法规，开展环境影响评价工作，评估经营活动可能对动植物及生态环境产生的不良影响与风险，并制定相应改善措施。,43,920029_开发科技_2025_ESG报告:p43:b1,found,true,,公司遵循《中华人民共和国自然保护区条例》《中华人民共和国森林法》《中华人民共和国生物安全法》等法律法规，开展环境影响评价工作，评估经营活动可能对动植物及生态环境产生的不良影响与风险，并制定相应改善措施，尽可能降低或消除对环境所产生的不利影响,公司遵循《中华人民共和国自然保护区条例》《中华人民共和国森林法》《中华人民共和国生物安全法》等法律法规，开展环境影响评价工作，评估经营活动可能对动植物及生态环境产生的不良影响与风险，并制定相应改善措施，尽可能降低或消除对环境所产生的不利影响。公司选址远离风景名胜区、自然保护区及文化遗产等特殊保护目标，不在生态保护红线范,43,920029_开发科技_2025_ESG报告:p43:b1,paragraph,单一候选块直接披露生物多样性保护相关制度、机制或执行事实，足以支持布尔型 found。,codex-agent-c,2026-08-23T16:18:18.785641+00:00
198,920029_开发科技_2025_ESG报告,s_work_injury,error,1,人,因工重伤人数(不包括死亡) | 人 | 1 | 0 因工死亡人数 | 人 | 0 | 0,60,920029_开发科技_2025_ESG报告:p60:b4,found,1,人,,因工重伤人数(不包括死亡) | 人 | 1 | 0,60,920029_开发科技_2025_ESG报告:p60:b4,table,候选块明确列示工伤事故相关数值及来源单位，数值、单位与证据位置可直接追溯。,codex-agent-c,2026-08-23T16:18:18.785641+00:00
199,920029_开发科技_2025_ESG报告,g_compliance_management,error,true,,政府及监管部门重点关注议题包括环境合规管理...环境 | 5 | 环境合规管理 | 第三十三条 | 环境合规管理 | 32,12,920029_开发科技_2025_ESG报告:p12:b2,missing,,,,,,,,五个候选块仅出现环境合规议题、风险或索引，未直接披露公司级合规管理制度、体系或执行机制。,codex-agent-c,2026-08-23T16:18:18.785641+00:00
200,920029_开发科技_2025_ESG报告,g_materiality_assessment,error,,,遵循双重重要性原则，从“影响重要性”和“财务重要性”两个维度开展重要性议题调研工作，形成2025年重要性议题矩阵，确定本年度重要性议题及其优先级。,13,920029_开发科技_2025_ESG报告:p13:b8,found,,,报告披露了实质性议题评估相关制度、机制或实践。,遵循双重重要性原则，从“影响重要性”（即对经济、环境、社会可持续性影响的重要程度）和“财务重要性”（即对公司财务影响的重要程度）两个维度开展重要性议题调研工作，形成2025年重要性议题矩阵，确定本年度重要性议题及其优先级。参与问卷调研及日常沟通分析的相关方包括董事、高管、员工、客户、供应商、投资者、监管部门、媒体及公众,13,920029_开发科技_2025_ESG报告:p13:b8,paragraph,单一候选块直接披露实质性议题评估相关制度、机制或实践，足以支持定性 found。,codex-agent-c,2026-08-23T16:18:18.785641+00:00
201,920039_国义招标_2025_ESG报告,g_business_ethics,error,true,,为规范商业道德行为，公司制定并实施《信息披露管理制度》等一系列内部制度，明确要求全体员工及业务往来对象在商业活动中恪守诚信原则，不得从事商业贿赂、内幕交易、不正当竞争等任何违法违规行为。,21,920039_国义招标_2025_ESG报告:p21:b21,found,true,,为规范商业道德行为，公司制定并实施《信息披露管理制度》《内幕信息知情人登记管理制度》《保密工作管理办法》等一系列内部制度，明确要求全体员工及业务往来对象在商业活动中恪守诚信原则，不得从事商业贿赂、内幕交易、不正当竞争等任何违法违规行为。公司,为规范商业道德行为，公司制定并实施《信息披露管理制度》《内幕信息知情人登记管理制度》《保密工作管理办法》等一系列内部制度，明确要求全体员工及业务往来对象在商业活动中恪守诚信原则，不得从事商业贿赂、内幕交易、不正当竞争等任何违法违规行为。公司高度重视信息公开与保密工作的平衡，通过规范的信息披露机制保障股东知情权，通过严格,21,920039_国义招标_2025_ESG报告:p21:b21,paragraph,单一候选块直接披露商业道德相关制度、机制或执行事实，足以支持布尔型 found。,codex-agent-c,2026-08-23T16:18:18.785641+00:00
202,920039_国义招标_2025_ESG报告,g_materiality_assessment,error,,,遵循双重重要性原则，建立“影响重要性”与“财务重要性”双维度评估体系，通过多利益相关方问卷调研，构建2025年度ESG重要性议题矩阵，科学划分核心议题优先级。,11,920039_国义招标_2025_ESG报告:p11:b13,found,,,报告披露了实质性议题评估相关制度、机制或实践。,遵循双重重要性原则，建立“影响重要性”（对经济、环境、社会可持续发展的影响程度）与“财务重要性”（对公司财务状况及经营成果的影响程度）双维度评估体系，通过多利益相关方问卷调研（覆盖监管机构、股东、投资者等核心群体），构建2025年度ESG重要性议题矩阵，科学划分核心议题优先级。,11,920039_国义招标_2025_ESG报告:p11:b13,paragraph,单一候选块直接披露实质性议题评估相关制度、机制或实践，足以支持定性 found。,codex-agent-c,2026-08-23T16:18:18.785641+00:00
203,920167_同享科技_2025_ESG报告,e_waste_total,error,689.74,吨,无害废弃物产生量 吨 686.36 有害废弃物产生量 吨 3.38,38,920167_同享科技_2025_ESG报告:p38:b2,missing,,,,,,,,候选块仅分别披露无害废弃物686.36吨和有害废弃物3.38吨，未直接披露689.74吨总量；禁止人工求和后冒充原文披露。,codex-agent-c,2026-08-23T16:18:18.785641+00:00
204,920167_同享科技_2025_ESG报告,e_nonhazardous_waste,error,686.36,吨,无害废弃物产生量 | 吨 | 449.17 | 395.46 | 686.36,38,920167_同享科技_2025_ESG报告:p38:b2,found,686.36,吨,,$无害废弃物产生量^1$ | 吨 | 449.17 | 395.46 | 686.36,38,920167_同享科技_2025_ESG报告:p38:b2,table,候选块明确列示一般废弃物产生量相关数值及来源单位，数值、单位与证据位置可直接追溯。,codex-agent-c,2026-08-23T16:18:18.785641+00:00
205,920167_同享科技_2025_ESG报告,s_product_quality,error,,,同享科技严格按照 GB/T 19001-2016/ISO 9001:2015 质量管理体系标准建立和实施质量管理体系，制定并持续修订《不合格品控制程序》等系列制度文件。,26,920167_同享科技_2025_ESG报告:p26:b5,found,,,报告披露了产品质量管理相关制度、机制或实践。,同享科技严格按照 GB/T 19001-2016/ISO 9001:2015 质量管理体系标准建立和实施质量管理体系，制定并持续修订《不合格品控制程序》《来料检验作业规范》等系列制度文件。2025 年，公司顺利完成质量管理体系的换证审核，并以此为契机进行了全面的制度梳理与优化，共修订质量手册 1 份、二阶程序文件 12,26,920167_同享科技_2025_ESG报告:p26:b5,paragraph,单一候选块直接披露产品质量管理相关制度、机制或实践，足以支持定性 found。,codex-agent-c,2026-08-23T16:18:18.785641+00:00
206,920299_灿能电力_2025_可持续发展报告,s_data_security,error,true,,公司高度重视数据安全与客户隐私保护工作，已通过ISO/IEC27001信息安全管理体系认证，并制定了《南京灿能数据中心管理办法》等专项管理制度。,56,920299_灿能电力_2025_可持续发展报告:p56:b3,found,true,,公司高度重视数据安全与客户隐私保护工作，已通过ISO/IEC27001信息安全管理体系认证，并制定了《南京灿能数据中心管理办法》《南京灿能研发安全管理办法》等专项管理制度，同时制定了《廉洁自律管理制度》，以标准化、体系化方式全面规范信息安全,公司高度重视数据安全与客户隐私保护工作，已通过ISO/IEC27001信息安全管理体系认证，并制定了《南京灿能数据中心管理办法》《南京灿能研发安全管理办法》等专项管理制度，同时制定了《廉洁自律管理制度》，以标准化、体系化方式全面规范信息安全管理、数据安全管控与客户隐私保护全流程工作，持续强化数据安全治理能力，切实提升信,56,920299_灿能电力_2025_可持续发展报告:p56:b3,paragraph,单一候选块直接披露数据安全与隐私保护相关制度、机制或执行事实，足以支持布尔型 found。,codex-agent-c,2026-08-23T16:18:18.785641+00:00
207,920665_科强股份_2025_ESG报告,e_fuel_consumption,error,4067.96,吨标准煤,"能源消耗总量 | 吨标准煤 | 4,067.96",32,920665_科强股份_2025_ESG报告:p32:b23,found,23.45,吨,,柴油 | 吨 | 23.45,32,920665_科强股份_2025_ESG报告:p32:b23,table,候选块明确列示燃料消耗量相关数值及来源单位，数值、单位与证据位置可直接追溯。,codex-agent-c,2026-08-23T16:18:18.785641+00:00
208,920665_科强股份_2025_ESG报告,s_employee_gender,error,117,人,按性别划分的员工人数 | 女性员工 | 人 | 117,41,920665_科强股份_2025_ESG报告:p41:b0,found,117,人,,女性员工 | 人 | 117,41,920665_科强股份_2025_ESG报告:p41:b0,table,同一候选表格块连续原文明确列示女性员工117人，数值、单位与证据位置可直接追溯。,codex-agent-c,2026-08-23T16:18:18.785641+00:00
