report_id,indicator_id,indicator_name,dimension,indicator_type,status,value,unit,qualitative_text,evidence_quote,page_no,block_id,block_type,llm_confidence,llm_reason,source_candidate_count,elapsed_seconds,postprocess_repaired,quantitative_incomplete,repair_method,repair_reason,raw_response,review_label,review_notes,manual_label,manual_notes
688613_奥精医疗_2025_ESG报告,e_cod,化学需氧量排放量,E,quantitative,found,化学需氧量,,,废水污染物包含 pH 值、氨氮、化学需氧量、五日生化需氧量。,33,688613_奥精医疗_2025_ESG报告:p33:b1,paragraph,0.0000,明确提及化学需氧量,1,0.764,false,true,none,quantitative found result lacks numeric value or unit in evidence_quote,,,,,
603990_麦迪科技_2025_ESG报告,s_customer_complaints,客户投诉,S,quantitative,found,0,,,客户投诉数量0,34,603990_麦迪科技_2025_ESG报告:p34:b15,paragraph,0.0000,明确数值0,5,0.720,false,true,none,quantitative found result lacks numeric value or unit in evidence_quote,,,,,
688439_振华风光_2025_ESG报告,e_air_pollutants,大气污染物排放,E,quantitative,found,颗粒物（PM）、挥发性有机物（VOCs）等,,,公司生产运营过程中主要大气污染物包括颗粒物（PM）、挥发性有机物（VOCs）等。,19,688439_振华风光_2025_ESG报告:p19:b5,paragraph,0.0000,明确列出污染物类型,1,0.767,false,true,none,quantitative found result lacks numeric value or unit in evidence_quote,,,,,
600278_东方创业_2025_ESG报告,g_board_diversity,董事会多元化,G,quantitative,found,7:2,,,董事会成员男女比例为 7 : 2,11,600278_东方创业_2025_ESG报告:p11:b14,paragraph,0.0000,明确提及比例,3,0.709,false,true,none,quantitative found result lacks numeric value or unit in evidence_quote,,,,,
600278_东方创业_2025_ESG报告,g_board_size,董事会人数,G,quantitative,found,9,,,董事会成员男女比例为 7 : 2,11,600278_东方创业_2025_ESG报告:p11:b14,paragraph,0.0000,明确提及董事会成员比例,3,0.727,false,true,none,quantitative found result lacks numeric value or unit in evidence_quote,,,,,
600278_东方创业_2025_ESG报告,g_independent_director_ratio,独立董事占比,G,quantitative,found,6:3,,,非独立董事和独立董事比例为 6 : 3,11,600278_东方创业_2025_ESG报告:p11:b15,paragraph,0.0000,明确给出比例,2,0.744,false,true,none,quantitative found result lacks numeric value or unit in evidence_quote,,,,,
600783_鲁信创投_2025_ESG报告,g_independent_director_ratio,独立董事占比,G,quantitative,found,2,,,独立董事2位 非独立董事1位 独董担任主任委员,16,600783_鲁信创投_2025_ESG报告:p16:b8,paragraph,0.0000,明确提及独立董事数量,5,0.788,false,true,none,quantitative found result lacks numeric value or unit in evidence_quote,,,,,
688709_成都华微_2025_ESG报告,g_board_size,董事会人数,G,quantitative,found,2,,,董事会 (董事会成员) 2,9,688709_成都华微_2025_ESG报告:p9:b3,title,0.0000,明确提及董事会人数为2,5,0.733,false,true,none,quantitative found result lacks numeric value or unit in evidence_quote,,,,,
688226_威腾电气_2025_ESG报告,e_ammonia_nitrogen,氨氮排放量,E,quantitative,found,氨氮,,,在废水排放口安装在线监测设备并接入政府监管平台，实现COD、BOD 、氨氮、pH、SS 等关键指标的实时监控和数据共享，动态监管排放达标情况。,19,688226_威腾电气_2025_ESG报告:p19:b18,paragraph,0.9000,明确提及氨氮指标,1,0.816,false,true,none,quantitative found result lacks numeric value or unit in evidence_quote,,,,,
603373_安邦护卫_2025_ESG暨社会责任报告,g_board_size,董事会人数,G,quantitative,found,11,,,谢伟 | 董事长 | | | ✓ | ✓ | 石焕挺 | 董事 | | | | | ✓ 柯林田 | 董事 | | | | | ✓ 戴楠 | 董事 | | | | | 王方瑞 | 董事 | | | | ✓ | 赵磊 | 董事 | | | | | 叶加若 | 职工董事 | | | | | 王韬 | 独立董事 | ✓ | | ✓ | | ✓ 马文超 | 独立董事 | ✓ | ✓ | | | 梁立 | 独立董事 | ✓ | ✓ | ✓ | | 李道春 | 董事 | | ✓ | | ✓ |,11,603373_安邦护卫_2025_ESG暨社会责任报告:p11:b3,table,0.9500,明确列出11名董事,5,1.291,false,true,none,quantitative found result lacks numeric value or unit in evidence_quote,,,,,
300597_吉大通信_2025_ESG报告,s_customer_complaints,客户投诉,S,quantitative,found,0,件,,报告期内，公司未收到客户投诉。,57,300597_吉大通信_2025_ESG报告:p57:b32,paragraph,0.0000,明确提及未收到投诉,5,0.757,true,false,zero_event_normalization,normalized zero-event count from evidence_quote,,,,,
300949_奥雅股份_2025_ESG报告,s_work_injury,工伤事故,S,quantitative,found,0,起,,2025年度工伤 0,25,300949_奥雅股份_2025_ESG报告:p25:b14,paragraph,0.0000,明确数值,1,0.718,true,false,zero_event_normalization,normalized zero-event count from evidence_quote,,,,,
600651_飞乐音响_2025_可持续发展报告,s_customer_complaints,客户投诉,S,quantitative,found,24,件,,2025年，共处理客户投诉24件，全部得到有效解决。,30,600651_飞乐音响_2025_可持续发展报告:p30:b3,paragraph,0.0000,明确数值24,5,0.830,true,false,customer_complaint_count_override,preferred explicit customer complaint count over adjacent zero-event text,,,,,
600779_水井坊_2025_ESG报告,s_customer_complaints,客户投诉,S,quantitative,found,100%,%,,2025 年，公司通过专项机制确保所有被正式受理的客户投诉实现 100% 的闭环处理。,32,600779_水井坊_2025_ESG报告:p32:b8,paragraph,0.0000,明确提及100%闭环处理,2,0.807,true,false,regex_unit_from_evidence,filled missing quantitative field from evidence_quote,,,,,
600783_鲁信创投_2025_ESG报告,s_customer_complaints,客户投诉,S,quantitative,found,0,件,,报告期内公司未收到客户投诉事件,38,600783_鲁信创投_2025_ESG报告:p38:b21,paragraph,0.0000,明确提及未收到投诉,5,0.788,true,false,zero_event_normalization,normalized zero-event count from evidence_quote,,,,,
688051_佳华科技_2025_ESG报告,s_work_injury,工伤事故,S,quantitative,found,0,起,,全年无应急事故、工伤事故，无重伤和死亡事故,36,688051_佳华科技_2025_ESG报告:p36:b6,paragraph,0.0000,明确提及无工伤事故,3,0.723,true,false,zero_event_normalization,normalized zero-event count from evidence_quote,,,,,
600278_东方创业_2025_ESG报告,e_waste_recycling,废弃物回收利用量,E,quantitative,found,100%,%,,包装废弃物回收率达 100%。,28,600278_东方创业_2025_ESG报告:p28:b18,paragraph,0.0000,明确数值,2,0.663,true,false,regex_unit_from_evidence,filled missing quantitative field from evidence_quote,,,,,
688818_电科蓝天_2025_ESG报告,e_electricity_total,耗电量,E,quantitative,found,10%,%,,报告期内，公司持续跟踪单位产值用电量，2025 年较 2024 年下降约10%，能源使用效率稳步提升。,20,688818_电科蓝天_2025_ESG报告:p20:b9,paragraph,0.0000,明确数值10%,1,0.778,true,false,regex_unit_from_evidence,filled missing quantitative field from evidence_quote,,,,,
300376_易事特_2025_可持续发展报告,g_shareholder_meetings,股东大会次数,G,quantitative,found,4,次,,股东会4次，未发生因信息披露违规受到处罚的情形。,5,300376_易事特_2025_可持续发展报告:p5:b79,paragraph,0.0000,明确提及股东会次数,5,0.879,true,false,regex_unit_from_evidence,filled missing quantitative field from evidence_quote,,,,,
301599_理奇智能_2025_ESG报告,g_independent_director_ratio,独立董事占比,G,quantitative,found,3/8,比例,,独立董事占比 3/8,7,301599_理奇智能_2025_ESG报告:p7:b1,paragraph,0.0000,明确提及比例,5,0.772,true,false,ratio_unit_from_indicator_context,filled ratio unit for fraction value supported by evidence_quote,,,,,
600261_阳光照明_2025_ESG报告,g_board_size,董事会人数,G,quantitative,found,9,名,,公司现有董事会成员 9 名，其中独立董事 3 名。,12,600261_阳光照明_2025_ESG报告:p12:b16,paragraph,0.0000,明确提及董事会人数,1,0.677,true,false,regex_unit_from_evidence,filled missing quantitative field from evidence_quote,,,,,
600406_国电南瑞_2025_ESG报告,g_board_meetings,董事会会议次数,G,quantitative,found,11,次,,召开董事会会议 11次，审议议案68项,16,600406_国电南瑞_2025_ESG报告:p16:b5,list,0.0000,明确提及董事会会议次数,2,0.731,true,false,regex_unit_from_evidence,filled missing quantitative field from evidence_quote,,,,,
600406_国电南瑞_2025_ESG报告,g_independent_director_ratio,独立董事占比,G,quantitative,found,4/10,比例,,非独立董事6名，独立董事4 名，其中女性董事1 名,16,600406_国电南瑞_2025_ESG报告:p16:b27,paragraph,0.0000,明确给出独立董事人数,4,0.771,true,false,ratio_unit_from_indicator_context,filled ratio unit for fraction value supported by evidence_quote,,,,,
600406_国电南瑞_2025_ESG报告,g_shareholder_meetings,股东大会次数,G,quantitative,found,3,次,,召开股东会3次，审议议案20项,16,600406_国电南瑞_2025_ESG报告:p16:b5,list,0.0000,明确提及股东会次数,5,0.818,true,false,regex_unit_from_evidence,filled missing quantitative field from evidence_quote,,,,,
600456_宝钛股份_2025_ESG报告,g_board_meetings,董事会会议次数,G,quantitative,found,12,次,,"召开董事会会议12次,审议议案52项",5,600456_宝钛股份_2025_ESG报告:p5:b36,paragraph,0.0000,明确提及12次,2,0.698,true,false,regex_unit_from_evidence,filled missing quantitative field from evidence_quote,,,,,
600456_宝钛股份_2025_ESG报告,g_shareholder_meetings,股东大会次数,G,quantitative,found,5,次,,"召开股东大会5次,审议议案26项",5,600456_宝钛股份_2025_ESG报告:p5:b35,paragraph,0.0000,明确提及5次,5,0.767,true,false,regex_unit_from_evidence,filled missing quantitative field from evidence_quote,,,,,
600475_华光环能_2025_ESG报告,g_board_size,董事会人数,G,quantitative,found,9,名,,公司董事会由 9 名董事组成，其中女性董事 3 名，女性董事占比 33.33%。,23,600475_华光环能_2025_ESG报告:p23:b18,list,0.0000,明确提及董事会人数,1,0.763,true,false,regex_unit_from_evidence,filled missing quantitative field from evidence_quote,,,,,
600516_方大炭素_2025_ESG报告,g_board_meetings,董事会会议次数,G,quantitative,found,11,次,,董事会会议11次，审议议案37项,7,600516_方大炭素_2025_ESG报告:p7:b3,paragraph,0.0000,明确提及董事会会议次数,1,0.699,true,false,regex_unit_from_evidence,filled missing quantitative field from evidence_quote,,,,,
600630_龙头股份_2025_ESG报告,g_board_size,董事会人数,G,quantitative,found,9,名,,完成新一届董事换届选举，新一届董事会由 9 名成员组成,18,600630_龙头股份_2025_ESG报告:p18:b1,paragraph,0.0000,明确提及董事会成员数量,2,0.700,true,false,regex_unit_from_evidence,filled missing quantitative field from evidence_quote,,,,,
600651_飞乐音响_2025_可持续发展报告,g_shareholder_meetings,股东大会次数,G,quantitative,found,3,次,,2025年，共召开2次业绩说明会、3次股东会。,17,600651_飞乐音响_2025_可持续发展报告:p17:b17,paragraph,0.0000,明确提及股东会次数,4,0.788,true,false,regex_unit_from_evidence,filled missing quantitative field from evidence_quote,,,,,
600684_珠江股份_2025_ESG暨社会责任报告,g_shareholder_meetings,股东大会次数,G,quantitative,found,3,次,,年内召开3次股东会包括：1次年度会议2次临时会议,39,600684_珠江股份_2025_ESG暨社会责任报告:p39:b17,paragraph,0.0000,明确提及次数,5,0.775,true,false,regex_unit_from_evidence,filled missing quantitative field from evidence_quote,,,,,
600713_南京医药_2025_ESG报告,g_board_meetings,董事会会议次数,G,quantitative,found,14,次,,公司召开董事会会议 14次， 董事会成员出席率 100%,13,600713_南京医药_2025_ESG报告:p13:b11,paragraph,0.0000,明确提及14次董事会会议,2,0.746,true,false,regex_unit_from_evidence,filled missing quantitative field from evidence_quote,,,,,
600779_水井坊_2025_ESG报告,g_shareholder_meetings,股东大会次数,G,quantitative,found,3,次,,2025年，公司共召开3次股东大会和3次业绩说明会,15,600779_水井坊_2025_ESG报告:p15:b30,paragraph,0.0000,明确提及3次股东大会,5,0.790,true,false,regex_unit_from_evidence,filled missing quantitative field from evidence_quote,,,,,
600783_鲁信创投_2025_ESG报告,g_board_meetings,董事会会议次数,G,quantitative,found,11,次,,报告期内，公司共召开董事会会议11次，董事会成员出席率100%，共审议通过议案44项。,16,600783_鲁信创投_2025_ESG报告:p16:b3,paragraph,0.0000,明确提及会议次数,2,0.737,true,false,regex_unit_from_evidence,filled missing quantitative field from evidence_quote,,,,,
600805_悦达投资_2025_ESG报告,g_shareholder_meetings,股东大会次数,G,quantitative,found,2,次,,2025年 | 公司共召开股东会 | 审议议案 2次 | 12项,26,600805_悦达投资_2025_ESG报告:p26:b6,table,0.0000,明确提及股东会召开次数,5,0.759,true,false,regex_unit_from_evidence,filled missing quantitative field from evidence_quote,,,,,
600846_同济科技_2025_ESG报告,g_board_diversity,董事会多元化,G,quantitative,found,9,名,,公司董事会成员共9名，其中外部董事7名，独立董事3名，公司董事会成员结构合理经验丰富，具备多元的专业背景，涵盖企业管理、财税、法律等专业，符合法律法规和上市公司监管要求。,15,600846_同济科技_2025_ESG报告:p15:b25,paragraph,0.0000,明确提及董事会成员总数,1,0.793,true,false,regex_unit_from_evidence,filled missing quantitative field from evidence_quote,,,,,
600846_同济科技_2025_ESG报告,g_board_size,董事会人数,G,quantitative,found,9,名,,公司董事会成员共9名，其中外部董事7名，独立董事3名，公司董事会成员结构合理经验丰富，具备多元的专业背景，涵盖企业管理、财税、法律等专业，符合法律法规和上市公司监管要求。,15,600846_同济科技_2025_ESG报告:p15:b25,paragraph,0.0000,明确提及董事会人数为9名,1,0.823,true,false,regex_unit_from_evidence,filled missing quantitative field from evidence_quote,,,,,
600850_电科数字_2025_ESG报告,g_board_size,董事会人数,G,quantitative,found,9,人,,董事会成员共9人，其中独立董事3人，占比33.33%。,9,600850_电科数字_2025_ESG报告:p9:b25,paragraph,0.0000,明确提及董事会人数9人,2,0.719,true,false,regex_unit_from_evidence,filled missing quantitative field from evidence_quote,,,,,
600855_航天长峰_2025_ESG报告,g_board_meetings,董事会会议次数,G,quantitative,found,10,次,,公司组织召开董事会10次、监事会3次、股东会5次；组织召开董事会各专门委员会 10 次，独立董事专门会议 2 次；,31,600855_航天长峰_2025_ESG报告:p31:b18,paragraph,0.0000,明确提及董事会会议次数,3,0.800,true,false,regex_unit_from_evidence,filled missing quantitative field from evidence_quote,,,,,
600874_创业环保_2025_可持续发展报告,g_board_meetings,董事会会议次数,G,quantitative,found,25,次,,召开董事会 25 次，董事出席率 100%,6,600874_创业环保_2025_可持续发展报告:p6:b3,list,0.0000,明确提及董事会会议次数,2,0.759,true,false,regex_unit_from_evidence,filled missing quantitative field from evidence_quote,,,,,
600874_创业环保_2025_可持续发展报告,g_board_size,董事会人数,G,quantitative,found,9,名,,董事会由9 名董事组成，其中女性董事占比 22.22%,13,600874_创业环保_2025_可持续发展报告:p13:b1,list,0.0000,明确提及董事会人数,3,0.795,true,false,regex_unit_from_evidence,filled missing quantitative field from evidence_quote,,,,,
600874_创业环保_2025_可持续发展报告,g_shareholder_meetings,股东大会次数,G,quantitative,found,4,次,,股东会 4 次，审议议案 21项,13,600874_创业环保_2025_可持续发展报告:p13:b1,list,0.0000,明确提及股东会次数,5,0.820,true,false,regex_unit_from_evidence,filled missing quantitative field from evidence_quote,,,,,
600877_电科芯片_2025_ESG暨社会责任报告,g_board_size,董事会人数,G,quantitative,found,9,名,,由9名具有不同行业与学术背景的董事组成,6,600877_电科芯片_2025_ESG暨社会责任报告:p6:b11,paragraph,0.0000,明确提及9名董事,1,0.676,true,false,regex_unit_from_evidence,filled missing quantitative field from evidence_quote,,,,,
600919_江苏银行_2025_可持续发展报告,g_board_meetings,董事会会议次数,G,quantitative,found,10,次,,全年召开董事会会议10次，审议通过本行《2026-2030年发展战略规划》《ESG暨社会责任报告》《绿色金融发展报告》《负责任银行原则自评估报告》《全面风险管理报告》《关联交易报告》《数据安全管理办法》等涉及重要ESG领域的议案，审阅《风险偏好执行情况评估报告》《反洗钱和反恐怖融资工作情况报告》等报告，切实履行董事会在ESG发展规划、绿色金融、普惠金融、消费者金融保护、社会责任履行等方面的职责。,60,600919_江苏银行_2025_可持续发展报告:p60:b5,paragraph,0.0000,明确提及10次,2,1.033,true,false,regex_unit_from_evidence,filled missing quantitative field from evidence_quote,,,,,
600919_江苏银行_2025_可持续发展报告,g_board_size,董事会人数,G,quantitative,found,15,名,,截至2025年末，本行董事会共有董事15名，其中执行董事4名、独立非执行董事5名、非独立非执行董事6名。,59,600919_江苏银行_2025_可持续发展报告:p59:b15,paragraph,0.0000,明确提及董事会人数15名,3,0.831,true,false,regex_unit_from_evidence,filled missing quantitative field from evidence_quote,,,,,
600963_岳阳林纸_2025_ESG报告,g_board_diversity,董事会多元化,G,quantitative,found,57%,人,,报告期末，公司董事会共有董事7人，其中女性董事4人，占比 57%，体现了董事会成员的性别多元化,51,600963_岳阳林纸_2025_ESG报告:p51:b3,paragraph,0.0000,明确数值57%,3,0.767,true,false,regex_unit_from_evidence,filled missing quantitative field from evidence_quote,,,,,
600963_岳阳林纸_2025_ESG报告,g_board_meetings,董事会会议次数,G,quantitative,found,12,次,,2025年公司召开董事会会议12次(包括4次定期会议、8次临时会议)。,50,600963_岳阳林纸_2025_ESG报告:p50:b12,paragraph,0.0000,明确提及12次,4,0.819,true,false,regex_unit_from_evidence,filled missing quantitative field from evidence_quote,,,,,
600963_岳阳林纸_2025_ESG报告,g_board_size,董事会人数,G,quantitative,found,7,人,,报告期末，公司董事会共有董事7人，其中女性董事4人，占比 57%，体现了董事会成员的性别多元化；同时，董事会成员涵盖了不同年龄段和工作经验的成员，有助干在决策中获得多元化的经验和意见。,51,600963_岳阳林纸_2025_ESG报告:p51:b3,paragraph,0.0000,明确提及董事会人数7人,2,0.829,true,false,regex_unit_from_evidence,filled missing quantitative field from evidence_quote,,,,,
600996_贵广网络_2025_ESG报告,g_board_meetings,董事会会议次数,G,quantitative,found,7,次,,2025年，公司共组织召开3次股东会、7次董事会、15次董事会专门委员会、4次独立董事专门会议。,10,600996_贵广网络_2025_ESG报告:p10:b1,paragraph,0.0000,明确提及董事会会议次数,1,0.764,true,false,regex_unit_from_evidence,filled missing quantitative field from evidence_quote,,,,,
601975_招商南油_2025_ESG报告,g_shareholder_meetings,股东大会次数,G,quantitative,found,4,次,,股东会 | 4次 | 16项,13,601975_招商南油_2025_ESG报告:p13:b6,table,0.0000,明确提及股东会召开4次,5,0.761,true,false,regex_unit_from_evidence,filled missing quantitative field from evidence_quote,,,,,
603051_鹿山新材_2025_ESG报告,g_board_meetings,董事会会议次数,G,quantitative,found,8,次,,共召开董事会8次，提交董事会审议议案共计59项,63,603051_鹿山新材_2025_ESG报告:p63:b1,paragraph,0.0000,明确提及董事会会议次数,1,0.710,true,false,regex_unit_from_evidence,filled missing quantitative field from evidence_quote,,,,,
603051_鹿山新材_2025_ESG报告,g_board_size,董事会人数,G,quantitative,found,5,名,,姓名 | 性别 | 年龄 | 职务 | 专业领域/背景 | 服务任期 汪加胜 | 男 | 55 | 董事长、总经理 | 行业专家/战略管理 | 10年以上 杜壮 | 男 | 40 | 董事 | 项目/研发管理 | 5年以下 唐小军 | 男 | 48 | 职工董事、副总经理、董事会秘书 | 投融资管理 | 5年以下 容敏智 | 男 | 65 | 独立董事 | 行业专家/教授 | 5年以下 吴小满 | 男 | 49 | 独立董事 | 会计/财务管理 | 5年以下,64,603051_鹿山新材_2025_ESG报告:p64:b2,table,0.0000,明确列出5名董事,1,1.195,true,false,regex_unit_from_evidence,filled missing quantitative field from evidence_quote,,,,,
603051_鹿山新材_2025_ESG报告,g_shareholder_meetings,股东大会次数,G,quantitative,found,1,次,,2025年，公司共召开股东大会1次，提交股东大会审议议案共计17项；董事会8次，提交董事会审议议案共计59项；监事会4次，提交监事会审议议案共计17项。,10,603051_鹿山新材_2025_ESG报告:p10:b22,paragraph,0.0000,明确提及股东大会次数,4,0.879,true,false,regex_unit_from_evidence,filled missing quantitative field from evidence_quote,,,,,
603329_上海雅仕_2025_ESG报告,g_board_size,董事会人数,G,quantitative,found,9,人,,公司董事会成员人数 | 按性别包含男性董事 | 女性董事 | 按类型包含独立董事 | 非独立董事 9人 | 8位 | 1人 | 3人 | 6人,21,603329_上海雅仕_2025_ESG报告:p21:b7,table,0.0000,明确提及董事会人数为9人,1,0.826,true,false,regex_unit_from_evidence,filled missing quantitative field from evidence_quote,,,,,
603333_尚纬股份_2025_ESG报告,g_board_meetings,董事会会议次数,G,quantitative,found,8,次,,召开董事会会议8次,57,603333_尚纬股份_2025_ESG报告:p57:b6,table,0.0000,明确提及董事会会议次数,1,0.679,true,false,regex_unit_from_evidence,filled missing quantitative field from evidence_quote,,,,,
603333_尚纬股份_2025_ESG报告,g_board_size,董事会人数,G,quantitative,found,9,名,,董事9名 | 其中独立董事3名占比33.33% 其中非独立董事6名占比66.67% | 其中女性董事5名占比55.56% 召开股东会会议3次 | 召开董事会会议8次,57,603333_尚纬股份_2025_ESG报告:p57:b6,table,0.0000,明确提及董事会人数为9名,1,0.867,true,false,regex_unit_from_evidence,filled missing quantitative field from evidence_quote,,,,,
603368_柳药集团_2025_ESG报告,g_shareholder_meetings,股东大会次数,G,quantitative,found,3,次,,报告期内召开股东大会 | 通过议案 | 对中小投资者单独计票 3次 | 31 | 12 关键绩效,17,603368_柳药集团_2025_ESG报告:p17:b8,table,0.0000,明确提及3次,5,0.782,true,false,regex_unit_from_evidence,filled missing quantitative field from evidence_quote,,,,,
603399_永杉锂业_2025_可持续发展报告,g_board_size,董事会人数,G,quantitative,found,7,名,,截止本报告期末，公司董事会设董事7名，其中非执行董事7名。,13,603399_永杉锂业_2025_可持续发展报告:p13:b7,paragraph,0.0000,明确提及董事会人数,2,0.725,true,false,regex_unit_from_evidence,filled missing quantitative field from evidence_quote,,,,,
603979_金诚信_2025_ESG报告,g_board_meetings,董事会会议次数,G,quantitative,found,12,次,,报告期内，公司共召开12次董事会会议，董事会成员出席率100%。,22,603979_金诚信_2025_ESG报告:p22:b8,paragraph,0.0000,明确提及12次董事会会议,1,0.756,true,false,regex_unit_from_evidence,filled missing quantitative field from evidence_quote,,,,,
605399_晨光新材_2025_ESG报告,g_board_meetings,董事会会议次数,G,quantitative,found,3,次,,公司共召开董事会会议3次，审议通过议案39项，董事会出席率100%；召开各专门委员会会议7次，审议通过议案20项。,14,605399_晨光新材_2025_ESG报告:p14:b5,paragraph,0.0000,明确提及会议次数,2,0.730,true,false,regex_unit_from_evidence,filled missing quantitative field from evidence_quote,,,,,
605399_晨光新材_2025_ESG报告,g_board_size,董事会人数,G,quantitative,found,7,名,,董事会现由7名董事组成，其中包括1名职工代表董事，该董事由公司职工代表大会通过民主选举程序产生。,15,605399_晨光新材_2025_ESG报告:p15:b7,paragraph,0.0000,明确提及董事会人数为7,1,0.705,true,false,regex_unit_from_evidence,filled missing quantitative field from evidence_quote,,,,,
605399_晨光新材_2025_ESG报告,g_shareholder_meetings,股东大会次数,G,quantitative,found,3,次,,公司共召开股东会会议3次，其中临时股东会2次，年度股东会1次，审议通过议案14项。,14,605399_晨光新材_2025_ESG报告:p14:b4,paragraph,0.0000,明确提及股东会会议次数,5,0.844,true,false,regex_unit_from_evidence,filled missing quantitative field from evidence_quote,,,,,
605488_福莱新材_2025_ESG报告,g_board_meetings,董事会会议次数,G,quantitative,found,17,次,,2025年，公司共召开董事会会议17次，董事出席率达100%。,82,605488_福莱新材_2025_ESG报告:p82:b1,paragraph,0.0000,明确提及会议次数,1,0.719,true,false,regex_unit_from_evidence,filled missing quantitative field from evidence_quote,,,,,
605488_福莱新材_2025_ESG报告,g_board_size,董事会人数,G,quantitative,found,8,名,,目前，8名董事会成员中女性董事1名，董事会成员具备工商管理、高分子材料、会计学、法学等不同领域文化背景，并且多数具备硕士及以上学位，基本履行职务所需知识、专业技能与经验，结构合理。,82,605488_福莱新材_2025_ESG报告:p82:b5,paragraph,0.0000,明确提及8名董事会成员,2,0.831,true,false,regex_unit_from_evidence,filled missing quantitative field from evidence_quote,,,,,
688015_交控科技_2025_ESG暨社会责任报告,g_board_meetings,董事会会议次数,G,quantitative,found,5,次,,召开董事会5次,9,688015_交控科技_2025_ESG暨社会责任报告:p9:b22,paragraph,0.0000,明确提及董事会会议次数,2,0.689,true,false,regex_unit_from_evidence,filled missing quantitative field from evidence_quote,,,,,
688015_交控科技_2025_ESG暨社会责任报告,g_board_size,董事会人数,G,quantitative,found,12,人,,董事会成员人数由11人调整为12人，新增职工董事1人,9,688015_交控科技_2025_ESG暨社会责任报告:p9:b29,paragraph,0.0000,明确数值12,2,0.719,true,false,regex_unit_from_evidence,filled missing quantitative field from evidence_quote,,,,,
688015_交控科技_2025_ESG暨社会责任报告,g_shareholder_meetings,股东大会次数,G,quantitative,found,3,次,,召开股东大会3次,9,688015_交控科技_2025_ESG暨社会责任报告:p9:b17,paragraph,0.0000,明确提及3次,5,0.749,true,false,regex_unit_from_evidence,filled missing quantitative field from evidence_quote,,,,,
688051_佳华科技_2025_ESG报告,g_board_meetings,董事会会议次数,G,quantitative,found,6,次,,2025 年，董事会召开次数 6 次，董事会成员出席率 100%，审议并通过议案个数 54 项。,45,688051_佳华科技_2025_ESG报告:p45:b5,paragraph,0.0000,明确提及董事会召开次数6次,2,0.783,true,false,regex_unit_from_evidence,filled missing quantitative field from evidence_quote,,,,,
688051_佳华科技_2025_ESG报告,g_board_size,董事会人数,G,quantitative,found,9,名,,董事会共 9 名董事，其中女性董事 4 名，占比 4/9；独立董事 3 名，占比 1/3；职工代表董事 1 名，占比 1/9。,45,688051_佳华科技_2025_ESG报告:p45:b6,paragraph,0.0000,明确提及董事会人数为9,3,0.822,true,false,regex_unit_from_evidence,filled missing quantitative field from evidence_quote,,,,,
688051_佳华科技_2025_ESG报告,g_independent_director_ratio,独立董事占比,G,quantitative,found,1/3,比例,,董事会共 9 名董事，其中女性董事 4 名，占比 4/9；独立董事 3 名，占比 1/3；职工代表董事 1 名，占比 1/9。,45,688051_佳华科技_2025_ESG报告:p45:b6,paragraph,0.0000,明确提及独立董事占比1/3,5,0.912,true,false,ratio_unit_from_indicator_context,filled ratio unit for fraction value supported by evidence_quote,,,,,
688218_江苏北人_2025_ESG报告,g_shareholder_meetings,股东大会次数,G,quantitative,found,3,次,,报告期内，公司严格依规召开并记录法定会议：召开1次年度股东会，2次临时股东会、董事会6次，会议材料准备充分、程序合规、决议有效；全年实现信息披露合规与内控治理合规。,9,688218_江苏北人_2025_ESG报告:p9:b6,paragraph,0.0000,明确提及年度股东会1次，临时股东会2次,2,0.844,true,false,regex_unit_from_evidence,filled missing quantitative field from evidence_quote,,,,,
688226_威腾电气_2025_ESG报告,g_independent_director_ratio,独立董事占比,G,quantitative,found,3,名,,报告期内，公司董事会包含 3 名独立董事。,55,688226_威腾电气_2025_ESG报告:p55:b1,paragraph,0.0000,明确提及独立董事数量,4,0.790,true,false,regex_unit_from_evidence,filled missing quantitative field from evidence_quote,,,,,
688226_威腾电气_2025_ESG报告,g_shareholder_meetings,股东大会次数,G,quantitative,found,5,次,,公司股东会召开 5 <sub>次；共审议、听取议案</sub> 37 <sub>项。</sub>,54,688226_威腾电气_2025_ESG报告:p54:b6,paragraph,0.0000,明确提及股东会召开次数,3,0.771,true,false,regex_unit_from_evidence,filled missing quantitative field from evidence_quote,,,,,
688261_东微半导_2026_ESG报告,g_shareholder_meetings,股东大会次数,G,quantitative,found,3,次,,股东会召开次数（次 <sub>）</sub>3 <sub>董事会召开次数（次）</sub>12,5,688261_东微半导_2026_ESG报告:p5:b11,paragraph,0.0000,明确数值,5,0.807,true,false,regex_unit_from_evidence,filled missing quantitative field from evidence_quote,,,,,
688400_凌云光_2025_ESG报告,g_board_size,董事会人数,G,quantitative,found,9,名,,董事会成员 | 职务 | 战略与可持续发展委员会 | 审计委员会 | 提名委员会 | 薪酬与考核委员会 姚毅 | 董事长、总经理 | √ | | | 王文涛 | 副董事长、副总经理 | | | √ | √ 杨艺 | 董事、副总经理 | | | | 赵严 | 董事、副总经理 | √ | | | 邬曦 | 董事 | | √ | | 许兴仁 | 董事 | | | | 王琨 | 独立董事 | | √ | √ | √ 西小虹 | 独立董事 | | √ | √ | √ 孙富春 | 独立董事 | √ | | |,33,688400_凌云光_2025_ESG报告:p33:b10,table,0.0000,明确列出9名成员,4,1.200,true,false,regex_unit_from_evidence,filled missing quantitative field from evidence_quote,,,,,
688409_富创精密_2025_ESG报告,g_independent_director_ratio,独立董事占比,G,quantitative,found,1/3,比例,,公司董事会由9名董事组成，其中独立董事3名，独立董事占比达到1/3，符合监管要求及公司制度规定，为董事会决策的独立性提供了人员保障。,15,688409_富创精密_2025_ESG报告:p15:b21,paragraph,0.0000,明确给出占比数值,4,0.862,true,false,ratio_unit_from_indicator_context,filled ratio unit for fraction value supported by evidence_quote,,,,,
688509_正元地信_2025_ESG报告,g_board_size,董事会人数,G,quantitative,found,5,名,,截至 2025 年末，董事会由 5 名董事组成（其中独立董事 3 名）,7,688509_正元地信_2025_ESG报告:p7:b3,paragraph,0.0000,明确提及董事会人数,2,0.768,true,false,regex_unit_from_evidence,filled missing quantitative field from evidence_quote,,,,,
688690_纳微科技_2025_ESG报告,g_board_size,董事会人数,G,quantitative,found,9,人,,公司董事会成员 9 人，非担任董事的高级管理人员 6 人，,45,688690_纳微科技_2025_ESG报告:p45:b2,paragraph,0.0000,明确提及董事会人数,4,0.829,true,false,regex_unit_from_evidence,filled missing quantitative field from evidence_quote,,,,,
688709_成都华微_2025_ESG报告,g_board_meetings,董事会会议次数,G,quantitative,found,3,次,,报告期内，公司召开股东会3次、召开董事会3次，召开审计委员会4次，薪酬与考核委员会2次，提名委员会2次，战略与ESG委员会1次，独立董事专门会议1次。,18,688709_成都华微_2025_ESG报告:p18:b11,paragraph,0.0000,明确提及董事会会议次数,1,0.784,true,false,regex_unit_from_evidence,filled missing quantitative field from evidence_quote,,,,,
688709_成都华微_2025_ESG报告,g_independent_director_ratio,独立董事占比,G,quantitative,found,3/9,比例,,报告期内，成都华微的董事会共9人，其中独立董事3人。,18,688709_成都华微_2025_ESG报告:p18:b15,paragraph,0.0000,明确给出数值,5,0.742,true,false,ratio_unit_from_indicator_context,filled ratio unit for fraction value supported by evidence_quote,,,,,
688709_成都华微_2025_ESG报告,g_shareholder_meetings,股东大会次数,G,quantitative,found,3,次,,报告期内，公司召开股东会3次、召开董事会3次，召开审计委员会4次，薪酬与考核委员会2次，提名委员会2次，战略与ESG委员会1次，独立董事专门会议1次。,18,688709_成都华微_2025_ESG报告:p18:b11,paragraph,0.0000,明确提及股东会次数,5,0.835,true,false,regex_unit_from_evidence,filled missing quantitative field from evidence_quote,,,,,
920019_铜冠矿建_2025_ESG报告,g_shareholder_meetings,股东大会次数,G,quantitative,found,6,次,,召开股东会 6次，董事会8次，董事会专门委员会及独立董事专门会议18次,12,920019_铜冠矿建_2025_ESG报告:p12:b7,list,0.0000,明确提及股东会次数,5,0.809,true,false,regex_unit_from_evidence,filled missing quantitative field from evidence_quote,,,,,
300212_易华录_2025_ESG报告,s_customer_satisfaction,客户满意度,S,quantitative,found,98,分,,"报告期内,公司开展客户满意度调查,客户满意度总体得分为98分。",31,300212_易华录_2025_ESG报告:p31:b15,paragraph,0.0000,明确数值98分,5,0.806,true,false,regex_unit_from_evidence,filled missing quantitative field from evidence_quote,,,,,
300972_万辰集团_2025_ESG报告,s_employee_gender,女性员工人数或占比,S,quantitative,found,"3,515",人,,"性别结构 | 女性员工 | 3,515",38,300972_万辰集团_2025_ESG报告:p38:b3,chart,0.0000,明确数值,5,0.762,true,false,employee_gender_unit_from_evidence,filled female employee count unit from evidence_quote,,,,,
301043_绿岛风_2025_ESG报告,s_employee_gender,女性员工人数或占比,S,quantitative,found,403,人,,性别::女性员工 | 403,24,301043_绿岛风_2025_ESG报告:p24:b2,chart,0.0000,明确数值匹配,1,0.688,true,false,employee_gender_unit_from_evidence,filled female employee count unit from evidence_quote,,,,,
301043_绿岛风_2025_ESG报告,s_patents,专利数量,S,quantitative,found,2,项,,发明专利 2,18,301043_绿岛风_2025_ESG报告:p18:b8,title,0.0000,明确提及专利数量,5,0.718,true,false,patent_count_unit_from_evidence,filled patent count unit from evidence_quote,,,,,
600456_宝钛股份_2025_ESG报告,s_patents,专利数量,S,quantitative,found,12,项,,获授权专利12项,3,600456_宝钛股份_2025_ESG报告:p3:b5,paragraph,0.0000,明确提及授权专利数量,5,0.733,true,false,patent_count_unit_from_evidence,filled patent count unit from evidence_quote,,,,,
600783_鲁信创投_2025_ESG报告,s_employee_total,员工总数,S,quantitative,found,260,人,,截至报告期末，公司在职员工共计260人，其中雇佣当地员工数量256人，少数民族员工1人，退伍军人员工占比2.69%。,47,600783_鲁信创投_2025_ESG报告:p47:b5,paragraph,0.0000,明确提及员工总数260人,3,0.787,true,false,regex_unit_from_evidence,filled missing quantitative field from evidence_quote,,,,,
603368_柳药集团_2025_ESG报告,s_employee_total,员工总数,S,quantitative,found,5627,人,,"员工总人数 5,627",48,603368_柳药集团_2025_ESG报告:p48:b5,image,0.0000,明确数值,2,0.702,true,false,regex_unit_from_evidence,filled missing quantitative field from evidence_quote,,,,,
688051_佳华科技_2025_ESG报告,s_employee_gender,女性员工人数或占比,S,quantitative,found,160,人,,女性员工 160 人,39,688051_佳华科技_2025_ESG报告:p39:b4,paragraph,0.0000,明确数值,2,0.690,true,false,employee_gender_unit_from_evidence,filled female employee count unit from evidence_quote,,,,,
688613_奥精医疗_2025_ESG报告,s_employee_total,员工总数,S,quantitative,found,281,人,,截至目前，公司在全球范围内的员工总数达到 281 人，与以往同期相比，增长了 3.69%。,19,688613_奥精医疗_2025_ESG报告:p19:b3,paragraph,0.0000,明确数值281,2,0.748,true,false,regex_unit_from_evidence,filled missing quantitative field from evidence_quote,,,,,
920029_开发科技_2025_ESG报告,s_patents,专利数量,S,quantitative,found,39,项,,公司申请专利总数量52件，其中发明专利39件、外观设计专利2件、实用新型专利11件，持续夯实技术壁垒。,19,920029_开发科技_2025_ESG报告:p19:b4,paragraph,0.0000,明确提及专利数量52件,5,0.924,true,false,patent_count_unit_from_evidence,filled patent count unit from evidence_quote,,,,,
600396_华电辽能_2025_ESG报告,g_shareholder_meetings,股东大会次数,G,quantitative,found,4,次,,提请召开股东大会4次，17项议案全部通过，决策效率与科学性持续提升。,10,600396_华电辽能_2025_ESG报告:p10:b2,paragraph,0.9500,明确提及4次股东大会,3,0.764,true,false,regex_unit_from_evidence,filled missing quantitative field from evidence_quote,,,,,
600480_凌云股份_2025_ESG报告,g_board_size,董事会人数,G,quantitative,found,7,名,,董事会由7名成员组成，其中4名外部董事（外部董事中3名为独立董事),20,600480_凌云股份_2025_ESG报告:p20:b10,paragraph,0.9500,明确提及董事会人数为7,3,0.822,true,false,regex_unit_from_evidence,filled missing quantitative field from evidence_quote,,,,,
600516_方大炭素_2025_ESG报告,g_shareholder_meetings,股东大会次数,G,quantitative,found,3,次,,报告期内，公司共召开股东会会议3次，审议议案21项；董事会会议11次，审议议案37项；独立董事专门会议2次、董事会各专门委员会会议9次。,7,600516_方大炭素_2025_ESG报告:p7:b3,paragraph,0.9500,明确提及股东会会议3次,5,0.924,true,false,regex_unit_from_evidence,filled missing quantitative field from evidence_quote,,,,,
600713_南京医药_2025_ESG报告,g_shareholder_meetings,股东大会次数,G,quantitative,found,3,次,,·共召开股东会 3次，其中年度股东会 1次，临时股东会 2次,13,600713_南京医药_2025_ESG报告:p13:b7,list,0.9500,明确提及股东会次数,5,0.813,true,false,regex_unit_from_evidence,filled missing quantitative field from evidence_quote,,,,,
600877_电科芯片_2025_ESG暨社会责任报告,g_board_diversity,董事会多元化,G,quantitative,found,9,名,,董事会规范高效运行，全面提升董事会建设质量。电科芯片重视董事会成员的多元化，由9名具有不同行业与学术背景的董事组成；设有4名独立董事，充分发挥独立董事在参与决策、监督制衡、专业咨询等方面作用，维护公司整体利益和全体股东尤其是中小股东的合法权益。,6,600877_电科芯片_2025_ESG暨社会责任报告:p6:b11,paragraph,0.9500,明确提及9名董事,1,0.886,true,false,regex_unit_from_evidence,filled missing quantitative field from evidence_quote,,,,,
600877_电科芯片_2025_ESG暨社会责任报告,g_independent_director_ratio,独立董事占比,G,quantitative,found,4,名,,董事会由9名董事组成(非独立董事5人、独立董事4人),6,600877_电科芯片_2025_ESG暨社会责任报告:p6:b6,paragraph,0.9500,明确提及独立董事4人,5,0.821,true,false,regex_unit_from_evidence,filled missing quantitative field from evidence_quote,,,,,
600877_电科芯片_2025_ESG暨社会责任报告,g_shareholder_meetings,股东大会次数,G,quantitative,found,3,次,,2025年，电科芯片召开1次年度股东会，2次临时股东会，共审议通过17项议案。,6,600877_电科芯片_2025_ESG暨社会责任报告:p6:b8,paragraph,0.9500,明确提及年度和临时股东会次数,5,0.816,true,false,regex_unit_from_evidence,filled missing quantitative field from evidence_quote,,,,,
600919_江苏银行_2025_可持续发展报告,g_shareholder_meetings,股东大会次数,G,quantitative,found,3,次,,报告期内，本行举行2024年度暨2025年一季度业绩交流会、2025年半年度业绩说明会、2025年三季度业绩说明会，召开股东大会3次，向与会投资者介绍本行经营情况和战略规划，并对市场重点关心的绿色金融目标、股东权益、公司治理等问题逐一解答。,8,600919_江苏银行_2025_可持续发展报告:p8:b31,paragraph,0.9500,明确提及股东大会3次,3,1.048,true,false,regex_unit_from_evidence,filled missing quantitative field from evidence_quote,,,,,
600996_贵广网络_2025_ESG报告,g_shareholder_meetings,股东大会次数,G,quantitative,found,3,次,,2025年，公司共组织召开3次股东会、7次董事会、15次董事会专门委员会、4次独立董事专门会议。,10,600996_贵广网络_2025_ESG报告:p10:b1,paragraph,0.9500,明确提及3次股东会,4,0.868,true,false,regex_unit_from_evidence,filled missing quantitative field from evidence_quote,,,,,
603291_联合水务_2025_ESG报告,g_board_size,董事会人数,G,quantitative,found,9,人,,报告期内，公司董事会成员共9人，其中3名为独立董事，独立董事占比达33.33%。,45,603291_联合水务_2025_ESG报告:p45:b33,paragraph,0.9500,明确提及董事会成员共9人,4,0.822,true,false,regex_unit_from_evidence,filled missing quantitative field from evidence_quote,,,,,
603333_尚纬股份_2025_ESG报告,g_shareholder_meetings,股东大会次数,G,quantitative,found,3,次,,召开股东会会议3次,57,603333_尚纬股份_2025_ESG报告:p57:b6,table,0.9500,明确提及股东会会议次数,4,0.740,true,false,regex_unit_from_evidence,filled missing quantitative field from evidence_quote,,,,,
603368_柳药集团_2025_ESG报告,g_board_size,董事会人数,G,quantitative,found,7,人,,公司董事会成员7人，其中非独立董事4人（含1名职工代表董事），独立董事3人，独立董事占董事会成员达到三分之一以上。,17,603368_柳药集团_2025_ESG报告:p17:b10,paragraph,0.9500,明确提及董事会成员7人,3,0.809,true,false,regex_unit_from_evidence,filled missing quantitative field from evidence_quote,,,,,
603373_安邦护卫_2025_ESG暨社会责任报告,g_board_meetings,董事会会议次数,G,quantitative,found,9,次,,报告期内，公司董事会召开了9次会议，审计委员会召开了5次会议，提名委员会召开了3次会议，薪酬与考核委员会召开了4次会议，战略与投资委员会召开了3次会议，法治与合规委员会召开了4次会议，各董事会成员专门委员会委员的会议出席率均为100%。,11,603373_安邦护卫_2025_ESG暨社会责任报告:p11:b9,paragraph,0.9500,明确提及董事会会议次数,3,0.906,true,false,regex_unit_from_evidence,filled missing quantitative field from evidence_quote,,,,,
603373_安邦护卫_2025_ESG暨社会责任报告,g_independent_director_ratio,独立董事占比,G,quantitative,found,4,名,,公司董事会由11名董事组成，设董事长1名，独立董事4名。,10,603373_安邦护卫_2025_ESG暨社会责任报告:p10:b10,paragraph,0.9500,明确提及独立董事4名,5,0.823,true,false,regex_unit_from_evidence,filled missing quantitative field from evidence_quote,,,,,
603717_天域生物_2025_ESG报告,g_shareholder_meetings,股东大会次数,G,quantitative,found,5,次,,股东会 | 董事会 | 审计委员会 | 提名委员会 5次 | 15次 | 8次 | 2次,9,603717_天域生物_2025_ESG报告:p9:b7,table,0.9500,明确提及股东会召开5次,5,0.905,true,false,regex_unit_from_evidence,filled missing quantitative field from evidence_quote,,,,,
688226_威腾电气_2025_ESG报告,g_board_meetings,董事会会议次数,G,quantitative,found,10,次,,公司董事会召开 10 次；共审议、听取议案 98 项；董事会成员出席率 100%。,54,688226_威腾电气_2025_ESG报告:p54:b7,paragraph,0.9500,明确提及董事会会议次数,3,0.738,true,false,regex_unit_from_evidence,filled missing quantitative field from evidence_quote,,,,,
688509_正元地信_2025_ESG报告,g_independent_director_ratio,独立董事占比,G,quantitative,found,3,名,,截至 2025 年末，董事会由 5 名董事组成（其中独立董事 3 名）,7,688509_正元地信_2025_ESG报告:p7:b3,paragraph,0.9500,明确提及独立董事数量,2,0.743,true,false,regex_unit_from_evidence,filled missing quantitative field from evidence_quote,,,,,
688613_奥精医疗_2025_ESG报告,g_board_size,董事会人数,G,quantitative,found,9,名,,公司董事会由 9 名董事构成，其中包括 3 名独立董事、3 名女性董事，人员结构兼具专业性与多元化特点。,14,688613_奥精医疗_2025_ESG报告:p14:b7,paragraph,0.9500,明确提及董事会人数为9,2,0.797,true,false,regex_unit_from_evidence,filled missing quantitative field from evidence_quote,,,,,
920299_灿能电力_2025_可持续发展报告,g_independent_director_ratio,独立董事占比,G,quantitative,found,2/6,比例,,公司董事会由6名成员组成，其中包括4名非独立董事与2名独立董事，独立董事占比达三分之一。,23,920299_灿能电力_2025_可持续发展报告:p23:b4,paragraph,0.9500,明确给出独立董事人数和总人数,5,0.887,true,false,ratio_unit_from_indicator_context,filled ratio unit for fraction value supported by evidence_quote,,,,,
000016_深康佳Ａ_2025_ESG报告,e_environmental_penalty,环境处罚,E,boolean,found,true,,公司及下属单位未发生环境违法违规及重大环境事件,未发生环境违法违规及重大环境事件,15,000016_深康佳Ａ_2025_ESG报告:p15:b5,paragraph,0.0000,明确提及未发生环境违法违规事件,1,0.718,false,false,none,,,,,,
000825_太钢不锈_2025_可持续发展报告,e_environmental_penalty,环境处罚,E,boolean,found,true,,报告中明确披露环保处罚事件为0件，表明无环境处罚记录。,环保处罚事件 | 件 | 0 | 0 | 0,47,000825_太钢不锈_2025_可持续发展报告:p47:b1,table,0.0000,明确披露0件,2,0.888,false,false,none,,,,,,
001322_箭牌家居_2025_ESG报告,e_environmental_penalty,环境处罚,E,boolean,found,true,,供应商准入要求包含近三年无重大环保处罚,所有准入供应商均满足“近三年无重大环保处罚”、“签订社会责任承诺书”等关键ESG 指标要求,54,001322_箭牌家居_2025_ESG报告:p54:b7,paragraph,0.0000,明确提及无重大环保处罚要求,1,0.795,false,false,none,,,,,,
002079_苏州固锝_2025_ESG报告,e_environmental_penalty,环境处罚,E,boolean,found,true,,全年无环境违法事件,全年无环境违法事件,8,002079_苏州固锝_2025_ESG报告:p8:b39,list,0.0000,明确披露无环境违法事件,1,0.654,false,false,none,,,,,,
002627_三峡旅游_2025_ESG报告,e_environmental_penalty,环境处罚,E,boolean,found,true,,公司明确披露环境法规趋严可能导致行政处罚，已制定应对策略。,"环境法规的不断趋严可能导致公司面临更高的合规成本,未遵守政策会导致行政处罚。",16,002627_三峡旅游_2025_ESG报告:p16:b6,table,0.0000,明确提及环境处罚风险,1,0.775,false,false,none,,,,,,
002692_远程股份_2026_ESG报告,e_environmental_penalty,环境处罚,E,boolean,found,true,,公司未因环境违法违规被环保部门调查，不存在行政处罚或刑事处罚。,报告期内，公司未因环境违法违规被环保部门调查，不存在行政处罚或刑事处罚。,21,002692_远程股份_2026_ESG报告:p21:b8,paragraph,0.0000,明确披露无处罚,1,0.788,false,false,none,,,,,,
300376_易事特_2025_可持续发展报告,e_environmental_penalty,环境处罚,E,boolean,found,true,,公司未发生因环境违法导致的行政处罚或重大环境风险事件。,报告期内，公司各类污染物排放均满足国家及地方相关标准要求，未发生因环境违法导致的行政处罚或重大环境风险事件。,29,300376_易事特_2025_可持续发展报告:p29:b5,paragraph,0.0000,明确提及未发生环境处罚,2,0.778,false,false,none,,,,,,
300982_苏文电能_2025_ESG报告,e_environmental_penalty,环境处罚,E,boolean,found,true,,报告披露2025年环境违规处罚事件0起，表明无环境处罚发生。,环境违规处罚事件0起,31,300982_苏文电能_2025_ESG报告:p31:b7,table,0.0000,明确披露0起处罚,1,0.690,false,false,none,,,,,,
600406_国电南瑞_2025_ESG报告,e_environmental_penalty,环境处罚,E,boolean,found,true,,公司未发生环境违法违规及入刑事件，无突发重大环境事件。,环境违法违规及入刑事件0起 突发重大环境事件0起,48,600406_国电南瑞_2025_ESG报告:p48:b7,list,0.0000,明确披露0起事件,1,0.778,false,false,none,,,,,,
600651_飞乐音响_2025_可持续发展报告,e_environmental_penalty,环境处罚,E,boolean,found,true,,公司2025年未发生环境违法违规及入刑事件,2025年，公司未发生突发重大环境事件，无环境违法违规及入刑事件。,33,600651_飞乐音响_2025_可持续发展报告:p33:b3,paragraph,0.0000,明确披露无环境违法违规事件,1,0.741,false,false,none,,,,,,
600963_岳阳林纸_2025_ESG报告,e_environmental_penalty,环境处罚,E,boolean,found,true,,报告期内未发生环保处罚,报告期内，岳阳林纸未发生任何生态环境违法违规行为、环保处罚及环境突发事件。,29,600963_岳阳林纸_2025_ESG报告:p29:b3,paragraph,0.0000,明确披露无处罚,2,0.769,false,false,none,,,,,,
601118_海南橡胶_2025_ESG报告,e_environmental_penalty,环境处罚,E,boolean,found,true,,报告期内无环境处罚,报告期内无有效投诉及环境处罚。,44,601118_海南橡胶_2025_ESG报告:p44:b23,paragraph,0.0000,明确披露无处罚,1,0.690,false,false,none,,,,,,
601555_东吴证券_2025_可持续发展报告,e_environmental_penalty,环境处罚,E,boolean,found,true,,公司未发生环境违规事件及重大行政处罚,报告期内，公司未发生突发重大环境违规事件，且未有因环境事件受到生态环境等有关部门重大行政处罚或被追究刑事责任的情况。,15,601555_东吴证券_2025_可持续发展报告:p15:b2,paragraph,0.0000,明确披露无处罚,2,0.812,false,false,none,,,,,,
603051_鹿山新材_2025_ESG报告,e_environmental_penalty,环境处罚,E,boolean,found,true,,公司未发生重大环境违法违规事件，环境管理运行平稳合规。,报告期内，公司环境管理运行平稳合规，未发生任何重大环境违法违规事件，环境风险始终处于可控状态。,19,603051_鹿山新材_2025_ESG报告:p19:b13,paragraph,0.0000,明确披露未发生环境处罚,2,0.795,false,false,none,,,,,,
603260_合盛硅业_2025_可持续发展报告,e_environmental_penalty,环境处罚,E,boolean,found,true,,公司未发生重大环境违法违规事件,2025年，公司未发生重大环境违法违规事件。,23,603260_合盛硅业_2025_可持续发展报告:p23:b1,paragraph,0.0000,明确披露未发生环境处罚,1,0.740,false,false,none,,,,,,
603368_柳药集团_2025_ESG报告,e_environmental_penalty,环境处罚,E,boolean,found,true,,公司全年无因环境违法受到环境保护部门的行政处罚。,公司及下属子公司均不属于高污染企业和重点排污单位，且能严格遵守国家有关环境保护的法律法规，针对性的开展环境保护和节能减排工作，全年无违反环保法律法规的行为和污染事故，无因环境违法受到环境保护部门的行政处罚。,63,603368_柳药集团_2025_ESG报告:p63:b1,paragraph,0.0000,明确提及无环境处罚,1,0.874,false,false,none,,,,,,
603918_金桥信息_2025_ESG报告,e_environmental_penalty,环境处罚,E,boolean,found,true,,公司明确披露环境违规违法事件为零，确保合规经营。,"环境违规违法事件为零,确保合规经营",33,603918_金桥信息_2025_ESG报告:p33:b15,table,0.0000,明确披露环境违规违法事件为零,1,0.752,false,false,none,,,,,,
603979_金诚信_2025_ESG报告,e_environmental_penalty,环境处罚,E,boolean,found,true,,报告披露环境违规事件/环保事故0起，表明无环境处罚记录。,环境违规事件/环保事故0起,31,603979_金诚信_2025_ESG报告:p31:b8,image,0.0000,明确披露无环境处罚,2,0.859,false,false,none,,,,,,
688015_交控科技_2025_ESG暨社会责任报告,e_environmental_penalty,环境处罚,E,boolean,found,true,,公司全年未发生环保处罚，环境绩效合规。,全年未发生环境污染事件或环保处罚，环境绩效保持持续稳定合规的良好态势。,34,688015_交控科技_2025_ESG暨社会责任报告:p34:b29,paragraph,0.0000,明确提及环保处罚为0,2,0.784,false,false,none,,,,,,
688439_振华风光_2025_ESG报告,e_environmental_penalty,环境处罚,E,boolean,found,true,,公司全年未发生环境违法违规事件及行政处罚,全年未发生环境违法违规事件、重大环境污染事故及相关行政处罚。,6,688439_振华风光_2025_ESG报告:p6:b6,paragraph,0.0000,明确披露未发生处罚,3,0.768,false,false,none,,,,,,
688613_奥精医疗_2025_ESG报告,e_environmental_penalty,环境处罚,E,boolean,found,true,,公司严格遵守环境保护相关法律法规，未发生环境违法行为及环境污染事故，无环保行政处罚记录。,未发生任何环境违法行为及环境污染事故，无环保行政处罚记录,33,688613_奥精医疗_2025_ESG报告:p33:b11,paragraph,0.0000,明确提及无环保行政处罚记录,1,0.800,false,false,none,,,,,,
920001_纬达光电_2025_ESG报告,e_environmental_penalty,环境处罚,E,boolean,found,true,,报告中明确披露无重大环境违法违规行为,重大环境违法违规行为 | 次 | 0,28,920001_纬达光电_2025_ESG报告:p28:b5,table,0.0000,证据明确显示0次,3,0.818,false,false,none,,,,,,
920019_铜冠矿建_2025_ESG报告,e_environmental_penalty,环境处罚,E,boolean,found,true,,公司明确披露未发生环境违法违规及入刑事件，未发生突发重大环境事故。,未发生任何环境违法违规及入刑事件，未发生突发重大环境事故。,4,920019_铜冠矿建_2025_ESG报告:p4:b6,paragraph,0.0000,明确提及未发生环境违规事件,4,0.809,false,false,none,,,,,,
920122_中纺标_2025_ESG报告,e_environmental_penalty,环境处罚,E,boolean,found,true,,公司未发生环境违规事件及投诉事件，未发生因污染物排放受到重大行政处罚或者被追究刑事责任的情况。,2025年度按法规运行管理环境影响，未发生环境违规事件及投诉事件，未发生因污染物排放受到重大行政处罚或者被追究刑事责任的情况。,29,920122_中纺标_2025_ESG报告:p29:b2,paragraph,0.0000,明确提及未发生环境处罚,1,0.811,false,false,none,,,,,,
920299_灿能电力_2025_可持续发展报告,e_environmental_penalty,环境处罚,E,boolean,found,true,,报告中明确披露环保处罚事件为0起，表明无环境处罚事件发生。,环保处罚事件 | 起 | | 0,38,920299_灿能电力_2025_可持续发展报告:p38:b11,table,0.0000,明确披露环保处罚事件为0,2,0.789,false,false,none,,,,,,
000016_深康佳Ａ_2025_ESG报告,e_cod,化学需氧量排放量,E,quantitative,found,36.54,吨,,化学需氧量排放量 | 36.54 吨 | ↓ 8.13%,17,000016_深康佳Ａ_2025_ESG报告:p17:b24,table,0.0000,明确数值,2,0.789,false,false,none,,,,,,
000503_国新健康_2025_ESG报告,e_ghg_total,温室气体排放总量,E,quantitative,found,308.22,吨二氧化碳当量,,温室气体排放总量(范围一和范围二) | 吨二氧化碳当量 | 308.22 | 338.08,34,000503_国新健康_2025_ESG报告:p34:b6,table,0.0000,明确数值匹配,2,0.841,false,false,none,,,,,,
000547_航天发展_2025_ESG报告,e_ammonia_nitrogen,氨氮排放量,E,quantitative,found,1576720000,毫克,,"氨氮排放总量 | 毫克 | 820,473,000 | 1,688,165,000 | 1,576,720,000",44,000547_航天发展_2025_ESG报告:p44:b3,table,0.0000,明确数值,2,0.933,false,false,none,,,,,,
000547_航天发展_2025_ESG报告,e_cod,化学需氧量排放量,E,quantitative,found,"2,859,367,000",毫克,,"化学需氧量（COD）总量 2,859,367,000毫克",35,000547_航天发展_2025_ESG报告:p35:b12,paragraph,0.0000,明确数值匹配,3,0.867,false,false,none,,,,,,
000557_西部创业_2025_可持续发展报告,e_ammonia_nitrogen,氨氮排放量,E,quantitative,found,"96,180",吨,,"废水排放总量 | 96,180吨 | 全部资源化利用",22,000557_西部创业_2025_可持续发展报告:p22:b15,table,0.0000,明确数值,1,0.759,false,false,none,,,,,,
000557_西部创业_2025_可持续发展报告,e_cod,化学需氧量排放量,E,quantitative,found,"96,180",吨,,"废水排放总量 | 96,180吨 | 全部资源化利用",22,000557_西部创业_2025_可持续发展报告:p22:b15,table,0.0000,明确数值匹配,1,0.775,false,false,none,,,,,,
000598_兴蓉环境_2025_ESG报告,e_ammonia_nitrogen,氨氮排放量,E,quantitative,found,"43,915.86",吨,,"氨氮(NH3-N)削减量 | 吨 | 43,915.86",35,000598_兴蓉环境_2025_ESG报告:p35:b14,table,0.0000,明确数值,2,0.834,false,false,none,,,,,,
000758_中色股份_2025_ESG暨社会责任报告,e_ammonia_nitrogen,氨氮排放量,E,quantitative,found,0.30,吨,,氨氮排放量 | 吨 | 0.30 | 0.19 | 3.07,50,000758_中色股份_2025_ESG暨社会责任报告:p50:b5,table,0.0000,明确数值,2,0.818,false,false,none,,,,,,
000758_中色股份_2025_ESG暨社会责任报告,e_cod,化学需氧量排放量,E,quantitative,found,10.80,吨,,化学需氧量排放量 | 吨 | 10.80 | 9.92 | 16.75,50,000758_中色股份_2025_ESG暨社会责任报告:p50:b5,table,0.0000,明确数值和单位,3,0.846,false,false,none,,,,,,
000758_中色股份_2025_ESG暨社会责任报告,e_ghg_total,温室气体排放总量,E,quantitative,found,79.20,万吨二氧化碳当量,,温室气体排放总量 | 万吨二氧化碳当量 | 79.20 | 72.26 | 74.53,50,000758_中色股份_2025_ESG暨社会责任报告:p50:b5,table,0.0000,明确数值匹配,1,0.861,false,false,none,,,,,,
000777_中核科技_2025_ESG暨社会责任报告,e_ammonia_nitrogen,氨氮排放量,E,quantitative,found,0.117,吨,,氨氮( $NH_3$ -N) | 吨 | 0.117,50,000777_中核科技_2025_ESG暨社会责任报告:p50:b3,table,0.0000,明确数值匹配,1,0.834,false,false,none,,,,,,
000881_中广核技_2025_ESG报告,e_ammonia_nitrogen,氨氮排放量,E,quantitative,found,1.94,吨,,废水中氨氮(NH3-N)排放量3 | 吨 | 2.89 | 1.66 | 1.94,47,000881_中广核技_2025_ESG报告:p47:b2,table,0.0000,明确数值,2,0.864,false,false,none,,,,,,
000881_中广核技_2025_ESG报告,e_cod,化学需氧量排放量,E,quantitative,found,53.42,吨,,废水中化学需氧量(COD)排放量3 | 吨 | 41.46 | 11.45 | 53.42,47,000881_中广核技_2025_ESG报告:p47:b2,table,0.0000,明确数值,2,0.870,false,false,none,,,,,,
000881_中广核技_2025_ESG报告,e_ghg_total,温室气体排放总量,E,quantitative,found,"140,841.94",吨二氧化碳,,"温室气体排放总量140,841.94吨二氧化碳，较2024年下降0.02%",18,000881_中广核技_2025_ESG报告:p18:b2,list,0.0000,明确数值匹配,2,0.874,false,false,none,,,,,,
000968_蓝焰控股_2025_ESG报告,e_ghg_total,温室气体排放总量,E,quantitative,found,"173,191.41",吨二氧化碳当量,,"温室气体排放总量 | 吨二氧化碳当量 | 173,191.41",22,000968_蓝焰控股_2025_ESG报告:p22:b12,table,0.0000,明确数值匹配,2,0.817,false,false,none,,,,,,
001322_箭牌家居_2025_ESG报告,e_ghg_total,温室气体排放总量,E,quantitative,found,21.83,万吨,,2025 年，公司碳排放总量为21.83 万吨，较 2024 年减少7.39 万吨。,25,001322_箭牌家居_2025_ESG报告:p25:b12,paragraph,0.0000,明确数值和单位,1,0.794,false,false,none,,,,,,
002011_盾安环境_2025_ESG报告,e_ammonia_nitrogen,氨氮排放量,E,quantitative,found,0.048,吨,,氨氮(NH3-N) | 吨 | 0.048 | 0.125 | 0.063,22,002011_盾安环境_2025_ESG报告:p22:b0,table,0.0000,明确数值匹配,3,0.838,false,false,none,,,,,,
002035_华帝股份_2025_ESG报告,e_ammonia_nitrogen,氨氮排放量,E,quantitative,found,0.006,吨,,外排废水氨氮量 | 吨 | 0.006 | 0.006 | -,46,002035_华帝股份_2025_ESG报告:p46:b1,table,0.0000,明确数值匹配,2,0.819,false,false,none,,,,,,
002035_华帝股份_2025_ESG报告,e_cod,化学需氧量排放量,E,quantitative,found,0.013,吨,,外排废水COD(化学需氧量)量 | 吨 | 0.013 | 0.012 | -,46,002035_华帝股份_2025_ESG报告:p46:b1,table,0.0000,明确数值,1,0.855,false,false,none,,,,,,
002035_华帝股份_2025_ESG报告,e_ghg_total,温室气体排放总量,E,quantitative,found,530,吨二氧化碳当量,,温室气体排放总量 | 吨二氧化碳当量 | 530 | 550 | 650,46,002035_华帝股份_2025_ESG报告:p46:b1,table,0.0000,明确数值,2,0.838,false,false,none,,,,,,
002079_苏州固锝_2025_ESG报告,e_ghg_total,温室气体排放总量,E,quantitative,found,22382.07,吨二氧化碳当量,,"温室气体排放总量 22,382.07 吨二氧化碳当量",8,002079_苏州固锝_2025_ESG报告:p8:b39,list,0.0000,明确数值匹配,3,0.829,false,false,none,,,,,,
002326_永太科技_2025_ESG报告,e_ghg_total,温室气体排放总量,E,quantitative,found,"278,203.99",吨二氧化碳当量,,"温室气体排放总量 | 吨二氧化碳当量 | 278,203.99",48,002326_永太科技_2025_ESG报告:p48:b5,table,0.0000,明确数值匹配,3,0.892,false,false,none,,,,,,
002444_巨星科技_2025_ESG报告,e_ammonia_nitrogen,氨氮排放量,E,quantitative,found,0.58,吨,,氨氮含量(NH3-N) | 吨 | 0.58,19,002444_巨星科技_2025_ESG报告:p19:b1,table,0.0000,明确数值匹配,2,0.738,false,false,none,,,,,,
002444_巨星科技_2025_ESG报告,e_cod,化学需氧量排放量,E,quantitative,found,4.59,吨,,化学需氧量(COD) | 吨 | 4.59,19,002444_巨星科技_2025_ESG报告:p19:b1,table,0.0000,明确数值匹配,2,0.713,false,false,none,,,,,,
002444_巨星科技_2025_ESG报告,e_ghg_total,温室气体排放总量,E,quantitative,found,"5,142.79",吨二氧化碳当量(tCO2e),,"2025年 温室气体排放总量(范围一+范围二) | 吨二氧化碳当量(tCO2e) | 5,142.79",46,002444_巨星科技_2025_ESG报告:p46:b3,table,0.0000,明确数值匹配,1,0.885,false,false,none,,,,,,
002490_山东墨龙_2025_ESG报告,e_ammonia_nitrogen,氨氮排放量,E,quantitative,found,3.95,毫克/升,,氨氮(NH3-N) | 毫克/升 | 3.95,34,002490_山东墨龙_2025_ESG报告:p34:b12,table,0.0000,明确数值匹配,2,0.835,false,false,none,,,,,,
002490_山东墨龙_2025_ESG报告,e_cod,化学需氧量排放量,E,quantitative,found,285.00,毫克/升,,化学需氧量(COD) | 毫克/升 | 285.00,34,002490_山东墨龙_2025_ESG报告:p34:b12,table,0.0000,明确数值,2,0.882,false,false,none,,,,,,
002568_百润股份_2025_ESG报告,e_ghg_total,温室气体排放总量,E,quantitative,found,"76,683.89",吨二氧化碳当量,,"温室气体排放总量(范围一和范围二) | 吨二氧化碳当量 | 75,266.79 | 76,683.89",47,002568_百润股份_2025_ESG报告:p47:b1,table,0.0000,明确数值,2,0.852,false,false,none,,,,,,
002649_博彦科技_2025_ESG报告,e_ghg_total,温室气体排放总量,E,quantitative,found,"6,603.47",吨二氧化碳当量,,"温室气体排放总量(范围一+范围二) | 吨二氧化碳当量 | 6,603.47 | 7,174.96 | 6776.13",43,002649_博彦科技_2025_ESG报告:p43:b2,table,0.0000,明确数值,5,0.965,false,false,none,,,,,,
002782_可立克_2025_可持续发展报告,e_ammonia_nitrogen,氨氮排放量,E,quantitative,found,0.30,吨,,氨氮排放量 | 吨 | 0.30,34,002782_可立克_2025_可持续发展报告:p34:b3,table,0.0000,明确数值,2,0.763,false,false,none,,,,,,
002782_可立克_2025_可持续发展报告,e_cod,化学需氧量排放量,E,quantitative,found,6.15,吨,,化学需氧量排放量 | 吨 | 6.15,34,002782_可立克_2025_可持续发展报告:p34:b3,table,0.0000,明确数值,2,0.768,false,false,none,,,,,,
002782_可立克_2025_可持续发展报告,e_ghg_total,温室气体排放总量,E,quantitative,found,43672.58,吨二氧化碳当量,,"温室气体排放总量(范围一和范围二) | 吨二氧化碳当量 | 43,672.58",38,002782_可立克_2025_可持续发展报告:p38:b10,table,0.0000,明确数值,2,0.876,false,false,none,,,,,,
002849_威星智能_2025_ESG报告,e_ghg_total,温室气体排放总量,E,quantitative,found,"2,808",吨,,"温室气体排放总量:2,808吨,同比下降:1.2%",9,002849_威星智能_2025_ESG报告:p9:b0,table,0.0000,明确数值,3,0.800,false,false,none,,,,,,
002958_青农商行_2025_可持续发展报告,e_ghg_total,温室气体排放总量,E,quantitative,found,"24,348.58",吨二氧化碳当量(tCO2e),,"温室气体排放总量 | 吨二氧化碳当量(tCO2e) | 24,348.58",30,002958_青农商行_2025_可持续发展报告:p30:b5,table,0.0000,明确数值,2,0.898,false,false,none,,,,,,
002999_天禾股份_2025_ESG报告,e_ghg_total,温室气体排放总量,E,quantitative,found,"1,746.54",吨二氧化碳当量,,"温室气体排放总量(范围一+范围二) | 1,746.54吨二氧化碳当量",7,002999_天禾股份_2025_ESG报告:p7:b9,table,0.0000,明确数值匹配,2,0.761,false,false,none,,,,,,
003030_祖名股份_2025_ESG报告,e_ammonia_nitrogen,氨氮排放量,E,quantitative,found,10,mg/L,,安吉基地的内部管控标准为COD≤100mg/L、氨氮≤10mg/L、总磷≤8mg/L。,32,003030_祖名股份_2025_ESG报告:p32:b7,list,0.0000,明确数值,3,0.821,false,false,none,,,,,,
003030_祖名股份_2025_ESG报告,e_ghg_total,温室气体排放总量,E,quantitative,found,158907.77,吨二氧化碳当量,,"温室气体排放总量 | 吨二氧化碳当量 | 158,907.77",28,003030_祖名股份_2025_ESG报告:p28:b11,table,0.0000,明确数值,2,0.854,false,false,none,,,,,,
00568_山东墨龙_2025_ESG报告,e_ammonia_nitrogen,氨氮排放量,E,quantitative,found,3.95,毫克/升,,氨氮（NH3-N） | 毫克/升 | 3.95,68,00568_山东墨龙_2025_ESG报告:p68:b1,table,0.0000,明确数值,2,0.879,false,false,none,,,,,,
00568_山东墨龙_2025_ESG报告,e_cod,化学需氧量排放量,E,quantitative,found,285.00,毫克/升,,化學需氧量（COD） | 毫克/升 | 285.00,68,00568_山东墨龙_2025_ESG报告:p68:b1,table,0.0000,明确数值,2,0.899,false,false,none,,,,,,
00666_瑞浦兰钧_2025_ESG报告,e_ammonia_nitrogen,氨氮排放量,E,quantitative,found,0.20,噸,,氨氮排放量 | 噸 | 0.20 | 0.09 | 0.39,54,00666_瑞浦兰钧_2025_ESG报告:p54:b2,table,0.0000,明确数值匹配,2,0.857,false,false,none,,,,,,
00666_瑞浦兰钧_2025_ESG报告,e_cod,化学需氧量排放量,E,quantitative,found,2.11,噸,,COD排放量 | 噸 | 2.11 | 1.66 | 2.93,54,00666_瑞浦兰钧_2025_ESG报告:p54:b2,table,0.0000,明确数值匹配,2,0.860,false,false,none,,,,,,
02402_亿华通_2025_ESG报告,e_cod,化学需氧量排放量,E,quantitative,found,0.1,噸,,化學需氧量(COD)排放量 | 噸 | 0.1 | 0.8 | 5.3,52,02402_亿华通_2025_ESG报告:p52:b3,table,0.0000,明确数值匹配,1,0.773,false,false,none,,,,,,
300035_中科电气_2025_ESG报告,e_ghg_total,温室气体排放总量,E,quantitative,found,"570,468.12",吨二氧化碳当量,,"二氧化碳排放量 | 吨二氧化碳当量 | $570,468.12^9$ | 440,012.61 | 348,754.82",63,300035_中科电气_2025_ESG报告:p63:b2,table,0.0000,明确数值,1,0.913,false,false,none,,,,,,
300068_ST南都_2025_ESG报告,e_ammonia_nitrogen,氨氮排放量,E,quantitative,found,0.16,吨,,氨氮 | 吨 | 0.16 | 0.74 | 0.91,41,300068_ST南都_2025_ESG报告:p41:b0,table,0.0000,明确数值匹配,1,0.833,false,false,none,,,,,,
300068_ST南都_2025_ESG报告,e_cod,化学需氧量排放量,E,quantitative,found,10.95,吨,,化学需氧量(COD) | 10.95(吨) | 是 | 70.148(吨) | 无,29,300068_ST南都_2025_ESG报告:p29:b4,table,0.0000,明确数值匹配,2,0.898,false,false,none,,,,,,
300100_双林股份_2025_ESG报告,e_ghg_total,温室气体排放总量,E,quantitative,found,"85,192.88",吨二氧化碳当量,,"温室气体排放总量(范围1及2) | 吨二氧化碳当量 | 85,192.88",35,300100_双林股份_2025_ESG报告:p35:b10,table,0.0000,明确数值匹配,1,0.894,false,false,none,,,,,,
300149_睿智医药_2025_ESG报告,e_cod,化学需氧量排放量,E,quantitative,found,11.12,吨,,化学需氧量(COD)排放量 | 吨 | 14.05 | 11.12,40,300149_睿智医药_2025_ESG报告:p40:b0,table,0.0000,明确数值匹配,3,0.832,false,false,none,,,,,,
300149_睿智医药_2025_ESG报告,e_ghg_total,温室气体排放总量,E,quantitative,found,"21,429.17",吨二氧化碳当量,,"温室气体排放总量 | 吨二氧化碳当量 | 21,429.17 | 19,352.83",40,300149_睿智医药_2025_ESG报告:p40:b0,table,0.0000,明确数值匹配,1,0.844,false,false,none,,,,,,
300212_易华录_2025_ESG报告,e_ghg_total,温室气体排放总量,E,quantitative,found,85.75,吨二氧化碳当量,,2025年 温室气体排放总量 | 吨二氧化碳当量 | 85.75,20,300212_易华录_2025_ESG报告:p20:b11,table,0.0000,明确数值匹配,1,0.803,false,false,none,,,,,,
300261_雅本化学_2025_ESG报告,e_ghg_total,温室气体排放总量,E,quantitative,found,"85,021.70",吨二氧化碳当量,,"基准期(2022年) | 2025年 温室气体排放总量(范围1&2)(吨二氧化碳当量) | 85,021.70 | 69,477.00",25,300261_雅本化学_2025_ESG报告:p25:b26,table,0.0000,明确数值,2,0.848,false,false,none,,,,,,
300597_吉大通信_2025_ESG报告,e_ghg_total,温室气体排放总量,E,quantitative,found,132.77,吨二氧化碳当量,,温室气体排放总量 | 吨二氧化碳当量 | 132.77,36,300597_吉大通信_2025_ESG报告:p36:b2,table,0.0000,明确数值匹配,2,0.776,false,false,none,,,,,,
300832_新产业_2025_ESG报告,e_ghg_total,温室气体排放总量,E,quantitative,found,17071.48,吨二氧化碳当量,,"2025年，公司运营所产生的二氧化碳排放总量（范围1和范围2）为17,071.48吨二氧化碳当量，其中直接排放量（范围1）为2,589.96吨二氧化碳当量，间接排放量（范围2）为14,481.52吨二氧化碳当量，碳排放强度为0.0373吨二氧化碳当量/万元<sup>①</sup>。",30,300832_新产业_2025_ESG报告:p30:b1,paragraph,0.0000,明确数值匹配,2,1.027,false,false,none,,,,,,
300834_星辉环材_2025_ESG报告,e_cod,化学需氧量排放量,E,quantitative,found,0.144,吨/年,,化学需氧量 | 0.144 | 6.863%,17,300834_星辉环材_2025_ESG报告:p17:b3,table,0.0000,明确数值匹配,1,0.767,false,false,none,,,,,,
300949_奥雅股份_2025_ESG报告,e_ghg_total,温室气体排放总量,E,quantitative,found,1280,吨CO₂e,,2025年完成全公司碳盘查，范围1+2碳排放总量1280吨CO₂e，同比下降10%。,23,300949_奥雅股份_2025_ESG报告:p23:b1,paragraph,0.0000,明确数值和单位,1,0.779,false,false,none,,,,,,
301043_绿岛风_2025_ESG报告,e_cod,化学需氧量排放量,E,quantitative,found,0.708,t/a,,COD | 间接排放 | 1 | 污水处理车间 | 20 | 50 | 0.708t/a | 0.957t/a | 无,28,301043_绿岛风_2025_ESG报告:p28:b2,table,0.0000,明确数值匹配,1,0.808,false,false,none,,,,,,
301073_君亭酒店_2025_ESG报告,e_ghg_total,温室气体排放总量,E,quantitative,found,27470.27,吨二氧化碳当量,,"温室气体排放总量 | 吨二氧化碳当量 | 24,046.39 | 27,470.27 | 27,313.69",64,301073_君亭酒店_2025_ESG报告:p64:b4,table,0.0000,明确数值,2,0.889,false,false,none,,,,,,
301185_鸥玛软件_2025_ESG报告,e_ghg_total,温室气体排放总量,E,quantitative,found,589.71,吨CO_2,,温室气体排放总量(范围1+范围2) | $吨CO_2$ | 589.71,48,301185_鸥玛软件_2025_ESG报告:p48:b2,table,0.0000,明确数值匹配,2,0.797,false,false,none,,,,,,
301308_江波龙_2025_ESG报告,e_ammonia_nitrogen,氨氮排放量,E,quantitative,found,52.53,吨,,氨氮排放总量 | 吨 | 52.53,78,301308_江波龙_2025_ESG报告:p78:b0,table,0.0000,明确数值匹配,1,0.768,false,false,none,,,,,,
301370_国科恒泰_2025_ESG报告,e_ghg_total,温室气体排放总量,E,quantitative,found,"3,069.87",tCO2e,,"2025年 温室气体排放总量 | tCO2e | 3,069.87",40,301370_国科恒泰_2025_ESG报告:p40:b13,table,0.0000,明确数值匹配,1,0.803,false,false,none,,,,,,
301522_上大股份_2025_ESG报告,e_ammonia_nitrogen,氨氮排放量,E,quantitative,found,1.97,吨,,氨氮排放量 | 吨 | 1.97 | 9.89,27,301522_上大股份_2025_ESG报告:p27:b21,table,0.0000,明确数值匹配,4,0.794,false,false,none,,,,,,
301599_理奇智能_2025_ESG报告,e_ghg_total,温室气体排放总量,E,quantitative,found,989.02,吨二氧化碳当量,,温室气体排放总量为 989.02 吨二氧化碳当量。,25,301599_理奇智能_2025_ESG报告:p25:b14,paragraph,0.0000,明确数值和单位,1,0.746,false,false,none,,,,,,
600009_上海机场_2025_ESG报告,e_ammonia_nitrogen,氨氮排放量,E,quantitative,found,1.78,吨,,氨氮( $NH_3-N$ ) | 吨 | 1.78,65,600009_上海机场_2025_ESG报告:p65:b0,table,0.0000,明确数值匹配,2,0.752,false,false,none,,,,,,
600009_上海机场_2025_ESG报告,e_ghg_total,温室气体排放总量,E,quantitative,found,"232,807.05",吨 $CO_2e$,,"温室气体排放总量 | 吨 $CO_2e$ | 232,807.05",65,600009_上海机场_2025_ESG报告:p65:b0,table,0.0000,明确数值匹配,3,0.833,false,false,none,,,,,,
600021_上海电力_2025_ESG报告,e_ghg_total,温室气体排放总量,E,quantitative,found,4494.38,万吨二氧化碳当量,,温室气体排放总量 | 万吨二氧化碳当量 | 4626.66 | 4494.38,15,600021_上海电力_2025_ESG报告:p15:b5,table,0.0000,明确数值匹配,4,1.021,false,false,none,,,,,,
