order,cohort_id,report_id,pdf_path,pdf_sha256,pdf_size_bytes,expected_pages,inclusion_reason
1,formal-v2-frozen-200,000016_深康佳Ａ_2025_ESG报告,data/raw_pdfs/000016_深康佳Ａ_2025_ESG报告.pdf,d7915e78af82038cda08053deefc7f26e0200daeabc825908cfb8b2295433952,18571555,46,exact formal_v2 frozen 200-report cohort
2,formal-v2-frozen-200,000158_常山北明_2025_ESG报告,data/raw_pdfs/000158_常山北明_2025_ESG报告.pdf,2865bf56799c47d1f3f7b0082e3d4240e6868d0d56e39251058166a5da459cbd,25313896,32,exact formal_v2 frozen 200-report cohort
3,formal-v2-frozen-200,000403_派林生物_2025_ESG报告,data/raw_pdfs/000403_派林生物_2025_ESG报告.pdf,069c8cefafe48b95195094eb7c432fd85decad4531712d771a831e0aa317bf8a,5151642,36,exact formal_v2 frozen 200-report cohort
4,formal-v2-frozen-200,000503_国新健康_2025_ESG报告,data/raw_pdfs/000503_国新健康_2025_ESG报告.pdf,bfe081d1ca20f7a58637d86b302b5b97350686fd3bcde6a46086279bffe92111,31632276,35,exact formal_v2 frozen 200-report cohort
5,formal-v2-frozen-200,000526_学大教育_2025_ESG报告,data/raw_pdfs/000526_学大教育_2025_ESG报告.pdf,29b4930a12f5d3889486a78f0e3fd040d1c715e731a70eb00b421d8c9734e2d0,3013175,50,exact formal_v2 frozen 200-report cohort
6,formal-v2-frozen-200,000537_绿发电力_2025_ESG报告,data/raw_pdfs/000537_绿发电力_2025_ESG报告.pdf,e706524d63b4c173ab7fbf44b2874972c30f26a2c2abc3f6ca3bc8acfd7af9c0,32524281,51,exact formal_v2 frozen 200-report cohort
7,formal-v2-frozen-200,000547_航天发展_2025_ESG报告,data/raw_pdfs/000547_航天发展_2025_ESG报告.pdf,d0a1faf09eb876a19a53b05b5e265773ba48ecd3d258df186578e57cbe35e2c1,13910874,47,exact formal_v2 frozen 200-report cohort
8,formal-v2-frozen-200,000557_西部创业_2025_可持续发展报告,data/raw_pdfs/000557_西部创业_2025_可持续发展报告.pdf,2d107a642ecfefd7ffd40df1c4a084ac839a8523ba8b696b5a63e53795e16a02,24219619,54,exact formal_v2 frozen 200-report cohort
9,formal-v2-frozen-200,000598_兴蓉环境_2025_ESG报告,data/raw_pdfs/000598_兴蓉环境_2025_ESG报告.pdf,6324e0cca28c550b3df3763b818e9733e9a6a06159eacfc93df429ec2d0d9899,11103375,38,exact formal_v2 frozen 200-report cohort
10,formal-v2-frozen-200,000628_高新发展_2025_ESG报告,data/raw_pdfs/000628_高新发展_2025_ESG报告.pdf,b2386cf4fb8389fe0372a35d3c50d831c12adc0a911d65c6500440607b9b98c9,11548903,69,exact formal_v2 frozen 200-report cohort
11,formal-v2-frozen-200,000720_新能泰山_2025_ESG报告,data/raw_pdfs/000720_新能泰山_2025_ESG报告.pdf,b5ef183241434407b8becec072bb3cc88d93a748579cbff6a0329c365c21fa5f,12551305,36,exact formal_v2 frozen 200-report cohort
12,formal-v2-frozen-200,000758_中色股份_2025_ESG暨社会责任报告,data/raw_pdfs/000758_中色股份_2025_ESG暨社会责任报告.pdf,c2f9584aacea5ba27596251052d7f2693ba67c1e47397920b9d4fceff9fb5d50,21852102,53,exact formal_v2 frozen 200-report cohort
13,formal-v2-frozen-200,000777_中核科技_2025_ESG暨社会责任报告,data/raw_pdfs/000777_中核科技_2025_ESG暨社会责任报告.pdf,8f137ece64d49070b9c2ae4f7f0b5efc40b52c4920d119565ba1000b5a43db0b,25000141,58,exact formal_v2 frozen 200-report cohort
14,formal-v2-frozen-200,000810_创维数字_2025_ESG报告,data/raw_pdfs/000810_创维数字_2025_ESG报告.pdf,bf4a1aedd8f83579e91559c60a6f080a23b96aea73fc0beb69f07a0f7a220d84,16714361,47,exact formal_v2 frozen 200-report cohort
15,formal-v2-frozen-200,000825_太钢不锈_2025_可持续发展报告,data/raw_pdfs/000825_太钢不锈_2025_可持续发展报告.pdf,9f8499cd51d92725f02dcb394183650126c0cd9d94b6fb4ede1f82bcd8befab1,11821929,51,exact formal_v2 frozen 200-report cohort
16,formal-v2-frozen-200,000881_中广核技_2025_ESG报告,data/raw_pdfs/000881_中广核技_2025_ESG报告.pdf,6e5bbd50cb5452f4ed91feedd5f47a58a129e277ed75e93fe95fda11f53f5a79,5597469,53,exact formal_v2 frozen 200-report cohort
17,formal-v2-frozen-200,000922_佳电股份_2026_ESG报告,data/raw_pdfs/000922_佳电股份_2026_ESG报告.pdf,d2297fbdfb0207d290f680cb0f637746d49dbbc37a96f488c458ef28c412f690,174015,1,exact formal_v2 frozen 200-report cohort
18,formal-v2-frozen-200,000923_河钢资源_2025_ESG报告,data/raw_pdfs/000923_河钢资源_2025_ESG报告.pdf,d0adbfe04fc56a1539dec9fa09bf12ba108424c032bc0dc25b3847c98b170989,22103613,46,exact formal_v2 frozen 200-report cohort
19,formal-v2-frozen-200,000968_蓝焰控股_2025_ESG报告,data/raw_pdfs/000968_蓝焰控股_2025_ESG报告.pdf,5c4abdbc288198410be2b4a40ec8eb253bbdc58b41eb85bd2372ebdf31863b4d,25474433,50,exact formal_v2 frozen 200-report cohort
20,formal-v2-frozen-200,000998_隆平高科_2025_ESG报告,data/raw_pdfs/000998_隆平高科_2025_ESG报告.pdf,b54759119cdaa97db709cfa79b19b3160582cca188d6604a36c69b0180e07347,25521781,103,exact formal_v2 frozen 200-report cohort
21,formal-v2-frozen-200,001287_中电港_2025_ESG报告,data/raw_pdfs/001287_中电港_2025_ESG报告.pdf,d09719d93beaf5b53715a8a677d6e839c613af6ce4e8c787c8321d47e42f2436,12535893,35,exact formal_v2 frozen 200-report cohort
22,formal-v2-frozen-200,001322_箭牌家居_2025_ESG报告,data/raw_pdfs/001322_箭牌家居_2025_ESG报告.pdf,9dabbc3e4171fc825ca64f9b56062d8deaab9e3464c3b22d3ca04974ff725aae,4009382,63,exact formal_v2 frozen 200-report cohort
23,formal-v2-frozen-200,001390_古麒绒材_2025_可持续发展报告,data/raw_pdfs/001390_古麒绒材_2025_可持续发展报告.pdf,acb742ba42a6bf965a995d5220322e08e727964504b5e19b89b6a58e50a56908,16000377,55,exact formal_v2 frozen 200-report cohort
24,formal-v2-frozen-200,002011_盾安环境_2025_ESG报告,data/raw_pdfs/002011_盾安环境_2025_ESG报告.pdf,02802bc72ceacee1181c4c0febe129c69c76b511e54f5af7116cfb05c92e110a,22067692,50,exact formal_v2 frozen 200-report cohort
25,formal-v2-frozen-200,002035_华帝股份_2025_ESG报告,data/raw_pdfs/002035_华帝股份_2025_ESG报告.pdf,27c65c5388e1070e2f8d1af08a097b668fd97e787998fa431e0c53b136514f79,12226249,50,exact formal_v2 frozen 200-report cohort
26,formal-v2-frozen-200,002037_保利联合_2025_ESG报告,data/raw_pdfs/002037_保利联合_2025_ESG报告.pdf,32365314c45519cf480c379f1b3bd0e6373e77d608b4e0533e7fa73cd6fcf132,20408591,18,exact formal_v2 frozen 200-report cohort
27,formal-v2-frozen-200,002048_宁波华翔_2025_ESG报告,data/raw_pdfs/002048_宁波华翔_2025_ESG报告.pdf,bd163c63e290865c4d3c774306204ab71f357208a1b1bc3ffb4e1238bdc7dc5d,21557665,50,exact formal_v2 frozen 200-report cohort
28,formal-v2-frozen-200,002079_苏州固锝_2025_ESG报告,data/raw_pdfs/002079_苏州固锝_2025_ESG报告.pdf,d3fe0d400c16fb8ab75888ac842a32a6723c0420d47a238b36b194b50afdb8ba,18915621,56,exact formal_v2 frozen 200-report cohort
29,formal-v2-frozen-200,002203_海亮股份_2025_ESG报告,data/raw_pdfs/002203_海亮股份_2025_ESG报告.pdf,a247c4d9aa325c35949f53a6cf94397c3a3e9bbcd5ae92a2fc4ed7f1a6d13609,19518271,52,exact formal_v2 frozen 200-report cohort
30,formal-v2-frozen-200,002326_永太科技_2025_ESG报告,data/raw_pdfs/002326_永太科技_2025_ESG报告.pdf,1cc4a2499be0754088f60861279b146db915042c462fab862c93a260f8c71058,21663898,53,exact formal_v2 frozen 200-report cohort
31,formal-v2-frozen-200,002444_巨星科技_2025_ESG报告,data/raw_pdfs/002444_巨星科技_2025_ESG报告.pdf,698160da787b1bf879bf9769b9d329b67d3a440b28fa2703097db9f4b9c5a317,17322984,51,exact formal_v2 frozen 200-report cohort
32,formal-v2-frozen-200,002490_山东墨龙_2025_ESG报告,data/raw_pdfs/002490_山东墨龙_2025_ESG报告.pdf,66bb71e67cffe5ef7b3df2a3d08d7c0127352d30b8fd6c1342d85b1d974d8abd,7252561,89,exact formal_v2 frozen 200-report cohort
33,formal-v2-frozen-200,002533_金杯电工_2025_ESG报告,data/raw_pdfs/002533_金杯电工_2025_ESG报告.pdf,5e9fa862745fef56d970b696f464396aa26b52443ddd7d07c427eb1b2265b826,30177510,46,exact formal_v2 frozen 200-report cohort
34,formal-v2-frozen-200,002568_百润股份_2025_ESG报告,data/raw_pdfs/002568_百润股份_2025_ESG报告.pdf,4ccd27dede4ae55956137ddc06c06bfba4fe3fac7c6affda08b4fde7b07414f5,32134136,50,exact formal_v2 frozen 200-report cohort
35,formal-v2-frozen-200,002573_清新环境_2025_ESG报告,data/raw_pdfs/002573_清新环境_2025_ESG报告.pdf,881d09969fe0c6a43a1a09c3a8e41647711f0621948b4035aef96f5564e27328,30937255,37,exact formal_v2 frozen 200-report cohort
36,formal-v2-frozen-200,002627_三峡旅游_2025_ESG报告,data/raw_pdfs/002627_三峡旅游_2025_ESG报告.pdf,1392a31caf6ba07bb0ec5ca62490567b541f5e4e301fbd2d7f75c510355bd061,16843078,53,exact formal_v2 frozen 200-report cohort
37,formal-v2-frozen-200,002649_博彦科技_2025_ESG报告,data/raw_pdfs/002649_博彦科技_2025_ESG报告.pdf,a8e7e2a76c728bb2b7f08487d41efa2aade2b2b659c76952b49dd69d24e1bef3,16360077,47,exact formal_v2 frozen 200-report cohort
38,formal-v2-frozen-200,002663_普邦股份_2025_ESG报告,data/raw_pdfs/002663_普邦股份_2025_ESG报告.pdf,7701369627be53b9206f1773a4f3e2ba40e94abac5de9f5ba5f1c50b8ad01c7b,7670077,41,exact formal_v2 frozen 200-report cohort
39,formal-v2-frozen-200,002692_远程股份_2026_ESG报告,data/raw_pdfs/002692_远程股份_2026_ESG报告.pdf,b4b62fd7d4c3edb18dc7612db11afaab279dfd7bab1af870fa14f30829f468cd,29792228,59,exact formal_v2 frozen 200-report cohort
40,formal-v2-frozen-200,002782_可立克_2025_可持续发展报告,data/raw_pdfs/002782_可立克_2025_可持续发展报告.pdf,915094d1c5561212af7aa4a094426560d710223d57f1da499e3ee6b54d7d3cb3,22828257,43,exact formal_v2 frozen 200-report cohort
41,formal-v2-frozen-200,002807_江阴银行_2025_ESG报告,data/raw_pdfs/002807_江阴银行_2025_ESG报告.pdf,a23949aa5ed130432c2392b5f9b6230a6ef12676119a63d54183a9d185275f45,19055958,52,exact formal_v2 frozen 200-report cohort
42,formal-v2-frozen-200,002849_威星智能_2025_ESG报告,data/raw_pdfs/002849_威星智能_2025_ESG报告.pdf,15371198a81d0f73a97c587ad1cb3ba072bf1336fbef51e9883e1544902aff12,17147526,53,exact formal_v2 frozen 200-report cohort
43,formal-v2-frozen-200,002851_麦格米特_2025_ESG暨社会责任报告,data/raw_pdfs/002851_麦格米特_2025_ESG暨社会责任报告.pdf,9c71365a4d503770a13f69941337415b1b75eea744718d0813ded37e165a6fa6,25410264,49,exact formal_v2 frozen 200-report cohort
44,formal-v2-frozen-200,002886_沃特股份_2025_ESG报告,data/raw_pdfs/002886_沃特股份_2025_ESG报告.pdf,4193f9cd212544c714ce0643da708cc7ab49cb4f3c149aeca4d3a2c2656550ef,13486689,38,exact formal_v2 frozen 200-report cohort
45,formal-v2-frozen-200,002887_绿茵生态_2025_ESG报告,data/raw_pdfs/002887_绿茵生态_2025_ESG报告.pdf,1e572a916e15cccfd93fb7f298c3bd78139813e3aedd31f615e1fc008cd37471,10213203,26,exact formal_v2 frozen 200-report cohort
46,formal-v2-frozen-200,002958_青农商行_2025_可持续发展报告,data/raw_pdfs/002958_青农商行_2025_可持续发展报告.pdf,715cda0d6ab7a97856fda4f23ad88c30d06bdb8dd90708d62981c2b47648a7ac,31720868,77,exact formal_v2 frozen 200-report cohort
47,formal-v2-frozen-200,002999_天禾股份_2025_ESG报告,data/raw_pdfs/002999_天禾股份_2025_ESG报告.pdf,47bc3989b731f39ea24f75863349d25da5394914c7ffa9972fd0fd21670d3e81,26649270,54,exact formal_v2 frozen 200-report cohort
48,formal-v2-frozen-200,003030_祖名股份_2025_ESG报告,data/raw_pdfs/003030_祖名股份_2025_ESG报告.pdf,88c5cbddf678dcd6c3731c4a18e33ddb62417d70995696b511b632fbc085a365,14284708,43,exact formal_v2 frozen 200-report cohort
49,formal-v2-frozen-200,00553_南京熊猫电子股份_2025_ESG报告,data/raw_pdfs/00553_南京熊猫电子股份_2025_ESG报告.pdf,a023493818ad34946d61a5d14d55aa8248824a758dff8c577abd888e12f804bc,25476913,45,exact formal_v2 frozen 200-report cohort
50,formal-v2-frozen-200,00568_山东墨龙_2025_ESG报告,data/raw_pdfs/00568_山东墨龙_2025_ESG报告.pdf,94d4aee41a880d3cbc2c683911206a214330cd09af8a1868c0caf6304c7d0fe5,7181955,89,exact formal_v2 frozen 200-report cohort
51,formal-v2-frozen-200,00588_北京北辰实业股份_2025_可持续发展报告,data/raw_pdfs/00588_北京北辰实业股份_2025_可持续发展报告.pdf,ee71d750c9e585a33dc805f598b1fd864015ab7dc0ff8940490e274a0629b35d,21092690,34,exact formal_v2 frozen 200-report cohort
52,formal-v2-frozen-200,00666_瑞浦兰钧_2025_ESG报告,data/raw_pdfs/00666_瑞浦兰钧_2025_ESG报告.pdf,d545874eca828a460bc964030a7a66fbfd818c7fcae83b06ab96e59146f8faec,19644166,59,exact formal_v2 frozen 200-report cohort
53,formal-v2-frozen-200,00966_中国太平_2025_ESG暨社会责任报告,data/raw_pdfs/00966_中国太平_2025_ESG暨社会责任报告.pdf,99f147bbc129c6056027ba0edfefe534f8d75cbb3124d17e3979724a779f738c,19800954,60,exact formal_v2 frozen 200-report cohort
54,formal-v2-frozen-200,01216_中原银行_2025_ESG报告,data/raw_pdfs/01216_中原银行_2025_ESG报告.pdf,9c2c1d6c0d8987c7831bdda47e01f67df34051087ad7384cb5a248db4bc16245,17804321,42,exact formal_v2 frozen 200-report cohort
55,formal-v2-frozen-200,01359_中国信达_2025_ESG暨社会责任报告,data/raw_pdfs/01359_中国信达_2025_ESG暨社会责任报告.pdf,bf3654deb7c2c7dc2007a54cb18c15e092ff2a67136fdfcd54548ac185f44704,13008965,77,exact formal_v2 frozen 200-report cohort
56,formal-v2-frozen-200,01432_中国圣牧_2025_ESG报告,data/raw_pdfs/01432_中国圣牧_2025_ESG报告.pdf,9922f6980925d5670329bb00043ca5dd5340bb5ef44cd644e5a7231f25d66628,29161397,46,exact formal_v2 frozen 200-report cohort
57,formal-v2-frozen-200,01847_云南建投混凝土_2025_ESG报告,data/raw_pdfs/01847_云南建投混凝土_2025_ESG报告.pdf,3892616e19cc059ccf43545ff3bf159a33851201cac980d87927d4bee45c1098,432108,14,exact formal_v2 frozen 200-report cohort
58,formal-v2-frozen-200,01950_帝王实业控股_2026_ESG报告,data/raw_pdfs/01950_帝王实业控股_2026_ESG报告.pdf,f705bc7cf23689611d1e229050bafcdfdfa61b841c62583f9cb72ad8aabc2115,2331403,54,exact formal_v2 frozen 200-report cohort
59,formal-v2-frozen-200,02402_亿华通_2025_ESG报告,data/raw_pdfs/02402_亿华通_2025_ESG报告.pdf,e0dd163ad7907318ef6321a8755da8f6fefa90ade2129e52e72fa3100845a1ce,9631490,62,exact formal_v2 frozen 200-report cohort
60,formal-v2-frozen-200,02651_大众口腔_2025_ESG报告,data/raw_pdfs/02651_大众口腔_2025_ESG报告.pdf,c378920f01505cf9fcd1ad829ca6b8b8be8a0b0ad7e5352a6c2cf60fe2933c25,2187798,57,exact formal_v2 frozen 200-report cohort
61,formal-v2-frozen-200,02676_纳芯微_2025_ESG报告,data/raw_pdfs/02676_纳芯微_2025_ESG报告.pdf,2e5d9b729809dbb1ee788c44ab731af169291c1882362309a5dee5feec7ef203,23830187,78,exact formal_v2 frozen 200-report cohort
62,formal-v2-frozen-200,02768_国恩科技_2025_可持续发展报告,data/raw_pdfs/02768_国恩科技_2025_可持续发展报告.pdf,a1dfe8daf933bca96564fac7ff199e75efb301a642e3cad9f44b0bbf48385261,12596170,37,exact formal_v2 frozen 200-report cohort
63,formal-v2-frozen-200,06198_青岛港_2025_ESG报告,data/raw_pdfs/06198_青岛港_2025_ESG报告.pdf,6f68b668a0bc5d20eb07fbf4af90345e1d8b4efe0b28ce60c69c6420c37858f5,8627129,57,exact formal_v2 frozen 200-report cohort
64,formal-v2-frozen-200,06656_思格新能_2025_ESG报告,data/raw_pdfs/06656_思格新能_2025_ESG报告.pdf,5dcfa924b4967e30b85ef1d05b38bbf8eb5b79c8655a2464f4d76d5caf9ddf8b,20309677,70,exact formal_v2 frozen 200-report cohort
65,formal-v2-frozen-200,06810_商米科技-Ｗ_2025_ESG报告,data/raw_pdfs/06810_商米科技-Ｗ_2025_ESG报告.pdf,ece5e74768bb51481c3b7167e7e75728f5d78be6d57c0e2e85cdf4be6d77fda7,18119516,76,exact formal_v2 frozen 200-report cohort
66,formal-v2-frozen-200,09668_渤海银行_2025_ESG暨社会责任报告,data/raw_pdfs/09668_渤海银行_2025_ESG暨社会责任报告.pdf,9ebc8ee3557c4ffc2a2c573a544b985e1d9ad7e25cc9a3eaf4647c6ce93362d3,5267090,130,exact formal_v2 frozen 200-report cohort
67,formal-v2-frozen-200,300035_中科电气_2025_ESG报告,data/raw_pdfs/300035_中科电气_2025_ESG报告.pdf,aeeeda1c378e4b3a71b13baabaef66749ffe47d03c5336279c025839cb4ec6eb,10096982,69,exact formal_v2 frozen 200-report cohort
68,formal-v2-frozen-200,300068_ST南都_2025_ESG报告,data/raw_pdfs/300068_ST南都_2025_ESG报告.pdf,b8dd04ca4767318d724c4070a685a361bb09050e976f34a74accebdbce373c7a,21687600,45,exact formal_v2 frozen 200-report cohort
69,formal-v2-frozen-200,300100_双林股份_2025_ESG报告,data/raw_pdfs/300100_双林股份_2025_ESG报告.pdf,c9df00727d4658133f52ee86d761b7ea038b4c916efe41005f119b7647e97ab9,10664214,40,exact formal_v2 frozen 200-report cohort
70,formal-v2-frozen-200,300149_睿智医药_2025_ESG报告,data/raw_pdfs/300149_睿智医药_2025_ESG报告.pdf,a73d6180ee1eb0a325e4769f636aab80832e6316384bb05b7dcce6b694f4e74d,8094380,42,exact formal_v2 frozen 200-report cohort
71,formal-v2-frozen-200,300212_易华录_2025_ESG报告,data/raw_pdfs/300212_易华录_2025_ESG报告.pdf,d7b528d9261c6624180ef095d757d0fa5fb0c6a27b45d8f94a6a2fe83f4e177e,27753915,45,exact formal_v2 frozen 200-report cohort
72,formal-v2-frozen-200,300261_雅本化学_2025_ESG报告,data/raw_pdfs/300261_雅本化学_2025_ESG报告.pdf,d73b59869056c83a7ce6018cc20353f323f9de6922bf9776bc8e29018ec84444,12688263,51,exact formal_v2 frozen 200-report cohort
73,formal-v2-frozen-200,300376_易事特_2025_可持续发展报告,data/raw_pdfs/300376_易事特_2025_可持续发展报告.pdf,08aba7a5d552760d28f8fe4ec6df6f066a0db00c9527c7f2956d58e72a9f7ba2,23087169,63,exact formal_v2 frozen 200-report cohort
74,formal-v2-frozen-200,300459_汤姆猫_2025_ESG报告,data/raw_pdfs/300459_汤姆猫_2025_ESG报告.pdf,23c39762b91f110fe280ebfc95b096b0f32508f466089e321837bb2ab6b52ea5,8961014,57,exact formal_v2 frozen 200-report cohort
75,formal-v2-frozen-200,300468_四方精创_2025_ESG报告,data/raw_pdfs/300468_四方精创_2025_ESG报告.pdf,93285be32d238b2a41dc5ef76e44d82a3737628a18aec2f38f96771271afa9b8,27524867,44,exact formal_v2 frozen 200-report cohort
76,formal-v2-frozen-200,300513_恒实科技_2025_ESG报告,data/raw_pdfs/300513_恒实科技_2025_ESG报告.pdf,d0fd1f58b8d9478b50c43837d318cee04cb7d023d81d04d086dd7788a9ef1fca,19826629,22,exact formal_v2 frozen 200-report cohort
77,formal-v2-frozen-200,300527_ST应急_2025_ESG报告,data/raw_pdfs/300527_ST应急_2025_ESG报告.pdf,74d213be50c3b3992d9b5299b5fdfb3f9df3bc110bded8967180c83b74abb40a,19122055,47,exact formal_v2 frozen 200-report cohort
78,formal-v2-frozen-200,300547_川环科技_2025_ESG报告,data/raw_pdfs/300547_川环科技_2025_ESG报告.pdf,05c906ab031a52e6fb06d9da81e10de7e3aece35e4b8f3a18484e8dd512d7e02,20425189,36,exact formal_v2 frozen 200-report cohort
79,formal-v2-frozen-200,300597_吉大通信_2025_ESG报告,data/raw_pdfs/300597_吉大通信_2025_ESG报告.pdf,2014bcc7ec18e1b1aab2c043ed3bf93edcda8381c0660048b61740ecb708e849,27615831,78,exact formal_v2 frozen 200-report cohort
80,formal-v2-frozen-200,300832_新产业_2025_ESG报告,data/raw_pdfs/300832_新产业_2025_ESG报告.pdf,366a4234b143ddf9deef0445a747a69b77309b77b93f9280f39be3191caa8eef,9146282,49,exact formal_v2 frozen 200-report cohort
81,formal-v2-frozen-200,300834_星辉环材_2025_ESG报告,data/raw_pdfs/300834_星辉环材_2025_ESG报告.pdf,babecaa26f768146de13f01e65261a68eebf5667b31d69012846b0da4e182513,12005197,30,exact formal_v2 frozen 200-report cohort
82,formal-v2-frozen-200,300949_奥雅股份_2025_ESG报告,data/raw_pdfs/300949_奥雅股份_2025_ESG报告.pdf,8275c6eaa86d172a5be02b5fafd148bef0708fa461f8e38e170e9b5c38f66297,23571267,49,exact formal_v2 frozen 200-report cohort
83,formal-v2-frozen-200,300972_万辰集团_2025_ESG报告,data/raw_pdfs/300972_万辰集团_2025_ESG报告.pdf,6c2ac521edd98f4fff5570b55d6dfd3726fd491892109fffe724dbadc6cae7b7,16454342,45,exact formal_v2 frozen 200-report cohort
84,formal-v2-frozen-200,300982_苏文电能_2025_ESG报告,data/raw_pdfs/300982_苏文电能_2025_ESG报告.pdf,b82ab9def1675ee5501d2303780c5f76a84af5c6a5240676aa366787d2be84cf,13554579,71,exact formal_v2 frozen 200-report cohort
85,formal-v2-frozen-200,301019_宁波色母_2025_可持续发展报告,data/raw_pdfs/301019_宁波色母_2025_可持续发展报告.pdf,d50eb584be9296b8bf4f41fa5ca66bce064bedd7c245abcb8efd2158456aac21,626162,45,exact formal_v2 frozen 200-report cohort
86,formal-v2-frozen-200,301043_绿岛风_2025_ESG报告,data/raw_pdfs/301043_绿岛风_2025_ESG报告.pdf,378c09ed26071baec1faec007578a927b936b22e220976116994aefb53e5b4cc,6476794,29,exact formal_v2 frozen 200-report cohort
87,formal-v2-frozen-200,301073_君亭酒店_2025_ESG报告,data/raw_pdfs/301073_君亭酒店_2025_ESG报告.pdf,ca42922549cb7f79b132c5781f04d979c473f235a006d681783cfd04228774d6,26958974,69,exact formal_v2 frozen 200-report cohort
88,formal-v2-frozen-200,301185_鸥玛软件_2025_ESG报告,data/raw_pdfs/301185_鸥玛软件_2025_ESG报告.pdf,430734cd610cead267a43eb0b91f2bb3d7f608358dea821418fbe7cf6252d459,11550735,52,exact formal_v2 frozen 200-report cohort
89,formal-v2-frozen-200,301308_江波龙_2025_ESG报告,data/raw_pdfs/301308_江波龙_2025_ESG报告.pdf,b316b53d1fab0c9ec763fe8012233fa74e1cfe0a2ec03ffe1ebe299c0fbe342b,27504375,80,exact formal_v2 frozen 200-report cohort
90,formal-v2-frozen-200,301370_国科恒泰_2025_ESG报告,data/raw_pdfs/301370_国科恒泰_2025_ESG报告.pdf,e2b770c2021f60b9025abbbd2fa5ae6057aa67edf517e8d7164826a7211ce386,14277225,55,exact formal_v2 frozen 200-report cohort
91,formal-v2-frozen-200,301522_上大股份_2025_ESG报告,data/raw_pdfs/301522_上大股份_2025_ESG报告.pdf,3efe05c117dd99a48edc99b99121fba719a4b3d68094586ef0cddd218627cd1a,30184862,52,exact formal_v2 frozen 200-report cohort
92,formal-v2-frozen-200,301588_美新科技_2025_ESG报告,data/raw_pdfs/301588_美新科技_2025_ESG报告.pdf,20ef42dd5ac0520c3a7b8d0c7d164d58463dbe2722c651fa46b31b5c337d4f0d,17706233,63,exact formal_v2 frozen 200-report cohort
93,formal-v2-frozen-200,301599_理奇智能_2025_ESG报告,data/raw_pdfs/301599_理奇智能_2025_ESG报告.pdf,c18c1b53b896417d7e5b7da6431c23eea65d7c9a42ee63940d8ea2944ecaa460,4951591,27,exact formal_v2 frozen 200-report cohort
94,formal-v2-frozen-200,600009_上海机场_2025_ESG报告,data/raw_pdfs/600009_上海机场_2025_ESG报告.pdf,b659695387f8245ab2cedb72cb2e5098d97366a1f286954be005fc68c288c14d,9809837,70,exact formal_v2 frozen 200-report cohort
95,formal-v2-frozen-200,600021_上海电力_2025_ESG报告,data/raw_pdfs/600021_上海电力_2025_ESG报告.pdf,328069dea053112fdce22cca440d300c35e9d1dd841a2589dad5bdc1e27dc394,21762804,52,exact formal_v2 frozen 200-report cohort
96,formal-v2-frozen-200,600025_华能水电_2025_ESG报告,data/raw_pdfs/600025_华能水电_2025_ESG报告.pdf,36334e51efe4d569c7f1c8e0e0a80bbb943936bf09276d130da6cdce040e62c4,9535597,38,exact formal_v2 frozen 200-report cohort
97,formal-v2-frozen-200,600072_中船科技_2025_ESG报告,data/raw_pdfs/600072_中船科技_2025_ESG报告.pdf,38b09cdd570e1fba1d8e2ce5b29726efb0b4c25beffa3675f94d16195b0d09e2,24239138,38,exact formal_v2 frozen 200-report cohort
98,formal-v2-frozen-200,600117_西宁特钢_2025_ESG报告,data/raw_pdfs/600117_西宁特钢_2025_ESG报告.pdf,31ebb54b179b4e8a6571d07931dc53d691e03f60c692d451a6fb0c07e9146cca,8382803,47,exact formal_v2 frozen 200-report cohort
99,formal-v2-frozen-200,600199_金种子酒_2025_ESG报告,data/raw_pdfs/600199_金种子酒_2025_ESG报告.pdf,513bc24092e133a95a3a7a88c3a7ca659bde90a93b39518b368343a4dab7d81f,6266017,45,exact formal_v2 frozen 200-report cohort
100,formal-v2-frozen-200,600259_中稀有色_2025_ESG报告,data/raw_pdfs/600259_中稀有色_2025_ESG报告.pdf,4f4bf56ca0fb211bbc70a8513dfcfddc1a318b6d443f65ebf3e91aee418d662c,31384924,61,exact formal_v2 frozen 200-report cohort
101,formal-v2-frozen-200,600261_阳光照明_2025_ESG报告,data/raw_pdfs/600261_阳光照明_2025_ESG报告.pdf,248a457428759468ee45f514c8bea848dd6660feb261bf6ab5702f957d017516,17381755,35,exact formal_v2 frozen 200-report cohort
102,formal-v2-frozen-200,600278_东方创业_2025_ESG报告,data/raw_pdfs/600278_东方创业_2025_ESG报告.pdf,a0580cdb08a20d6da0901dc8e7fd35b4f9ebd9fcb3123342366eb459ca61cb6a,26796374,39,exact formal_v2 frozen 200-report cohort
103,formal-v2-frozen-200,600322_津投城开_2025_ESG报告,data/raw_pdfs/600322_津投城开_2025_ESG报告.pdf,12d37c570886037fc49b475594ee4d75234f06f72592e66bb75c27663fe2f5e5,15016266,38,exact formal_v2 frozen 200-report cohort
104,formal-v2-frozen-200,600331_宏达股份_2025_ESG报告,data/raw_pdfs/600331_宏达股份_2025_ESG报告.pdf,20f3770b77f2636b939f55dcecaaf228bda94da73554876973d46a19b6724690,30388423,62,exact formal_v2 frozen 200-report cohort
105,formal-v2-frozen-200,600396_华电辽能_2025_ESG报告,data/raw_pdfs/600396_华电辽能_2025_ESG报告.pdf,f615d79867d42a25a50710e087b5ae382aa9673cb7d9408a5635c4fe8966fcfd,28328543,29,exact formal_v2 frozen 200-report cohort
106,formal-v2-frozen-200,600400_红豆股份_2025_ESG报告,data/raw_pdfs/600400_红豆股份_2025_ESG报告.pdf,2e89ff65070447a383b01169e8d78ba854faba6696a0a3bc6da2e2ed19426224,7024333,41,exact formal_v2 frozen 200-report cohort
107,formal-v2-frozen-200,600406_国电南瑞_2025_ESG报告,data/raw_pdfs/600406_国电南瑞_2025_ESG报告.pdf,e46284292b46ea161dc0bca6b0b0cd48b4cd7ecbb7aff5774cda2de1c0b4b80e,22584570,75,exact formal_v2 frozen 200-report cohort
108,formal-v2-frozen-200,600456_宝钛股份_2025_ESG报告,data/raw_pdfs/600456_宝钛股份_2025_ESG报告.pdf,8a6fbc37f6bf802ea250fe0449cbac7c26ad8dd5f163fd45b6528dd8c3ab15e4,28506549,34,exact formal_v2 frozen 200-report cohort
109,formal-v2-frozen-200,600475_华光环能_2025_ESG报告,data/raw_pdfs/600475_华光环能_2025_ESG报告.pdf,7dcecb885d68881bd6f7cb45345d9e2b7707c5b8c318a38d3d9c26b832145c6c,18349072,68,exact formal_v2 frozen 200-report cohort
110,formal-v2-frozen-200,600480_凌云股份_2025_ESG报告,data/raw_pdfs/600480_凌云股份_2025_ESG报告.pdf,740c76cae9b2f30a5dc94e7a2e16bf964c68f73880e4b301ea6e178ba41dcdbd,22050779,52,exact formal_v2 frozen 200-report cohort
111,formal-v2-frozen-200,600516_方大炭素_2025_ESG报告,data/raw_pdfs/600516_方大炭素_2025_ESG报告.pdf,67eaa5056bd4468f72527d05b06b32eb9330881ac5df7400e8ca14f12d1e132a,17083678,45,exact formal_v2 frozen 200-report cohort
112,formal-v2-frozen-200,600525_ST长园_2025_ESG报告,data/raw_pdfs/600525_ST长园_2025_ESG报告.pdf,54df85490a21aa1a673d1441998bff0ec7f18f076e6596f19260e9931e071fbc,15402244,52,exact formal_v2 frozen 200-report cohort
113,formal-v2-frozen-200,600587_新华医疗_2025_ESG报告,data/raw_pdfs/600587_新华医疗_2025_ESG报告.pdf,68069d39f40819be6492243ab3fbf322c3884eaacb778b0cb42221d7b6e316d0,12043604,89,exact formal_v2 frozen 200-report cohort
114,formal-v2-frozen-200,600630_龙头股份_2025_ESG报告,data/raw_pdfs/600630_龙头股份_2025_ESG报告.pdf,d15db98cf0e517182129493aab925ef8580669ec280cbe6b6e6bc166469f7aa1,14755313,57,exact formal_v2 frozen 200-report cohort
115,formal-v2-frozen-200,600651_飞乐音响_2025_可持续发展报告,data/raw_pdfs/600651_飞乐音响_2025_可持续发展报告.pdf,6fb80431ba9dfcaa5fabd3537c967f1cdb94d50b3122449ca4f3803a4f1f323a,33234700,45,exact formal_v2 frozen 200-report cohort
116,formal-v2-frozen-200,600684_珠江股份_2025_ESG暨社会责任报告,data/raw_pdfs/600684_珠江股份_2025_ESG暨社会责任报告.pdf,e8348dbfe5ade1380994e735994ab48c7351ca787a9f96e2e68bf7c5388fd2f6,20086786,46,exact formal_v2 frozen 200-report cohort
117,formal-v2-frozen-200,600713_南京医药_2025_ESG报告,data/raw_pdfs/600713_南京医药_2025_ESG报告.pdf,9db1a8778356c534a04ebb803605810b5d516fe34c4607168d78bb5617b94cc4,17989792,40,exact formal_v2 frozen 200-report cohort
118,formal-v2-frozen-200,600737_中粮糖业_2025_ESG报告,data/raw_pdfs/600737_中粮糖业_2025_ESG报告.pdf,7bb6f9fa8a36dbbdb968d4d76c7c5d0700907b658343bfd603842a97a76b9f92,24668361,69,exact formal_v2 frozen 200-report cohort
119,formal-v2-frozen-200,600759_ST洲际_2025_ESG报告,data/raw_pdfs/600759_ST洲际_2025_ESG报告.pdf,c59382a19dc23db60b40ca0e745cbf4360ea5e68e4a8e8d27e6f9dd15a4cc7ac,25629800,43,exact formal_v2 frozen 200-report cohort
120,formal-v2-frozen-200,600779_水井坊_2025_ESG报告,data/raw_pdfs/600779_水井坊_2025_ESG报告.pdf,2a43f692d53277ae738e85519465918339a6b4c7e534c0ea5a4ff27debac7270,20895388,61,exact formal_v2 frozen 200-report cohort
121,formal-v2-frozen-200,600783_鲁信创投_2025_ESG报告,data/raw_pdfs/600783_鲁信创投_2025_ESG报告.pdf,bdf2942bbd3489e8194ced0f809beb0e5a62ea4b5b58358a055acbacb2aa1a4f,7723326,53,exact formal_v2 frozen 200-report cohort
122,formal-v2-frozen-200,600805_悦达投资_2025_ESG报告,data/raw_pdfs/600805_悦达投资_2025_ESG报告.pdf,0263cb32e6c6c175b64639b04c807ad2f23b323174ee3f63e6dac73b95bee053,3654741,32,exact formal_v2 frozen 200-report cohort
123,formal-v2-frozen-200,600846_同济科技_2025_ESG报告,data/raw_pdfs/600846_同济科技_2025_ESG报告.pdf,46368efb3a8a905f9064aae85f892d527a5d40377c240397a4abfe06424182cc,31535788,40,exact formal_v2 frozen 200-report cohort
124,formal-v2-frozen-200,600850_电科数字_2025_ESG报告,data/raw_pdfs/600850_电科数字_2025_ESG报告.pdf,20d7711455e5804ac1a57a2f2d813dbbbdf73a7df6205c660d0e6baf1e3e73e1,8807624,37,exact formal_v2 frozen 200-report cohort
125,formal-v2-frozen-200,600855_航天长峰_2025_ESG报告,data/raw_pdfs/600855_航天长峰_2025_ESG报告.pdf,fd231b2635b12131d929241b36a763e117e213fc02486b519276e6fb5c83a4bd,22615300,57,exact formal_v2 frozen 200-report cohort
126,formal-v2-frozen-200,600874_创业环保_2025_可持续发展报告,data/raw_pdfs/600874_创业环保_2025_可持续发展报告.pdf,605ac26242d1ba3c8985b86803682c10f670b1613ad558b3e328d9dcde674c98,10276524,52,exact formal_v2 frozen 200-report cohort
127,formal-v2-frozen-200,600877_电科芯片_2025_ESG暨社会责任报告,data/raw_pdfs/600877_电科芯片_2025_ESG暨社会责任报告.pdf,e8db9b39fd36f002dab35efda0d9595d6bc18ae2f8718fe5fb9ab71d6d0e7913,29057079,21,exact formal_v2 frozen 200-report cohort
128,formal-v2-frozen-200,600884_杉杉股份_2025_ESG报告,data/raw_pdfs/600884_杉杉股份_2025_ESG报告.pdf,c45bea38c498a2268889faf06dbc992243306566960cbf67d981e27196c3245d,25457573,64,exact formal_v2 frozen 200-report cohort
129,formal-v2-frozen-200,600919_江苏银行_2025_可持续发展报告,data/raw_pdfs/600919_江苏银行_2025_可持续发展报告.pdf,5476545b3a900a903a7f1fcb030272f8309c91db5c7ec9b40484f6c0d4275f49,5660893,65,exact formal_v2 frozen 200-report cohort
130,formal-v2-frozen-200,600963_岳阳林纸_2025_ESG报告,data/raw_pdfs/600963_岳阳林纸_2025_ESG报告.pdf,2d2e65c5f7b41ca480f9178d2e2b7fa935cae0c4de01b1bf2262309e8dc5f856,17565280,60,exact formal_v2 frozen 200-report cohort
131,formal-v2-frozen-200,600996_贵广网络_2025_ESG报告,data/raw_pdfs/600996_贵广网络_2025_ESG报告.pdf,fb7023e9bf66290c7e6be05d4870192ee3ac2bb76e4f06412e9c4004c6cab05b,8051001,31,exact formal_v2 frozen 200-report cohort
132,formal-v2-frozen-200,601106_中国一重_2025_ESG报告,data/raw_pdfs/601106_中国一重_2025_ESG报告.pdf,efeee30b75ea25bcdffc6cab9ef4ce0ca8d0681d4df6aea18c2a5dea2f6f70b7,21073235,61,exact formal_v2 frozen 200-report cohort
133,formal-v2-frozen-200,601118_海南橡胶_2025_ESG报告,data/raw_pdfs/601118_海南橡胶_2025_ESG报告.pdf,74ad55a17cf8788bfac6adc8b732a051c9d464cba4029d1d6b6e3cb94ef77111,18879229,57,exact formal_v2 frozen 200-report cohort
134,formal-v2-frozen-200,601298_青岛港_2025_ESG报告,data/raw_pdfs/601298_青岛港_2025_ESG报告.pdf,b26ca471d53f36e7f4abc1b841721046a745dff22ef645214f954b7903f6f1f1,8693208,57,exact formal_v2 frozen 200-report cohort
135,formal-v2-frozen-200,601360_三六零_2025_ESG报告,data/raw_pdfs/601360_三六零_2025_ESG报告.pdf,6feb505ee5bcc2aaa759cf068d62202548986cd36b652fa874bed19762edb195,16013491,52,exact formal_v2 frozen 200-report cohort
136,formal-v2-frozen-200,601555_东吴证券_2025_可持续发展报告,data/raw_pdfs/601555_东吴证券_2025_可持续发展报告.pdf,60d147e7afca41348754e90ca62b3dee6cb6d7589ab3ed5313324362e57132b8,5251631,64,exact formal_v2 frozen 200-report cohort
137,formal-v2-frozen-200,601577_长沙银行_2025_可持续发展报告,data/raw_pdfs/601577_长沙银行_2025_可持续发展报告.pdf,e1fe16e4812b6d7511e1e3074a5a5b85dc5fa4f5ae8963343851f56442626bcd,32013032,59,exact formal_v2 frozen 200-report cohort
138,formal-v2-frozen-200,601956_东贝集团_2025_ESG报告,data/raw_pdfs/601956_东贝集团_2025_ESG报告.pdf,5836e95717c62a77b8ee129cd7bc426d62172265ef61133a47acaff79a1ccaa0,33376517,68,exact formal_v2 frozen 200-report cohort
139,formal-v2-frozen-200,601975_招商南油_2025_ESG报告,data/raw_pdfs/601975_招商南油_2025_ESG报告.pdf,d63ed5b6058ca5d3b7f9da1ecb2d49ddd9231384a08c8b6065be4a203bd16d2c,30095258,57,exact formal_v2 frozen 200-report cohort
140,formal-v2-frozen-200,603013_亚普股份_2025_ESG报告,data/raw_pdfs/603013_亚普股份_2025_ESG报告.pdf,2e082ad26416cb13fcafefcd31f4eea7f4387019eb884d4c5aa2a41d554fa1ed,6512784,59,exact formal_v2 frozen 200-report cohort
141,formal-v2-frozen-200,603051_鹿山新材_2025_ESG报告,data/raw_pdfs/603051_鹿山新材_2025_ESG报告.pdf,9f958540c874a551513fcbdd916c7727bf54e9047be2b48a4aa03bbc71971a06,14942946,77,exact formal_v2 frozen 200-report cohort
142,formal-v2-frozen-200,603082_北自科技_2025_ESG报告,data/raw_pdfs/603082_北自科技_2025_ESG报告.pdf,1f43c10c069ec7815e22841c4ce25e335632a43b1b4f025037a5a07025e0ab44,14242462,74,exact formal_v2 frozen 200-report cohort
143,formal-v2-frozen-200,603128_华贸物流_2025_ESG报告,data/raw_pdfs/603128_华贸物流_2025_ESG报告.pdf,3ebe1db2d9069e8c577935e0c98e269cd69003db5be2fab8df9d86cd378d8c97,1675621,35,exact formal_v2 frozen 200-report cohort
144,formal-v2-frozen-200,603257_中国瑞林_2025_ESG报告,data/raw_pdfs/603257_中国瑞林_2025_ESG报告.pdf,abdb01a1c2fbce327cf57eb47eaab004d9202cc7e79ed3c6fa5d7ba31528eed2,32413030,53,exact formal_v2 frozen 200-report cohort
145,formal-v2-frozen-200,603260_合盛硅业_2025_可持续发展报告,data/raw_pdfs/603260_合盛硅业_2025_可持续发展报告.pdf,f0ec145aacba058c2ead2e1c7aebe72722f351aab23e448307be9011bbccee77,16741598,74,exact formal_v2 frozen 200-report cohort
146,formal-v2-frozen-200,603272_ST联翔_2025_ESG暨社会责任报告,data/raw_pdfs/603272_ST联翔_2025_ESG暨社会责任报告.pdf,ac576e042eb9c5b39793ffd5f6e7e5a3d225ac6910dbcf32ffd389f65ea8a652,6726830,36,exact formal_v2 frozen 200-report cohort
147,formal-v2-frozen-200,603291_联合水务_2025_ESG报告,data/raw_pdfs/603291_联合水务_2025_ESG报告.pdf,a0e551bc1b411521697d43e21f7e94d8f4b1cbf9895fbebb7dde136caf686640,29133585,82,exact formal_v2 frozen 200-report cohort
148,formal-v2-frozen-200,603329_上海雅仕_2025_ESG报告,data/raw_pdfs/603329_上海雅仕_2025_ESG报告.pdf,d71b05ee676fb3943539faa62f613d49dee31bcc090cd4ad1a9497c717a42eeb,3531737,29,exact formal_v2 frozen 200-report cohort
149,formal-v2-frozen-200,603333_尚纬股份_2025_ESG报告,data/raw_pdfs/603333_尚纬股份_2025_ESG报告.pdf,56cb0fbf4f5a0c7d09641e4c4c646a357a0d8a5a7d4ae2b9be9d596d82cfb674,13645990,68,exact formal_v2 frozen 200-report cohort
150,formal-v2-frozen-200,603368_柳药集团_2025_ESG报告,data/raw_pdfs/603368_柳药集团_2025_ESG报告.pdf,e572ea8b6842cd0c7531df1202161a49da113739a8187a28ede509cd316c8061,15157294,73,exact formal_v2 frozen 200-report cohort
151,formal-v2-frozen-200,603369_今世缘_2025_可持续发展报告,data/raw_pdfs/603369_今世缘_2025_可持续发展报告.pdf,7f0eda59b66350d02402d9fd8a6ae52fbd73f99f0af56a012ded5a79e0cd7a41,27067584,108,exact formal_v2 frozen 200-report cohort
152,formal-v2-frozen-200,603373_安邦护卫_2025_ESG暨社会责任报告,data/raw_pdfs/603373_安邦护卫_2025_ESG暨社会责任报告.pdf,a48d4256117b866fa292b8418a8a003ea66c2d9caae18fcae0ac5a18edc6c204,6502076,37,exact formal_v2 frozen 200-report cohort
153,formal-v2-frozen-200,603399_永杉锂业_2025_可持续发展报告,data/raw_pdfs/603399_永杉锂业_2025_可持续发展报告.pdf,635b40b44c143530f9b64c0726bcb1540f62f58d340da69cee09b363544ab6d4,14762725,62,exact formal_v2 frozen 200-report cohort
154,formal-v2-frozen-200,603577_汇金通_2025_ESG报告,data/raw_pdfs/603577_汇金通_2025_ESG报告.pdf,24872aed04ab1b74110ec5612d7d13b4411d01e6a41b83c504376ce799d3c181,24677281,50,exact formal_v2 frozen 200-report cohort
155,formal-v2-frozen-200,603628_清源股份_2025_ESG报告,data/raw_pdfs/603628_清源股份_2025_ESG报告.pdf,df1548f8bc7c5045c8d5fedaf7a72c7b202cf9c116cc3f46854ea7ae7a388e16,23889317,47,exact formal_v2 frozen 200-report cohort
156,formal-v2-frozen-200,603660_苏州科达_2025_ESG报告,data/raw_pdfs/603660_苏州科达_2025_ESG报告.pdf,92b4bc216f95ac11f0376fbc6508700576c0e34d430b73b2fe0e5135e79af93e,23143121,84,exact formal_v2 frozen 200-report cohort
157,formal-v2-frozen-200,603683_晶华新材_2025_ESG报告,data/raw_pdfs/603683_晶华新材_2025_ESG报告.pdf,ef3cadf95804abdd8787b41fe97a5f077e5a53196d3b5cb8ba02da6bc43e89cc,22589674,44,exact formal_v2 frozen 200-report cohort
158,formal-v2-frozen-200,603717_天域生物_2025_ESG报告,data/raw_pdfs/603717_天域生物_2025_ESG报告.pdf,233e650ee652aeb3a7e5f7cb99629c3cf4448de2d4a4c886d613f2baa0d893e9,5467481,28,exact formal_v2 frozen 200-report cohort
159,formal-v2-frozen-200,603777_来伊份_2025_ESG报告,data/raw_pdfs/603777_来伊份_2025_ESG报告.pdf,210ea28ed1fb07a58791b2f186fa3b9acdae972eae600e978ac36b189a40a7e0,3390097,45,exact formal_v2 frozen 200-report cohort
160,formal-v2-frozen-200,603808_歌力思_2025_ESG报告,data/raw_pdfs/603808_歌力思_2025_ESG报告.pdf,2da6281d64c1a9f1691506a4322832ae141e7298c28bb3600b5422c9e8c1234a,8842466,59,exact formal_v2 frozen 200-report cohort
161,formal-v2-frozen-200,603868_飞科电器_2025_ESG报告,data/raw_pdfs/603868_飞科电器_2025_ESG报告.pdf,1e4070bda559be7285ee6152e9400e9daa5602c556de59ad8b144b4f0c363f77,8402038,74,exact formal_v2 frozen 200-report cohort
162,formal-v2-frozen-200,603918_金桥信息_2025_ESG报告,data/raw_pdfs/603918_金桥信息_2025_ESG报告.pdf,c3b19d18d781c460fbeb054b8b9cc8164c5836f3234e6006f459d653d30d4bc7,16088455,40,exact formal_v2 frozen 200-report cohort
163,formal-v2-frozen-200,603979_金诚信_2025_ESG报告,data/raw_pdfs/603979_金诚信_2025_ESG报告.pdf,967a1bd04a4499f9590382fbd82bb00c03bc8098c532bd45f91b87768384ce14,18484780,85,exact formal_v2 frozen 200-report cohort
164,formal-v2-frozen-200,603990_麦迪科技_2025_ESG报告,data/raw_pdfs/603990_麦迪科技_2025_ESG报告.pdf,04fd8a2264e66cc52435979802182e9b8c16140b85bce40afc1e0c58734b846b,33259021,49,exact formal_v2 frozen 200-report cohort
165,formal-v2-frozen-200,605199_ST葫芦娃_2025_ESG报告,data/raw_pdfs/605199_ST葫芦娃_2025_ESG报告.pdf,c09abfabfaabe66b94340674f2ba543a5bdc53cc800892a5bfdd4e1470947227,30689344,49,exact formal_v2 frozen 200-report cohort
166,formal-v2-frozen-200,605377_华旺科技_2025_ESG报告,data/raw_pdfs/605377_华旺科技_2025_ESG报告.pdf,b025dd65c67bdf78ca962496a022b9f4ed97607f37245e6ba3196145f062099f,21010239,56,exact formal_v2 frozen 200-report cohort
167,formal-v2-frozen-200,605399_晨光新材_2025_ESG报告,data/raw_pdfs/605399_晨光新材_2025_ESG报告.pdf,058c2d16ba753fe68f90382e5d00cfbd246e90dd1c8296fc409975e4bc8373f2,5739332,50,exact formal_v2 frozen 200-report cohort
168,formal-v2-frozen-200,605488_福莱新材_2025_ESG报告,data/raw_pdfs/605488_福莱新材_2025_ESG报告.pdf,4ccbe880d812309354ddf37d72b9fcdb4a6bd7bb404bc0bced08592930e7df69,26573980,95,exact formal_v2 frozen 200-report cohort
169,formal-v2-frozen-200,605599_菜百股份_2025_ESG报告,data/raw_pdfs/605599_菜百股份_2025_ESG报告.pdf,8a2fed8b690da47d6ddb93dfa5e291ae4069881fe6889447e6c38d501f607b2b,20603215,56,exact formal_v2 frozen 200-report cohort
170,formal-v2-frozen-200,688015_交控科技_2025_ESG暨社会责任报告,data/raw_pdfs/688015_交控科技_2025_ESG暨社会责任报告.pdf,9d99123e71cfec2d04e79f563bd060192f16751c6c56fadda0144af80c342f34,5886347,44,exact formal_v2 frozen 200-report cohort
171,formal-v2-frozen-200,688051_佳华科技_2025_ESG报告,data/raw_pdfs/688051_佳华科技_2025_ESG报告.pdf,56f292e87dcbd5ba743d9e5b69243772f3626adfcc316d1aea759c7cc5f30547,10347532,58,exact formal_v2 frozen 200-report cohort
172,formal-v2-frozen-200,688128_中国电研_2025_ESG报告,data/raw_pdfs/688128_中国电研_2025_ESG报告.pdf,7dc2f0d63b8311a9de29ee51481c5afc779fc9d0c4902877c202237aa8d905b5,16306397,57,exact formal_v2 frozen 200-report cohort
173,formal-v2-frozen-200,688147_微导纳米_2025_ESG报告,data/raw_pdfs/688147_微导纳米_2025_ESG报告.pdf,fcbe9edf3f2e346d25c71c878c9e3cc4a9cb633434314caaa6b7cb49a53be213,24378221,52,exact formal_v2 frozen 200-report cohort
174,formal-v2-frozen-200,688218_江苏北人_2025_ESG报告,data/raw_pdfs/688218_江苏北人_2025_ESG报告.pdf,0451b2ad2653afa29ba0a9938ad9a43f2a71f27de921591804bed5f6b88311ed,15889014,25,exact formal_v2 frozen 200-report cohort
175,formal-v2-frozen-200,688226_威腾电气_2025_ESG报告,data/raw_pdfs/688226_威腾电气_2025_ESG报告.pdf,be436c72a714217951db123e3235bb265b5b050f0a4ca273a19ef40f9d922cb2,19709848,64,exact formal_v2 frozen 200-report cohort
176,formal-v2-frozen-200,688261_东微半导_2026_ESG报告,data/raw_pdfs/688261_东微半导_2026_ESG报告.pdf,e663f1a35f80e83f6a44da50456a4e83b9822d3b07edac24db632a6cdaed42e8,15859518,43,exact formal_v2 frozen 200-report cohort
177,formal-v2-frozen-200,688279_峰岹科技_2025_ESG报告,data/raw_pdfs/688279_峰岹科技_2025_ESG报告.pdf,2e6d45fd80a703cb95eb92b6689828eb511037cdf0850bf69d96828d08efb2d9,7243099,30,exact formal_v2 frozen 200-report cohort
178,formal-v2-frozen-200,688348_昱能科技_2025_ESG报告,data/raw_pdfs/688348_昱能科技_2025_ESG报告.pdf,b7407417397dc2dee9610e062db03a16b27667601942c6a874c87838535ec26c,19434530,54,exact formal_v2 frozen 200-report cohort
179,formal-v2-frozen-200,688400_凌云光_2025_ESG报告,data/raw_pdfs/688400_凌云光_2025_ESG报告.pdf,302bb4aea4e709f09cf832f6c92caca21e3397c82b95b92391f9a5adbab34e28,7201601,53,exact formal_v2 frozen 200-report cohort
180,formal-v2-frozen-200,688409_富创精密_2025_ESG报告,data/raw_pdfs/688409_富创精密_2025_ESG报告.pdf,e20ab43faf76cec76bb604421ad3b4d53dbbc551ba9c5db296ea1263e0346cb4,30990614,57,exact formal_v2 frozen 200-report cohort
181,formal-v2-frozen-200,688439_振华风光_2025_ESG报告,data/raw_pdfs/688439_振华风光_2025_ESG报告.pdf,6f9e7fd37ce067f0fbfe6f70fd5fad2402dc358fb690c461bed949463b706232,21600119,46,exact formal_v2 frozen 200-report cohort
182,formal-v2-frozen-200,688503_聚和材料_2025_ESG报告,data/raw_pdfs/688503_聚和材料_2025_ESG报告.pdf,35ac66b01c262e3aa19bade981092682582c96c65ad45499188c188d429c628f,8177746,79,exact formal_v2 frozen 200-report cohort
183,formal-v2-frozen-200,688509_正元地信_2025_ESG报告,data/raw_pdfs/688509_正元地信_2025_ESG报告.pdf,ca0b800e470922d9bf2032bf0f3addc2eec9f86606e4ca39fccba7e586501cf5,1186003,31,exact formal_v2 frozen 200-report cohort
184,formal-v2-frozen-200,688515_裕太微_2025_ESG报告,data/raw_pdfs/688515_裕太微_2025_ESG报告.pdf,8f78af4a494da2690db607772bbf06e24a6d0f6821c0d227eed0366ec1f63796,20623643,57,exact formal_v2 frozen 200-report cohort
185,formal-v2-frozen-200,688560_明冠新材_2025_ESG报告,data/raw_pdfs/688560_明冠新材_2025_ESG报告.pdf,0b7dec0e73d0d919b0b2ad5b99f0576253b05a48a58533fcef26610da137fdc8,10629139,45,exact formal_v2 frozen 200-report cohort
186,formal-v2-frozen-200,688598_金博股份_2025_ESG报告,data/raw_pdfs/688598_金博股份_2025_ESG报告.pdf,3c294f88b1d8a41322acb449744bb0554deca807c8a384449d3c8e95bfc79e83,33165856,55,exact formal_v2 frozen 200-report cohort
187,formal-v2-frozen-200,688613_奥精医疗_2025_ESG报告,data/raw_pdfs/688613_奥精医疗_2025_ESG报告.pdf,e024ecabf4b1964f2e5927c3857141b87cc435c070dee7d1186f7357127fb20e,19844167,41,exact formal_v2 frozen 200-report cohort
188,formal-v2-frozen-200,688618_三旺通信_2025_ESG报告,data/raw_pdfs/688618_三旺通信_2025_ESG报告.pdf,07667693421b8556316f3381885ab20035be5fd9d7b2f97567843fb5228c1169,8308646,50,exact formal_v2 frozen 200-report cohort
189,formal-v2-frozen-200,688690_纳微科技_2025_ESG报告,data/raw_pdfs/688690_纳微科技_2025_ESG报告.pdf,6571220b5c265ab0f8434bb08a0b3670ccda980e334d6aaafe63a93914c56a4e,18608040,52,exact formal_v2 frozen 200-report cohort
190,formal-v2-frozen-200,688709_成都华微_2025_ESG报告,data/raw_pdfs/688709_成都华微_2025_ESG报告.pdf,2c8eb990fc893775fea18ccbb6696362390f897caa9871c3ebe98ffece31e0d5,31250540,63,exact formal_v2 frozen 200-report cohort
191,formal-v2-frozen-200,688728_格科微_2025_ESG报告,data/raw_pdfs/688728_格科微_2025_ESG报告.pdf,039cbdecc14a29c352879cc440439a53ce1c264a1e3a6f77546a5ca328b6406e,14029617,50,exact formal_v2 frozen 200-report cohort
192,formal-v2-frozen-200,688818_电科蓝天_2025_ESG报告,data/raw_pdfs/688818_电科蓝天_2025_ESG报告.pdf,8a1447aba881e9b270ad81520b844c04bb98518e7cbbb22f56e11f7abd93d9bb,6880154,48,exact formal_v2 frozen 200-report cohort
193,formal-v2-frozen-200,920001_纬达光电_2025_ESG报告,data/raw_pdfs/920001_纬达光电_2025_ESG报告.pdf,f2472db5c8cb79f17a5c13b84fb333002b9093c447428313c3063d54d0c5819b,18043135,58,exact formal_v2 frozen 200-report cohort
194,formal-v2-frozen-200,920019_铜冠矿建_2025_ESG报告,data/raw_pdfs/920019_铜冠矿建_2025_ESG报告.pdf,23eefba04e0892e53d9c93d4f5635e1bf723a11b0fb9b7a484d4408911246b07,22886824,37,exact formal_v2 frozen 200-report cohort
195,formal-v2-frozen-200,920029_开发科技_2025_ESG报告,data/raw_pdfs/920029_开发科技_2025_ESG报告.pdf,49b5f7c6fb2c0d6cbb36e199377c790ac75848f0ff48c30f948516e9c75ed927,27468742,84,exact formal_v2 frozen 200-report cohort
196,formal-v2-frozen-200,920039_国义招标_2025_ESG报告,data/raw_pdfs/920039_国义招标_2025_ESG报告.pdf,3cb176eafbb8130449213fc7462d67fd2d926cf676a8ee51df94253a960d68bd,25956066,62,exact formal_v2 frozen 200-report cohort
197,formal-v2-frozen-200,920122_中纺标_2025_ESG报告,data/raw_pdfs/920122_中纺标_2025_ESG报告.pdf,bede4449e62b5c967091766defc35a7da7172dfd1a830fd0b5c82f3991420dcc,6424869,48,exact formal_v2 frozen 200-report cohort
198,formal-v2-frozen-200,920167_同享科技_2025_ESG报告,data/raw_pdfs/920167_同享科技_2025_ESG报告.pdf,c2b8517624bed4ae847c468d7d3bab474678e638261e2840b6b8506e5fc11159,17304803,40,exact formal_v2 frozen 200-report cohort
199,formal-v2-frozen-200,920299_灿能电力_2025_可持续发展报告,data/raw_pdfs/920299_灿能电力_2025_可持续发展报告.pdf,50000d719c9f3a0c5b32ca2f2b18cd798933162fda119b0b32861acfd2753f2e,7369426,77,exact formal_v2 frozen 200-report cohort
200,formal-v2-frozen-200,920665_科强股份_2025_ESG报告,data/raw_pdfs/920665_科强股份_2025_ESG报告.pdf,ffc8e2ec05226d72e483b82a625e4fc6e5a633f181a233d3fca41fd81c42a848,22590625,44,exact formal_v2 frozen 200-report cohort
