review_id,report_id,indicator_id,indicator_name,dimension,indicator_type,status,value,unit,qualitative_text,evidence_quote,page_no,block_id,block_type,source_candidate_count,llm_confidence,llm_reason,postprocess_repaired,quantitative_incomplete,repair_method,repair_reason,risk_tag,risk_level,caution_tag,review_reason,needs_manual_check,suspected_issue_type
RS-0001,600278_东方创业_2025_ESG报告,e_waste_recycling,废弃物回收利用量,E,quantitative,found,100%,%,,包装废弃物回收率达 100%。,28,600278_东方创业_2025_ESG报告:p28:b18,paragraph,2,0.0000,明确数值,true,false,regex_unit_from_evidence,filled missing quantitative field from evidence_quote,normal,,high_risk_indicator,indicator belongs to high-risk review category,true,high_risk_indicator
RS-0002,688051_佳华科技_2025_ESG报告,s_work_injury,工伤事故,S,quantitative,found,0,起,,全年无应急事故、工伤事故，无重伤和死亡事故,36,688051_佳华科技_2025_ESG报告:p36:b6,paragraph,3,0.0000,明确提及无工伤事故,true,false,zero_event_normalization,normalized zero-event count from evidence_quote,possible_zero_event,low,high_risk_indicator,zero-event normalization needs source evidence review,true,possible_zero_event
RS-0003,600278_东方创业_2025_ESG报告,g_board_diversity,董事会多元化,G,quantitative,found,7:2,,,董事会成员男女比例为 7 : 2,11,600278_东方创业_2025_ESG报告:p11:b14,paragraph,3,0.0000,明确提及比例,false,true,none,quantitative found result lacks numeric value or unit in evidence_quote,value_unit_missing,high,high_risk_indicator,quantitative found result lacks value or unit,true,value_unit_missing
RS-0004,002663_普邦股份_2025_ESG报告,e_environmental_penalty,环境处罚,E,boolean,missing,,,,,,,,0,0.0000,,false,false,none,,normal,,high_risk_indicator,indicator belongs to high-risk review category,true,high_risk_indicator
RS-0005,600480_凌云股份_2025_ESG报告,s_safety,安全生产,S,qualitative,found,"8,209",万元,公司未发生重大生产安全事故，构建全方位健康保障体系,报告期内，公司未发生重大生产安全事故，无新增职业病,27,600480_凌云股份_2025_ESG报告:p27:b9,paragraph,5,0.9500,明确提及安全生产相关数据,false,false,none,,normal,,high_risk_indicator,indicator belongs to high-risk review category,true,high_risk_indicator
RS-0006,688439_振华风光_2025_ESG报告,e_air_pollutants,大气污染物排放,E,quantitative,missing,,,,,,,,1,0.0000,quantitative value was non-numeric; conservative missing,true,false,non_numeric_quantitative_to_missing,定量指标 value 不含数字，说明证据只是指标词或描述性文本，按 missing 处理。,normal,,high_risk_indicator,indicator belongs to high-risk review category,true,high_risk_indicator
RS-0007,600846_同济科技_2025_ESG报告,g_board_diversity,董事会多元化,G,quantitative,found,9,名,,公司董事会成员共9名，其中外部董事7名，独立董事3名，公司董事会成员结构合理经验丰富，具备多元的专业背景，涵盖企业管理、财税、法律等专业，符合法律法规和上市公司监管要求。,15,600846_同济科技_2025_ESG报告:p15:b25,paragraph,1,0.0000,明确提及董事会成员总数,true,false,regex_unit_from_evidence,filled missing quantitative field from evidence_quote,normal,,high_risk_indicator,indicator belongs to high-risk review category,true,high_risk_indicator
RS-0008,603051_鹿山新材_2025_ESG报告,g_shareholder_meetings,股东大会次数,G,quantitative,found,1,次,,2025年，公司共召开股东大会1次，提交股东大会审议议案共计17项；董事会8次，提交董事会审议议案共计59项；监事会4次，提交监事会审议议案共计17项。,10,603051_鹿山新材_2025_ESG报告:p10:b22,paragraph,4,0.0000,明确提及股东大会次数,true,false,regex_unit_from_evidence,filled missing quantitative field from evidence_quote,normal,,,stratified normal sample,false,normal_sample
RS-0009,603990_麦迪科技_2025_ESG报告,s_customer_complaints,客户投诉,S,quantitative,found,0,件,,客户投诉数量0,34,603990_麦迪科技_2025_ESG报告:p34:b15,paragraph,5,0.0000,明确数值0,true,false,final_unit_normalization,根据指标元数据和证据语义补充单位 件。,evidence_too_short,medium,high_risk_indicator,evidence_quote is too short for reliable verification,true,evidence_too_short
RS-0010,600874_创业环保_2025_可持续发展报告,g_board_size,董事会人数,G,quantitative,found,9,名,,董事会由9 名董事组成，其中女性董事占比 22.22%,13,600874_创业环保_2025_可持续发展报告:p13:b1,list,3,0.0000,明确提及董事会人数,true,false,regex_unit_from_evidence,filled missing quantitative field from evidence_quote,possible_rate_as_count,high,high_risk_indicator,count-like indicator contains percent/rate expression,true,possible_rate_as_count
RS-0011,920299_灿能电力_2025_可持续发展报告,e_environmental_penalty,环境处罚,E,boolean,found,true,,报告中明确披露环保处罚事件为0起，表明无环境处罚事件发生。,环保处罚事件 | 起 | | 0,38,920299_灿能电力_2025_可持续发展报告:p38:b11,table,2,0.0000,明确披露环保处罚事件为0,false,false,none,,possible_policy_as_boolean,medium,high_risk_indicator,boolean evidence is only a short title-like phrase,true,possible_policy_as_boolean
RS-0012,603373_安邦护卫_2025_ESG暨社会责任报告,s_work_injury,工伤事故,S,quantitative,found,85221,万元,,2025年，公司投入85221万元用于安全生产工作，各类安全风险因素得到有效管控，未发生重大伤亡事故。,26,603373_安邦护卫_2025_ESG暨社会责任报告:p26:b22,paragraph,2,0.0000,明确数值和单位,false,false,none,,possible_money_as_count,high,high_risk_indicator,count-like indicator uses money unit,true,possible_money_as_count
RS-0013,002444_巨星科技_2025_ESG报告,e_air_pollutants,大气污染物排放,E,quantitative,found,"3,350",万立方米,,"废气排放总量 | 万立方米 | 3,350",19,002444_巨星科技_2025_ESG报告:p19:b16,table,4,0.9500,明确数值匹配,false,false,none,,normal,,high_risk_indicator,indicator belongs to high-risk review category,true,high_risk_indicator
RS-0014,600855_航天长峰_2025_ESG报告,e_hazardous_waste,危险废弃物产生量,E,quantitative,found,4.10,吨,,危险废物处置量 | 吨 | 4.10 危险废物产生量 | 吨 | 4.10,49,600855_航天长峰_2025_ESG报告:p49:b7,table,4,0.9500,明确数值匹配,false,false,none,,normal,,high_risk_indicator,indicator belongs to high-risk review category,true,high_risk_indicator
RS-0015,000557_西部创业_2025_可持续发展报告,e_water_total,总用水量,E,quantitative,found,"154,443.00",吨,,"总用水量 | 吨 | 154,443.00 | 159,764.00",50,000557_西部创业_2025_可持续发展报告:p50:b1,table,4,0.0000,明确数值,false,false,none,,normal,,high_risk_indicator,indicator belongs to high-risk review category,true,high_risk_indicator
RS-0016,002490_山东墨龙_2025_ESG报告,e_energy_total,能源消耗总量,E,quantitative,found,"46,245.59",吨标煤,,"综合能源消耗量 | 吨标煤 | 46,245.59",32,002490_山东墨龙_2025_ESG报告:p32:b3,table,2,0.9500,明确数值匹配,false,false,none,,normal,,high_risk_indicator,indicator belongs to high-risk review category,true,high_risk_indicator
RS-0017,601956_东贝集团_2025_ESG报告,e_ghg_scope2,间接温室气体排放量,E,quantitative,found,"182,489",吨二氧化碳当量,,"间接温室气体排放量(范围二) | 吨二氧化碳当量 | 182,489",25,601956_东贝集团_2025_ESG报告:p25:b22,table,2,0.0000,明确数值匹配,false,false,none,,normal,,high_risk_indicator,indicator belongs to high-risk review category,true,high_risk_indicator
RS-0018,688128_中国电研_2025_ESG报告,e_energy_total,能源消耗总量,E,quantitative,found,12360.42,吨标准煤,,"能源消耗总量 | 吨标准煤 | 10,729.63 | 12,360.42",52,688128_中国电研_2025_ESG报告:p52:b4,table,2,0.9500,明确数值匹配,false,false,none,,normal,,high_risk_indicator,indicator belongs to high-risk review category,true,high_risk_indicator
RS-0019,688147_微导纳米_2025_ESG报告,e_waste_total,废弃物产生量,E,quantitative,found,1.13,吨,,产生的有害废弃物总量 | 吨 | 1.13 | 9.8,48,688147_微导纳米_2025_ESG报告:p48:b4,table,3,0.0000,明确数值匹配,false,false,none,,normal,,high_risk_indicator,indicator belongs to high-risk review category,true,high_risk_indicator
RS-0020,000777_中核科技_2025_ESG暨社会责任报告,e_energy_total,能源消耗总量,E,quantitative,found,"2,149.21",吨标准煤,,"能源消耗总量 | 吨标准煤 | 2,149.21",27,000777_中核科技_2025_ESG暨社会责任报告:p27:b0,table,4,0.9500,明确数值匹配指标名称。,false,false,none,,normal,,high_risk_indicator,indicator belongs to high-risk review category,true,high_risk_indicator
RS-0021,000881_中广核技_2025_ESG报告,e_ghg_total,温室气体排放总量,E,quantitative,found,"140,841.94",吨二氧化碳,,"温室气体排放总量140,841.94吨二氧化碳，较2024年下降0.02%",18,000881_中广核技_2025_ESG报告:p18:b2,list,2,0.0000,明确数值匹配,false,false,none,,normal,,high_risk_indicator,indicator belongs to high-risk review category,true,high_risk_indicator
RS-0022,600805_悦达投资_2025_ESG报告,e_hazardous_waste,危险废弃物产生量,E,quantitative,found,44.43,吨,,产生的有害废弃物总量(吨) | 44.43 | 39.17,11,600805_悦达投资_2025_ESG报告:p11:b20,table,1,0.0000,明确数值匹配,false,false,none,,normal,,high_risk_indicator,indicator belongs to high-risk review category,true,high_risk_indicator
RS-0023,601106_中国一重_2025_ESG报告,e_fuel_consumption,燃料消耗量,E,quantitative,found,"339,614.55",吨标准煤,,"化石能源消耗量 | 吨标准煤 | 339,851.22 | 339,614.55 | 278,786.95",24,601106_中国一重_2025_ESG报告:p24:b15,table,4,0.9500,明确数值匹配,false,false,none,,normal,,high_risk_indicator,indicator belongs to high-risk review category,true,high_risk_indicator
RS-0024,600737_中粮糖业_2025_ESG报告,e_ghg_scope1,直接温室气体排放量,E,quantitative,found,"1,227,725.16",吨二氧化碳当量,,"范围一温室气体排放量 | 吨二氧化碳当量 | 1,227,725.16",18,600737_中粮糖业_2025_ESG报告:p18:b3,table,5,0.9500,明确数值匹配,false,false,none,,normal,,high_risk_indicator,indicator belongs to high-risk review category,true,high_risk_indicator
RS-0025,603660_苏州科达_2025_ESG报告,e_water_total,总用水量,E,quantitative,found,"49,444",立方米,,"耗水量 | 立方米 | 49,444 | 52,281",75,603660_苏州科达_2025_ESG报告:p75:b0,table,2,0.0000,明确数值,false,false,none,,normal,,high_risk_indicator,indicator belongs to high-risk review category,true,high_risk_indicator
RS-0026,600331_宏达股份_2025_ESG报告,e_voc,挥发性有机物排放量,E,quantitative,found,0,吨,,挥发性有机化合物(VOCs) | 吨 | 0,16,600331_宏达股份_2025_ESG报告:p16:b22,table,2,0.0000,明确数值0,false,false,none,,possible_zero_event,low,high_risk_indicator,zero-event normalization needs source evidence review,true,possible_zero_event
RS-0027,688818_电科蓝天_2025_ESG报告,e_voc,挥发性有机物排放量,E,quantitative,found,444.49,千克,,挥发性有机物（VOCs）排放量 444.49千克,23,688818_电科蓝天_2025_ESG报告:p23:b2,table,3,0.0000,明确数值和单位,false,false,none,,normal,,high_risk_indicator,indicator belongs to high-risk review category,true,high_risk_indicator
RS-0028,000825_太钢不锈_2025_可持续发展报告,e_environmental_penalty,环境处罚,E,boolean,found,true,,报告中明确披露环保处罚事件为0件，表明无环境处罚记录。,环保处罚事件 | 件 | 0 | 0 | 0,47,000825_太钢不锈_2025_可持续发展报告:p47:b1,table,2,0.0000,明确披露0件,false,false,none,,normal,,high_risk_indicator,indicator belongs to high-risk review category,true,high_risk_indicator
RS-0029,600009_上海机场_2025_ESG报告,e_carbon_management,碳排放管理措施,E,boolean,found,true,,上海机场建立了碳排放管理常态化机制，制定多项管理细则，落实相关制度。,· 碳排放管理常态化机制· 合规信息收集数字化工具、报告与分析常态化机制,19,600009_上海机场_2025_ESG报告:p19:b4,table,5,0.9500,明确提及碳排放管理常态化机制,false,false,none,,normal,,high_risk_indicator,indicator belongs to high-risk review category,true,high_risk_indicator
RS-0030,000503_国新健康_2025_ESG报告,e_green_office,绿色办公,E,boolean,found,true,,推行无纸化办公，构建绿色办公场景，倡导绿色低碳办公方式,完善废弃物管控体系，推行垃圾分类、无纸化办公，构建绿色办公场景，以实际行动守护生态家园。,4,000503_国新健康_2025_ESG报告:p4:b2,paragraph,3,0.0000,明确提及无纸化办公,false,false,none,,normal,,high_risk_indicator,indicator belongs to high-risk review category,true,high_risk_indicator
RS-0031,600587_新华医疗_2025_ESG报告,e_carbon_management,碳排放管理措施,E,boolean,found,true,,新华医疗系统构建气候风险防控与价值创造协同体系，强化全流程节能降碳管理，深化供应链协同治理，构建低碳生态共同体。,新华医疗锚定“双碳”目标与高质量发展要求，系统构建气候风险防控与价值创造协同体系。通过优化能源结构、推进低碳技术应用，强化全流程节能降碳管理，提升运营环节低碳韧性；深化供应链协同治理，引导上下游伙伴践行绿色发展理念，构建低碳生态共同体。,53,600587_新华医疗_2025_ESG报告:p53:b3,paragraph,2,0.0000,明确披露碳管理措施,false,false,none,,normal,,high_risk_indicator,indicator belongs to high-risk review category,true,high_risk_indicator
RS-0032,000968_蓝焰控股_2025_ESG报告,e_biodiversity,生物多样性保护,E,boolean,found,true,,报告明确提及生物多样性保护措施，包括生态修复与生物多样性保护，以及在生态环境与生物多样性保护措施章节中详细说明。,全面加强环境管理体系建设，规范废弃物、生活污水及固体废弃物的无害化处理与资源化利用，开展生态修复与生物多样性保护，在保障能源安全与应对全球气候变化中彰显蓝焰控股新作为。,40,000968_蓝焰控股_2025_ESG报告:p40:b4,paragraph,5,0.0000,明确提及生物多样性保护,false,false,none,,normal,,high_risk_indicator,indicator belongs to high-risk review category,true,high_risk_indicator
RS-0033,300149_睿智医药_2025_ESG报告,e_green_office,绿色办公,E,boolean,found,true,,公司持续推进节能降碳和绿色办公举措，优化能源使用效率，降低运营过程中的碳排放。,公司持续推进节能降碳和绿色办公举措，优化能源使用效率，降低运营过程中的碳排放。,36,300149_睿智医药_2025_ESG报告:p36:b6,paragraph,2,0.0000,明确提及绿色办公,false,false,none,,normal,,high_risk_indicator,indicator belongs to high-risk review category,true,high_risk_indicator
RS-0034,002444_巨星科技_2025_ESG报告,e_carbon_management,碳排放管理措施,E,boolean,found,true,,公司成立绿色低碳工厂管理领导小组，制定《碳排放管理制度》及2023—2028年绿色低碳工厂建设实施目标，积极参与CDP信息披露与SBTi科学碳目标设定。,公司气候行动管理工作由董事长牵头、可持续发展管理委员会统筹推进，从运营层面系统谋划绿色低碳发展路径，构建覆盖全链条的碳管理体系。公司专门成立绿色低碳工厂管理领导小组，制定《碳排放管理制度》及2023—2028年绿色低碳工厂建设实施目标，积极参与CDP信息披露与SBTi科学碳目标设定，以制度化、科学化管理保障碳减排工作持续推进、规范可信。,23,002444_巨星科技_2025_ESG报告:p23:b7,paragraph,2,0.0000,明确披露碳管理措施,false,false,none,,normal,,high_risk_indicator,indicator belongs to high-risk review category,true,high_risk_indicator
RS-0035,920665_科强股份_2025_ESG报告,e_carbon_management,碳排放管理措施,E,boolean,found,true,,公司主动对标国家'双碳'战略目标，参考ISO 14064标准进行碳排放核算与动态更新，定期复盘优化管理路径。,为确保公司的低碳发展路径与国家及行业节奏保持一致，科强股份主动对标国家'双碳'战略目标，将节能减排和降碳增效作为推动高质量发展的重要抓手。公司参考 ISO 14064 等国际通行标准，综合运用全球通用与中国本土碳排放因子与数据库，对生产运营活动产生的温室气体排放进行科学核算与动态更新，并通过定期复盘目标完成情况，持续优化碳排放管理和减排路径。,28,920665_科强股份_2025_ESG报告:p28:b1,paragraph,1,0.9500,明确披露碳管理措施,false,false,none,,normal,,high_risk_indicator,indicator belongs to high-risk review category,true,high_risk_indicator
RS-0036,000923_河钢资源_2025_ESG报告,e_carbon_management,碳排放管理措施,E,boolean,found,true,,报告中明确提及建立极端天气预警系统、加强矿区排水系统及设备防护、制定应急生产预案等碳排放管理措施。,建立极端天气预警系统;加强矿区排水系统及设备防护;制定应急生产预案。,25,000923_河钢资源_2025_ESG报告:p25:b6,table,1,0.0000,明确提及碳排放管理措施,false,false,none,,normal,,high_risk_indicator,indicator belongs to high-risk review category,true,high_risk_indicator
RS-0037,600117_西宁特钢_2025_ESG报告,e_biodiversity,生物多样性保护,E,boolean,found,true,,公司明确将生态系统和生物多样性保护列为关注议题，并在报告中披露相关措施。,利益相关方 | 关注议题 | 沟通与回应方式 政府及监管部门 | 公司治理、环境合规管理、应对气候变化、污染物排放、水资源利用、生态系统和生物多样性保护 | 信息报送、政策沟通、专项汇报、合规审查,8,600117_西宁特钢_2025_ESG报告:p8:b3,table,4,0.0000,明确提及生物多样性保护,false,false,none,,normal,,high_risk_indicator,indicator belongs to high-risk review category,true,high_risk_indicator
RS-0038,603660_苏州科达_2025_ESG报告,e_carbon_management,碳排放管理措施,E,boolean,found,true,,公司制定并实施减排计划，通过技术升级、优化生产流程、提高能源效率等手段减少碳排放。,"制定并实施减排计划,通过技术升级、优化生产流程、提高能源效率等手段减少碳排放。",73,603660_苏州科达_2025_ESG报告:p73:b9,paragraph,2,0.9500,明确提及减排计划,false,false,none,,normal,,high_risk_indicator,indicator belongs to high-risk review category,true,high_risk_indicator
RS-0039,688728_格科微_2025_ESG报告,e_carbon_management,碳排放管理措施,E,boolean,found,true,,公司持续开展碳盘查工作，系统识别温室气体排放源与种类，并进行量化核算，全面掌握碳排放状况。,公司积极响应国际倡议与国家“双碳”战略，持续在上海、嘉善两厂开展碳盘查工作，系统识别温室气体排放源与种类，并进行量化核算，全面掌握碳排放状况。,31,688728_格科微_2025_ESG报告:p31:b1,paragraph,2,0.9500,明确披露碳盘查措施,false,false,none,,normal,,high_risk_indicator,indicator belongs to high-risk review category,true,high_risk_indicator
RS-0040,601577_长沙银行_2025_可持续发展报告,e_biodiversity,生物多样性保护,E,boolean,found,true,,长沙银行在授信政策中明确将生物多样性保护纳入考量因素，支持生态农业和生态旅游业发展。,关注生物多样性保护和可持续自然资源管理。落实授信客户环境和社会风险管理要求，将企业项目是否涉及湿地、热带雨林、原始森林等生态敏感区域或文化遗产保护区，风景名胜区，饮用水保护区等作为授信审批的考量因素,52,601577_长沙银行_2025_可持续发展报告:p52:b25,paragraph,5,0.9500,明确提及生物多样性保护,false,false,none,,normal,,high_risk_indicator,indicator belongs to high-risk review category,true,high_risk_indicator
RS-0041,000923_河钢资源_2025_ESG报告,e_green_office,绿色办公,E,boolean,found,true,,公司积极倡导节能降耗、低碳办公，推行电子化、无纸化办公，减少资源消耗。,公司将绿色理念融入日常运营，积极倡导节能降耗、低碳办公的工作方式。我们在办公区域张贴节电节水提示标识，引导员工随手关灯、节约用水，将环保意识落实到细微之处。大力推进电子化、无纸化办公，减少纸质文件印发，严格控制一次性办公用品使用，从源头降低资源消耗。,29,000923_河钢资源_2025_ESG报告:p29:b5,paragraph,2,0.0000,明确披露绿色办公措施,false,false,none,,normal,,high_risk_indicator,indicator belongs to high-risk review category,true,high_risk_indicator
RS-0042,688400_凌云光_2025_ESG报告,e_environmental_penalty,环境处罚,E,boolean,found,true,,公司全年未发生重大环境违法违规事故，主要生产主体通过ISO14001环境管理体系认证。,全年未发生重大环境违法违规事故。在报告期内，公司主要生产主体均通过了ISO14001环境管理体系认证，全年无重大环境违法违规事故。,44,688400_凌云光_2025_ESG报告:p44:b5,paragraph,2,0.9500,明确披露无环境处罚,false,false,none,,normal,,high_risk_indicator,indicator belongs to high-risk review category,true,high_risk_indicator
RS-0043,600525_ST长园_2025_ESG报告,e_carbon_management,碳排放管理措施,E,boolean,found,true,,公司通过碳排放盘查、产品碳足迹核算及双碳培训提升碳管理能力，委托专业机构核查温室气体排放并完成报告。,公司高度重视温室气体排放管理，稳步推进各项降碳工作。部分子公司通过碳排放盘查、产品碳足迹核算及双碳课程培训等方式，全方位提升碳管理能力。报告期内，长园深瑞、长园共创、长园高能委托专业机构开展温室气体核查，并完成核查报告编制。,18,600525_ST长园_2025_ESG报告:p18:b1,paragraph,4,0.0000,明确披露碳管理措施,false,false,none,,normal,,high_risk_indicator,indicator belongs to high-risk review category,true,high_risk_indicator
RS-0044,605377_华旺科技_2025_ESG报告,e_voc,挥发性有机物排放量,E,quantitative,missing,,,,,,,,0,0.0000,,false,false,none,,normal,,high_risk_indicator,indicator belongs to high-risk review category,true,high_risk_indicator
RS-0045,001287_中电港_2025_ESG报告,e_voc,挥发性有机物排放量,E,quantitative,missing,,,,,,,,0,0.0000,,false,false,none,,normal,,high_risk_indicator,indicator belongs to high-risk review category,true,high_risk_indicator
RS-0046,300832_新产业_2025_ESG报告,e_air_pollutants,大气污染物排放,E,quantitative,missing,,,,,,,,1,0.0000,,false,false,none,,normal,,high_risk_indicator,indicator belongs to high-risk review category,true,high_risk_indicator
RS-0047,301185_鸥玛软件_2025_ESG报告,e_waste_total,废弃物产生量,E,quantitative,missing,,,,,,,,0,0.0000,,false,false,none,,normal,,high_risk_indicator,indicator belongs to high-risk review category,true,high_risk_indicator
RS-0048,603777_来伊份_2025_ESG报告,e_nonhazardous_waste,一般废弃物产生量,E,quantitative,missing,,,,,,,,0,0.0000,,false,false,none,,normal,,high_risk_indicator,indicator belongs to high-risk review category,true,high_risk_indicator
RS-0049,002490_山东墨龙_2025_ESG报告,e_ghg_intensity,温室气体排放强度,E,quantitative,missing,,,,,,,,1,0.0000,,false,false,none,,normal,,high_risk_indicator,indicator belongs to high-risk review category,true,high_risk_indicator
RS-0050,300459_汤姆猫_2025_ESG报告,e_ghg_scope1,直接温室气体排放量,E,quantitative,missing,,,,,,,,0,0.0000,,false,false,none,,normal,,high_risk_indicator,indicator belongs to high-risk review category,true,high_risk_indicator
RS-0051,688400_凌云光_2025_ESG报告,e_hazardous_waste,危险废弃物产生量,E,quantitative,missing,,,,,,,,3,0.0000,,false,false,none,,normal,,high_risk_indicator,indicator belongs to high-risk review category,true,high_risk_indicator
RS-0052,000537_绿发电力_2025_ESG报告,e_ghg_scope1,直接温室气体排放量,E,quantitative,missing,,,,,,,,1,0.0000,,false,false,none,,normal,,high_risk_indicator,indicator belongs to high-risk review category,true,high_risk_indicator
RS-0053,600884_杉杉股份_2025_ESG报告,e_ghg_scope2,间接温室气体排放量,E,quantitative,missing,,,,,,,,0,0.0000,,false,false,none,,normal,,high_risk_indicator,indicator belongs to high-risk review category,true,high_risk_indicator
RS-0054,600278_东方创业_2025_ESG报告,e_hazardous_waste,危险废弃物产生量,E,quantitative,missing,,,,,,,,1,0.0000,,false,false,none,,normal,,high_risk_indicator,indicator belongs to high-risk review category,true,high_risk_indicator
RS-0055,603683_晶华新材_2025_ESG报告,e_waste_recycling,废弃物回收利用量,E,quantitative,missing,,,,,,,,5,0.0000,,false,false,none,,normal,,high_risk_indicator,indicator belongs to high-risk review category,true,high_risk_indicator
RS-0056,600322_津投城开_2025_ESG报告,e_waste_total,废弃物产生量,E,quantitative,missing,,,,,,,,5,0.0000,,false,false,none,,normal,,high_risk_indicator,indicator belongs to high-risk review category,true,high_risk_indicator
RS-0057,603918_金桥信息_2025_ESG报告,e_nonhazardous_waste,一般废弃物产生量,E,quantitative,missing,,,,,,,,1,0.0000,,false,false,none,,normal,,high_risk_indicator,indicator belongs to high-risk review category,true,high_risk_indicator
RS-0058,600805_悦达投资_2025_ESG报告,e_ghg_intensity,温室气体排放强度,E,quantitative,missing,,,,,,,,0,0.0000,,false,false,none,,normal,,high_risk_indicator,indicator belongs to high-risk review category,true,high_risk_indicator
RS-0059,688015_交控科技_2025_ESG暨社会责任报告,e_green_product,绿色产品与服务,E,qualitative,found,,,安全云平台产品研发项目践行资源高效利用与低碳发展理念，减少专用硬件设备数量及空间占地需求，降低原材料消耗和电子废弃物产生，缩短供货周期、降低全生命周期能耗。,安全云平台产品研发项目：该项目基于通用服务器设备开发，不依赖专用硬件，从设计源头践行资源高效利用与低碳发展理念，该平台通过减少专用硬件设备数量及空间占地需求，有效降低生产制造环节的原材料消耗和电子废弃物产生，同时缩短供货周期、降低全生命周期能耗。,35,688015_交控科技_2025_ESG暨社会责任报告:p35:b6,paragraph,2,0.0000,明确提及绿色产品,false,false,none,,normal,,high_risk_indicator,indicator belongs to high-risk review category,true,high_risk_indicator
RS-0060,001287_中电港_2025_ESG报告,e_green_product,绿色产品与服务,E,qualitative,found,,,公司积极推出绿色供应链相关业务，契合消费者对碳排放的关注，推动绿色产品与服务发展。,"随着消费者对碳排放的关注持续上升,公司积极推出绿色供应链相关业务,以占有更多市场份额",25,001287_中电港_2025_ESG报告:p25:b9,table,3,0.0000,直接引用,false,false,none,,normal,,high_risk_indicator,indicator belongs to high-risk review category,true,high_risk_indicator
RS-0061,002011_盾安环境_2025_ESG报告,e_green_product,绿色产品与服务,E,qualitative,found,,,公司加快绿色技术创新，持续完善CO₂系列低碳产品解决方案，推动绿色产品设计与研发，打造自然友好型产品。,在产品端，公司加快绿色技术创新，持续完善CO₂系列低碳产品解决方案；并通过绿色制造与数字化管理协同推进，带动生产效率与资源利用水平同步提升，以绿色创新引领行业迈向高质量可持续发展。,4,002011_盾安环境_2025_ESG报告:p4:b5,paragraph,5,0.0000,明确提及绿色产品创新,false,false,none,,normal,,high_risk_indicator,indicator belongs to high-risk review category,true,high_risk_indicator
RS-0062,600400_红豆股份_2025_ESG报告,e_green_product,绿色产品与服务,E,qualitative,found,,,红豆股份通过体系化资源管理、绿色产品研发与循环经济实践，降低环境足迹，探索纺织服装行业低碳转型路径。,红豆股份将环境管理深度融入运营流程，以碳中和目标为引领，通过体系化资源管理、绿色产品研发与循环经济实践，降低环境足迹；同时，严格履行环境合规义务，强化污染防控与废弃物资源化处理，积极探索纺织服装行业的低碳转型路径，助力生态友好型产业生态构建。,35,600400_红豆股份_2025_ESG报告:p35:b8,paragraph,3,0.9000,明确提及绿色产品研发,false,false,none,,normal,,high_risk_indicator,indicator belongs to high-risk review category,true,high_risk_indicator
RS-0063,600996_贵广网络_2025_ESG报告,e_green_product,绿色产品与服务,E,qualitative,found,,,贵广网络通过创新宣传形式普及环保知识，倡导低碳理念，引导公众践行绿色生活方式；深化绿色运营管理，推行绿色办公、绿色施工，优先选用低碳环保材料，严控污染物排放；推进广电5G网络、有线电视、宽带业务低碳化升级，探索绿色技术应用，助力生态环境质量提升。,在环境责任方面，坚持生态优先、绿色发展，守好发展和生态两条底线，按照《中共贵州省委关于制定贵州省国民经济和社会发展第十五个五年规划的建议》相关要求，深入践行美丽贵州建设要求，立足党媒政网职责使命，持续加大生态环保宣传力度，创新宣传形式，普及环保知识、倡导低碳理念，引导公众践行绿色生活方式。深化绿色运营管理，全面推行绿色办公、绿色施工，在项目建设中优先选用低碳环保、节能降耗材料，严控各类污染物排放。健全环境应急预案体系，强化极端天气、生态灾害等突发情况的应急处置能力，保障广电网络服务稳定畅通。推进广电5G网络、有线电视、宽带业务低碳化升级，探索绿色技术在网络建设、运维中的深度应用，助力“绿水青山就是金山银山”转换路径拓宽，践行生态保护责任，助力贵州生态环境质量持续提升。,31,600996_贵广网络_2025_ESG报告:p31:b2,paragraph,1,0.9500,明确提及绿色产品与服务相关措施,false,false,none,,normal,,high_risk_indicator,indicator belongs to high-risk review category,true,high_risk_indicator
RS-0064,301308_江波龙_2025_ESG报告,e_green_product,绿色产品与服务,E,qualitative,found,,,江波龙通过工艺优化生产mSSD，避免高能耗工序，降低能源消耗与碳排放，控制单位产品碳足迹；产品使用阶段功耗符合低功耗要求，助力客户能效优化。,在制造与使用环节，mSSD通过工艺优化有效回应客户对低碳与绿色产品的需求。其生产流程避免了传统贴片等高能耗工序，在保证产品性能与质量的同时，显著降低能源消耗与碳排放，有效控制单位产品碳足迹。在产品使用阶段，mSSD的功耗表现符合相关协议的低功耗要求，峰值功耗亦满足行业规范，有助干客户在系统层面实现能效优化目标。,29,301308_江波龙_2025_ESG报告:p29:b1,paragraph,2,0.0000,直接引用描述绿色产品,false,false,none,,normal,,high_risk_indicator,indicator belongs to high-risk review category,true,high_risk_indicator
RS-0065,003030_祖名股份_2025_ESG报告,e_green_product,绿色产品与服务,E,qualitative,found,,,公司通过自主研发湿豆渣烘干技术及副产物资源化利用项目，将豆渣转化为高附加值猫砂原料，实现废弃物减排与资源循环利用，打造循环经济'祖名样本'。,我们坚持技术创新与绿色发展并行，自主研发湿豆渣烘于技术，并持续深化豆渣、蛋白渣等副产物的资源化利用项目，不断优化烘干工艺与产品适配性，成功将副产物转化为高附加值猫砂原料，不仅有效降低废弃物排放、节约生产成本，更为行业副产物综合利用树立了技术示范，以绿色技术赋能可持续发展,4,003030_祖名股份_2025_ESG报告:p4:b4,paragraph,2,0.0000,明确提及绿色产品技术应用,false,false,none,,normal,,high_risk_indicator,indicator belongs to high-risk review category,true,high_risk_indicator
RS-0066,600525_ST长园_2025_ESG报告,e_green_product,绿色产品与服务,E,qualitative,found,,,公司推行绿色产品设计与包装，优先选用环保物料，强化废弃物管理，建设绿色供应链，推动供应商履行环境与社会责任。,推行绿色产品设计与包装，优先选用环保物料。强化废弃物管理，对一般固废和危险废物进行分类、合规处置和回收利用。建设绿色供应链，推动供应商履行环境与社会责任。,7,600525_ST长园_2025_ESG报告:p7:b31,paragraph,5,0.0000,明确提及绿色产品设计与包装,false,false,none,,normal,,high_risk_indicator,indicator belongs to high-risk review category,true,high_risk_indicator
RS-0067,301588_美新科技_2025_ESG报告,e_green_product,绿色产品与服务,E,qualitative,found,,,公司产品通过多项绿色认证，包括中国环境标志、绿色产品认证、绿色建材认证等，覆盖室内、室外及健康安全标准。,• 装备升级：配备自动化配料系统，实现物料的精确配比与管道密闭输送 • 生产管控：配备面料生产、改性料制备、型材挤出及表面处理等自动化程度高的生产设备，核心材料如面层材料及颜色母粒都是自主研发生产节能低碳生产 • 节能减污：利用光伏发电+储能设备供能，生产用水100%循环利用 • 能力提升：引入先进装备工艺，推广清洁能源与绿色产品，攻关绿色技术，完善标准与绿色制造服务体系,12,301588_美新科技_2025_ESG报告:p12:b2,list,5,0.9500,直接提及绿色产品推广,false,false,none,,normal,,high_risk_indicator,indicator belongs to high-risk review category,true,high_risk_indicator
RS-0068,000758_中色股份_2025_ESG暨社会责任报告,e_green_product,绿色产品与服务,E,qualitative,found,,,公司印发《中色股份加快绿色发展推动美丽中国建设实施方案(2024-2027)》，通过实施绿色发展战略，建设环保项目，采用绿色技术和设备等措施大幅减少污染物排放和生态破坏。,我们印发《中色股份加快绿色发展推动美丽中国建设实施方案(2024-2027)》通过实施绿色发展战略，建设环保项目，采用绿色技术和设备等措施大幅减少污染物排放和生态破坏。,25,000758_中色股份_2025_ESG暨社会责任报告:p25:b4,paragraph,1,0.0000,明确披露绿色战略方案,false,false,none,,normal,,high_risk_indicator,indicator belongs to high-risk review category,true,high_risk_indicator
RS-0069,000881_中广核技_2025_ESG报告,e_green_product,绿色产品与服务,E,qualitative,found,,,公司通过电子束处理特种废弃物技术等绿色产品及服务业务，拓展低碳经济背景下的市场机遇。,"·开展绿色产品及服务业务,例如电子束处理特种废弃物技术。",21,000881_中广核技_2025_ESG报告:p21:b1,table,2,0.9500,直接引用证据,false,false,none,,normal,,high_risk_indicator,indicator belongs to high-risk review category,true,high_risk_indicator
RS-0070,920299_灿能电力_2025_可持续发展报告,e_green_product,绿色产品与服务,E,qualitative,found,,,灿能电力将绿色低碳理念融入产品设计、包装、电子废弃物回收等全生命周期，推进产品碳足迹认证，打造环境友好型绿色产品。,在产品端，公司推行全生命周期管理，将清洁技术贯穿于产品设计、包装、电子废弃物回收等各个环节，有序推进产品碳足迹认证，全力打造环境友好型绿色产品；,4,920299_灿能电力_2025_可持续发展报告:p4:b5,paragraph,5,0.0000,直接引用产品端描述,false,false,none,,normal,,high_risk_indicator,indicator belongs to high-risk review category,true,high_risk_indicator
RS-0071,001322_箭牌家居_2025_ESG报告,e_green_product,绿色产品与服务,E,qualitative,found,true,,箭牌家居已累计25个型号产品入选用水产品水效领跑者名单，超过140款产品获颁'中国绿色产品认证'，超过170款产品通过'中国绿色建材产品认证'，多款产品获得中国节水产品、中国环境标志产品等权威绿色认证。,目前，公司已累计25个型号产品入选用水产品水效领跑者名单，超过140款产品获颁'中国绿色产品认证'，超过170款产品通过'中国绿色建材产品认证'，同时，公司多款产品获得中国节水产品、中国环境标志产品等权威绿色认证。,28,001322_箭牌家居_2025_ESG报告:p28:b9,paragraph,5,0.9500,明确提及绿色产品认证数量,false,false,none,,normal,,high_risk_indicator,indicator belongs to high-risk review category,true,high_risk_indicator
RS-0072,600783_鲁信创投_2025_ESG报告,e_green_product,绿色产品与服务,E,qualitative,found,,,鲁信创投将绿色低碳理念融入运营全流程，深化绿色金融战略，为低碳、环保项目提供资金支持，助力绿色经济发展。,鲁信创投积极响应国家“双碳”目标，紧扣《绿色金融支持项目目录（2025年版）》政策导向，将绿色低碳理念深度融入运营全流程，持续完善环境管理体系，健全环境风险应急管控机制，稳步提升资源利用效率，确保各类污染物稳定达标排放。同时，公司深化绿色金融战略落地，为低碳、环保项目提供资金支持，助力绿色经济发展，推动经济社会高质量可持续发展。,23,600783_鲁信创投_2025_ESG报告:p23:b2,paragraph,5,0.0000,直接引用报告内容,false,false,none,,normal,,high_risk_indicator,indicator belongs to high-risk review category,true,high_risk_indicator
RS-0073,600874_创业环保_2025_可持续发展报告,e_green_product,绿色产品与服务,E,qualitative,found,,,公司积极开发绿色产品与技术，包括光伏碳减排计算器及绿色金融应用，强化碳排放管理。,开发建立光伏碳减排计算器并在集团QA平台发布等工作，强化碳排放的监察与管理。,29,600874_创业环保_2025_可持续发展报告:p29:b4,paragraph,5,0.0000,明确提及绿色产品与技术,false,false,none,,normal,,high_risk_indicator,indicator belongs to high-risk review category,true,high_risk_indicator
RS-0074,603013_亚普股份_2025_ESG报告,e_green_product,绿色产品与服务,E,qualitative,found,,,公司深耕低排放产品研发与产业升级，成功研发并推广YNTF®技术等多项高效减排方案，切实履行环保主体责任。,紧扣“双碳”战略目标及《国家第六阶段机动车污染物排放标准》的实施要求，亚普股份以绿色技术创新为核心，深耕低排放产品研发与产业升级，为乘用车燃油系统节能降耗及技术革新提供助力。公司提前布局绿色低碳产品赛道，成功研发并推广YNTF®技术等多项高效减排方案，切实履行企业在环保领域的主体责任。,32,603013_亚普股份_2025_ESG报告:p32:b19,paragraph,4,0.9500,明确提及绿色产品及技术,false,false,none,,normal,,high_risk_indicator,indicator belongs to high-risk review category,true,high_risk_indicator
RS-0075,600651_飞乐音响_2025_可持续发展报告,s_customer_complaints,客户投诉,S,quantitative,found,24,件,,2025年，共处理客户投诉24件，全部得到有效解决。,30,600651_飞乐音响_2025_可持续发展报告:p30:b3,paragraph,5,0.0000,明确数值24,true,false,customer_complaint_count_override,preferred explicit customer complaint count over adjacent zero-event text,normal,,high_risk_indicator,indicator belongs to high-risk review category,true,high_risk_indicator
RS-0076,600779_水井坊_2025_ESG报告,s_customer_complaints,客户投诉,S,quantitative,found,100%,%,,2025 年，公司通过专项机制确保所有被正式受理的客户投诉实现 100% 的闭环处理。,32,600779_水井坊_2025_ESG报告:p32:b8,paragraph,2,0.0000,明确提及100%闭环处理,true,false,regex_unit_from_evidence,filled missing quantitative field from evidence_quote,possible_rate_as_count,high,high_risk_indicator,count-like indicator contains percent/rate expression,true,possible_rate_as_count
RS-0077,600783_鲁信创投_2025_ESG报告,s_customer_complaints,客户投诉,S,quantitative,found,0,件,,报告期内公司未收到客户投诉事件,38,600783_鲁信创投_2025_ESG报告:p38:b21,paragraph,5,0.0000,明确提及未收到投诉,true,false,zero_event_normalization,normalized zero-event count from evidence_quote,possible_zero_event,low,high_risk_indicator,zero-event normalization needs source evidence review,true,possible_zero_event
RS-0078,920029_开发科技_2025_ESG报告,s_patents,专利数量,S,quantitative,found,39,项,,公司申请专利总数量52件，其中发明专利39件、外观设计专利2件、实用新型专利11件，持续夯实技术壁垒。,19,920029_开发科技_2025_ESG报告:p19:b4,paragraph,5,0.0000,明确提及专利数量52件,true,false,patent_count_unit_from_evidence,filled patent count unit from evidence_quote,normal,,high_risk_indicator,indicator belongs to high-risk review category,true,high_risk_indicator
RS-0079,300949_奥雅股份_2025_ESG报告,s_work_injury,工伤事故,S,quantitative,found,0,起,,2025年度工伤 0,25,300949_奥雅股份_2025_ESG报告:p25:b14,paragraph,1,0.0000,明确数值,true,false,zero_event_normalization,normalized zero-event count from evidence_quote,possible_zero_event,low,high_risk_indicator,zero-event normalization needs source evidence review,true,possible_zero_event
RS-0080,600456_宝钛股份_2025_ESG报告,s_patents,专利数量,S,quantitative,found,12,项,,获授权专利12项,3,600456_宝钛股份_2025_ESG报告:p3:b5,paragraph,5,0.0000,明确提及授权专利数量,true,false,patent_count_unit_from_evidence,filled patent count unit from evidence_quote,normal,,high_risk_indicator,indicator belongs to high-risk review category,true,high_risk_indicator
RS-0081,301043_绿岛风_2025_ESG报告,s_patents,专利数量,S,quantitative,found,2,项,,发明专利 2,18,301043_绿岛风_2025_ESG报告:p18:b8,title,5,0.0000,明确提及专利数量,true,false,patent_count_unit_from_evidence,filled patent count unit from evidence_quote,evidence_too_short,medium,high_risk_indicator,evidence_quote is too short for reliable verification,true,evidence_too_short
RS-0082,300597_吉大通信_2025_ESG报告,s_customer_complaints,客户投诉,S,quantitative,found,0,件,,报告期内，公司未收到客户投诉。,57,300597_吉大通信_2025_ESG报告:p57:b32,paragraph,5,0.0000,明确提及未收到投诉,true,false,zero_event_normalization,normalized zero-event count from evidence_quote,possible_zero_event,low,high_risk_indicator,zero-event normalization needs source evidence review,true,possible_zero_event
RS-0083,600884_杉杉股份_2025_ESG报告,s_patents,专利数量,S,quantitative,found,402,项,,公司负极材料业务已有授权专利402项，其中国际专利18项；国内发明专利256项，实用新型,37,600884_杉杉股份_2025_ESG报告:p37:b29,paragraph,5,0.9500,明确数值402项,false,false,none,,normal,,high_risk_indicator,indicator belongs to high-risk review category,true,high_risk_indicator
RS-0084,002444_巨星科技_2025_ESG报告,s_patents,专利数量,S,quantitative,found,4359,件,,"持有专利数量 | 件 | 4,359",47,002444_巨星科技_2025_ESG报告:p47:b5,table,5,0.0000,明确数值,false,false,none,,normal,,high_risk_indicator,indicator belongs to high-risk review category,true,high_risk_indicator
RS-0085,600713_南京医药_2025_ESG报告,s_work_injury,工伤事故,S,quantitative,found,0,人,,工伤/亡人数 | 人 | 0 | 0 | 0,37,600713_南京医药_2025_ESG报告:p37:b4,table,1,0.0000,明确数值0,false,false,none,,possible_zero_event,low,high_risk_indicator,zero-event normalization needs source evidence review,true,possible_zero_event
RS-0086,002203_海亮股份_2025_ESG报告,s_patents,专利数量,S,quantitative,found,912,项,,截至2025年末累计拥有专利912项、其中发明专利184项,29,002203_海亮股份_2025_ESG报告:p29:b16,paragraph,5,0.9500,明确数值,false,false,none,,normal,,high_risk_indicator,indicator belongs to high-risk review category,true,high_risk_indicator
RS-0087,603979_金诚信_2025_ESG报告,s_patents,专利数量,S,quantitative,found,12,项,,国家发明专利 12 项、实用新型专利 20项,62,603979_金诚信_2025_ESG报告:p62:b11,paragraph,5,0.0000,明确提及12项国家发明专利,false,false,none,,normal,,high_risk_indicator,indicator belongs to high-risk review category,true,high_risk_indicator
RS-0088,600651_飞乐音响_2025_可持续发展报告,s_patents,专利数量,S,quantitative,found,22,件,,授权发明专利数 | 件 | 22,27,600651_飞乐音响_2025_可持续发展报告:p27:b30,table,5,0.9500,明确数值,false,false,none,,normal,,high_risk_indicator,indicator belongs to high-risk review category,true,high_risk_indicator
RS-0089,001390_古麒绒材_2025_可持续发展报告,s_work_injury,工伤事故,S,quantitative,missing,,,,,,,,1,0.0000,,false,false,none,,normal,,high_risk_indicator,indicator belongs to high-risk review category,true,high_risk_indicator
RS-0090,600651_飞乐音响_2025_可持续发展报告,s_work_injury,工伤事故,S,quantitative,missing,,,,,,,,4,0.0000,,false,false,none,,normal,,high_risk_indicator,indicator belongs to high-risk review category,true,high_risk_indicator
RS-0091,301185_鸥玛软件_2025_ESG报告,s_work_injury,工伤事故,S,quantitative,missing,,,,,,,,5,0.0000,明确数值0 conservative_missing,false,false,conservative_missing,"work-injury evidence maps to insurance, lost workdays, or deaths rather than accident count",normal,,high_risk_indicator,indicator belongs to high-risk review category,true,high_risk_indicator
RS-0092,06198_青岛港_2025_ESG报告,s_patents,专利数量,S,quantitative,missing,,,,,,,,1,0.0000,,false,false,none,,normal,,high_risk_indicator,indicator belongs to high-risk review category,true,high_risk_indicator
RS-0093,688503_聚和材料_2025_ESG报告,s_patents,专利数量,S,quantitative,missing,,,,,,,,2,0.0000,,false,false,none,,normal,,high_risk_indicator,indicator belongs to high-risk review category,true,high_risk_indicator
RS-0094,002851_麦格米特_2025_ESG暨社会责任报告,s_work_injury,工伤事故,S,quantitative,missing,,,,,,,,1,0.0000,明确数值匹配 conservative_missing,false,false,conservative_missing,"work-injury evidence maps to insurance, lost workdays, or deaths rather than accident count",normal,,high_risk_indicator,indicator belongs to high-risk review category,true,high_risk_indicator
RS-0095,001287_中电港_2025_ESG报告,s_work_injury,工伤事故,S,quantitative,missing,,,,,,,,4,0.0000,,false,false,none,,normal,,high_risk_indicator,indicator belongs to high-risk review category,true,high_risk_indicator
RS-0096,000503_国新健康_2025_ESG报告,s_work_injury,工伤事故,S,quantitative,missing,,,,,,,,0,0.0000,,false,false,none,,normal,,high_risk_indicator,indicator belongs to high-risk review category,true,high_risk_indicator
RS-0097,688598_金博股份_2025_ESG报告,s_customer_complaints,客户投诉,S,quantitative,missing,,,,,,,,5,0.0000,,false,false,none,,normal,,high_risk_indicator,indicator belongs to high-risk review category,true,high_risk_indicator
RS-0098,600759_ST洲际_2025_ESG报告,s_patents,专利数量,S,quantitative,missing,,,,,,,,3,0.0000,,false,false,none,,normal,,high_risk_indicator,indicator belongs to high-risk review category,true,high_risk_indicator
RS-0099,603128_华贸物流_2025_ESG报告,s_patents,专利数量,S,quantitative,missing,,,,,,,,0,0.0000,,false,false,none,,normal,,high_risk_indicator,indicator belongs to high-risk review category,true,high_risk_indicator
RS-0100,300982_苏文电能_2025_ESG报告,s_work_injury,工伤事故,S,quantitative,missing,,,,,,,,0,0.0000,,false,false,none,,normal,,high_risk_indicator,indicator belongs to high-risk review category,true,high_risk_indicator
RS-0101,600072_中船科技_2025_ESG报告,s_work_injury,工伤事故,S,quantitative,missing,,,,,,,,0,0.0000,,false,false,none,,normal,,high_risk_indicator,indicator belongs to high-risk review category,true,high_risk_indicator
RS-0102,301308_江波龙_2025_ESG报告,s_customer_complaints,客户投诉,S,quantitative,missing,,,,,,,,2,0.0000,,false,false,none,,normal,,high_risk_indicator,indicator belongs to high-risk review category,true,high_risk_indicator
RS-0103,601118_海南橡胶_2025_ESG报告,s_patents,专利数量,S,quantitative,missing,,,,,,,,5,0.0000,,false,false,none,,normal,,high_risk_indicator,indicator belongs to high-risk review category,true,high_risk_indicator
RS-0104,600009_上海机场_2025_ESG报告,s_work_injury,工伤事故,S,quantitative,missing,,,,,,,,3,0.0000,,false,false,none,,normal,,high_risk_indicator,indicator belongs to high-risk review category,true,high_risk_indicator
RS-0105,603333_尚纬股份_2025_ESG报告,s_product_quality,产品质量管理,S,qualitative,found,,,公司建立了全面的质量管理体系，包括最高管理层负责、独立质量部门、多部门协同及ISO标准认证，确保产品质量安全。,"最高管理层 | 总经理是产品质量安全的第一责任人,管理者代表由公司高层领导担任,全面负责质量管理体系的建立、实施和保持 质量部 | 设立独立的质量部,下设质量保证和质量控制职能模块,质量保证模块负责体系流程、供应商质量管理、客户投诉处理与改进,质量控制模块负责从进料至出货的全过程检验与测试 各支持部门 | 技术部、生产管理部、供应链管理部、商务运营部分别承担设计质量、过程质量、来料质量和服务质量的相关职责,与质量部协同运行质量管理职责",28,603333_尚纬股份_2025_ESG报告:p28:b8,table,5,0.9500,明确描述质量管理体系,false,false,none,,normal,,high_risk_indicator,indicator belongs to high-risk review category,true,high_risk_indicator
RS-0106,002490_山东墨龙_2025_ESG报告,s_diversity_equal_opportunity,多元化与平等机会,S,qualitative,found,true,,公司严格遵循《公司章程》等有关规定，依法依规开展董事提名与选聘工作，综合考量性别、年龄、文化与教育背景、专业经验、技能及知识结构等维度，持续优化董事会构成。,山东墨龙将董事会多元化与包容性治理视为提升治理效能、保障科学决策、支撑长期可持续发展的重要基石。公司严格遵循《公司章程》等有关规定，依法依规开展董事提名与选聘工作，综合考量性别、年龄、文化与教育背景、专业经验、技能及知识结构等维度，持续优化董事会构成。,16,002490_山东墨龙_2025_ESG报告:p16:b10,paragraph,5,0.0000,明确披露董事会多元化选聘标准,false,false,none,,normal,,high_risk_indicator,indicator belongs to high-risk review category,true,high_risk_indicator
RS-0107,001322_箭牌家居_2025_ESG报告,s_diversity_equal_opportunity,多元化与平等机会,S,qualitative,found,,,公司积极推进董事会多元化建设，充分考虑性别、年龄、文化及教育背景、专业经验、知识技能等多方面因素，确保董事会构成多元化配置。截至报告披露日，董事会由11名董事组成，其中女性董事3名，独立董事4名，职工代表董事1名，实现性别、专业背景、知识结构多元化。,公司积极推进董事会多元化建设，为董事会决策提供多元视角。在选举董事会成员时公司充分考虑性别、年龄、文化及教育背景、专业经验、知识技能等多方面因素，以确保董事会构成的最优化。截至本报告披露日，公司董事会由 11 名董事组成，其中职工代表董事 1 名、独立董事 4 名、女性董事 3 名，在性别、专业背景、知识结构等方面实现多元化配置，保障决策的全面性与科学性。,17,001322_箭牌家居_2025_ESG报告:p17:b2,paragraph,5,0.0000,明确披露董事会多元化,false,false,none,,normal,,high_risk_indicator,indicator belongs to high-risk review category,true,high_risk_indicator
RS-0108,920299_灿能电力_2025_可持续发展报告,s_safety,安全生产,S,qualitative,found,,,公司构建全流程安全生产管理体系，通过ISO45001认证，实施风险防控、安全培训及应急管理，坚守'零重大安全事故'承诺，保障员工健康与企业安全生产。,公司严格遵守安全生产与职业病防治相关法律法规，构建了全流程安全生产管理体系，并通过ISO45001职业健康安全管理体系认证。我们将职业健康安全管理融入生产运营各环节，通过风险防控、安全培训、应急管理等措施，坚守“零重大安全事故”承诺，切实保障员工健康与企业安全生产。,65,920299_灿能电力_2025_可持续发展报告:p65:b1,paragraph,5,0.0000,明确披露安全生产措施,false,false,none,,normal,,high_risk_indicator,indicator belongs to high-risk review category,true,high_risk_indicator
RS-0109,600456_宝钛股份_2025_ESG报告,s_compensation_benefits,薪酬福利,S,qualitative,found,,,公司构建了以'能力'和'贡献'为导向的薪酬福利与绩效考核体系，建立了基于岗位价值、能力素质和业绩贡献的六大序列、十三个职等的职业发展通道和薪酬体系，强化'多劳者多得、技高者多得、创新者多得'的激励效果。,公司构建了以'能力'和'贡献'为导向的薪酬福利与绩效考核体系，让员工的付出与努力得到充分认可，同时高度关注员工职业健康，努力营造和谐稳定的劳动关系。公司严格按照国家规定为全体员工足额缴纳养老、医疗、失业、工伤等社会保险及住房公积金，保障员工基本福利。,27,600456_宝钛股份_2025_ESG报告:p27:b20,paragraph,4,0.9500,明确提及薪酬体系,false,false,none,,normal,,high_risk_indicator,indicator belongs to high-risk review category,true,high_risk_indicator
RS-0110,003030_祖名股份_2025_ESG报告,s_diversity_equal_opportunity,多元化与平等机会,S,qualitative,found,,,公司重视董事会多元化建设，在董事构成中综合考虑专业背景、履职经验、性别等因素，持续提升董事会决策的科学性和有效性。,公司重视董事会多元化建设，在董事构成中综合考虑专业背景、履职经验、性别等因素，持续提升董事会决策的科学性和有效性。,12,003030_祖名股份_2025_ESG报告:p12:b17,paragraph,5,0.0000,直接提及董事会多元化,false,false,none,,normal,,high_risk_indicator,indicator belongs to high-risk review category,true,high_risk_indicator
RS-0111,688515_裕太微_2025_ESG报告,s_safety,安全生产,S,qualitative,found,,,公司严格遵守安全生产相关法律法规，制定职业健康管理制度，成立领导小组，开展风险评估、健康体检及培训，报告期内未发生重大安全事故。,公司严格遵守《中华人民共和国安全生产法》《中华人民共和国消防法》《中华人民共和国职业病防治法》等法律法规要求，结合公司实际运营情况，制定了《职业健康管理制度》。公司成立了职业健康管理领导小组，负责总领并推动落实职业健康相关工作，各职能部门参与协助完成。职业健康管理领导小组执行国家职业病防治法律法规，对办公室工作中的人体工效学风险、心理风险等职业健康风险进行识别和评估，并组织健康体检、职业健康培训等项目，开展健康宣传和文体活动，从而预防和控制职业健康风险，保障员工身心健康。同时，公司明确了日常应急管理和响应流程、安全培训和检查要点、消防管理等关键要素，覆盖安全管理的各个重要环节与必要流程，为企业安全运营提供了坚实保障。报告期内，公司未发生重大以上安全事故。,50,688515_裕太微_2025_ESG报告:p50:b2,paragraph,5,0.9500,直接引用相关段落,false,false,none,,normal,,high_risk_indicator,indicator belongs to high-risk review category,true,high_risk_indicator
RS-0112,600783_鲁信创投_2025_ESG报告,s_diversity_equal_opportunity,多元化与平等机会,S,qualitative,found,,,公司通过多元化视角与专业知识互补，拓宽董事会决策思路，提升公司重大决策的科学性、前瞻性与专业性。报告期内，女性董事的占比为11.11%。,公司高度重视董事会多元化建设，在董事会成员遴选过程中综合考量候选人在性别、年龄、文化教育背景、专业经验及技能等多维度的差异性，通过多元化视角与专业知识互补，拓宽董事会决策思路，提升公司重大决策的科学性、前瞻性与专业性。报告期内，女性董事的占比为11.11%。,16,600783_鲁信创投_2025_ESG报告:p16:b21,paragraph,5,0.9500,明确披露董事会多元化建设及女性董事占比,false,false,none,,normal,,high_risk_indicator,indicator belongs to high-risk review category,true,high_risk_indicator
RS-0113,601956_东贝集团_2025_ESG报告,s_diversity_equal_opportunity,多元化与平等机会,S,qualitative,found,,,东贝集团在董事选拔中充分考量年龄、文化背景、专业领域、资历及实践经验等多维度因素，持续优化成员结构，提升董事会决策的科学性与包容性。,东贝集团将董事会多元化视为创新发展与稳健决策的基石，在董事选拔中充分考量年龄、文化背景、专业领域、资历及实践经验等多维度因素，持续优化成员结构，提升董事会决策的科学性与包容性。,17,601956_东贝集团_2025_ESG报告:p17:b1,paragraph,5,0.0000,直接引用董事会多元化描述,false,false,none,,normal,,high_risk_indicator,indicator belongs to high-risk review category,true,high_risk_indicator
RS-0114,688279_峰岹科技_2025_ESG报告,s_safety,安全生产,S,qualitative,found,,,公司严格遵守安全生产法律法规，建立职业健康安全管理体系，定期开展安全风险识别、职业卫生培训，配备劳动防护用品，未发生因工亡故事件，设立内部投诉举报渠道，对供应商执行合规审查标准。,公司始终严格遵守《安全生产法》《职业病防治法》等国家及地方法律法规，建立并持续完善职业健康安全管理体系。我们通过定期开展安全风险识别、组织职业卫生培训、配备必要的劳动防护用品等措施，为员工提供安全、健康的工作环境，有效防范各类职业危害。报告期内，公司未发生任何因工亡故事件，2023年至2025年因工亡故人数及占比均为0，因工伤导致的损失工作日数亦为0。为消除用工违规行为，公司设立内部投诉举报渠道，明确受理流程，对举报人严格保密并杜绝打击报复。发现违规情形时，公司立即开展调查核实，视情节采取纠正与惩处措施，并修订管理制度、优化入职审查流程，从源头消除风险。同时，公司对供应商执行同等合规审查标准，确保供应链用工合法合规。,16,688279_峰岹科技_2025_ESG报告:p16:b4,paragraph,4,0.0000,直接引用安全生产相关内容,false,false,none,,normal,,high_risk_indicator,indicator belongs to high-risk review category,true,high_risk_indicator
RS-0115,002958_青农商行_2025_可持续发展报告,s_diversity_equal_opportunity,多元化与平等机会,S,qualitative,found,,,本行董事选聘充分考虑性别、年龄、专业背景等多方面平衡，覆盖会计学、金融学、经济学、管理学等专业领域，推动董事会多元化。,本行董事均按照《公司法》《公司章程》的有关规定选举、聘任产生，立足企业的实际发展需求，在选聘时充分考虑包括性别、年龄、专业背景等多方面的平衡，致力于推动董事会多元化。本行董事成员覆盖会计学、金融学、经济学、管理学等各项专业领域，为公司经营决策和规范运作提供合理、科学的意见和建议。,16,002958_青农商行_2025_可持续发展报告:p16:b17,paragraph,5,0.0000,直接引用董事会多元化描述,false,false,none,,normal,,high_risk_indicator,indicator belongs to high-risk review category,true,high_risk_indicator
RS-0116,688279_峰岹科技_2025_ESG报告,s_occupational_health,职业健康,S,qualitative,found,,,公司建立并持续完善职业健康安全管理体系，通过定期安全风险识别、职业卫生培训及配备劳动防护用品等措施，保障员工安全健康。报告期内未发生因工亡故事件，因工伤损失工作日数为0。,公司始终严格遵守《安全生产法》《职业病防治法》等国家及地方法律法规，建立并持续完善职业健康安全管理体系。我们通过定期开展安全风险识别、组织职业卫生培训、配备必要的劳动防护用品等措施，为员工提供安全、健康的工作环境，有效防范各类职业危害。报告期内，公司未发生任何因工亡故事件，2023年至2025年因工亡故人数及占比均为0，因工伤导致的损失工作日数亦为0。,16,688279_峰岹科技_2025_ESG报告:p16:b4,paragraph,3,0.0000,明确披露职业健康措施及结果,false,false,none,,normal,,high_risk_indicator,indicator belongs to high-risk review category,true,high_risk_indicator
RS-0117,600630_龙头股份_2025_ESG报告,s_safety,安全生产,S,qualitative,found,,,公司及旗下工厂已获ISO 45001职业健康安全管理体系认证，报告期内未发生重大安全事故，安全生产形势稳定。,为持续加强职业健康与安全管理，公司及旗下针织九厂、时尚定制、江苏大丰工厂和三枪针织均已获得 ISO 45001 职业健康安全管理体系认证证书。相关认证充分体现了公司在员工职业健康与安全管理方面的持续投入和规范化管理水平，有助于进一步提升安全生产管理效能，夯实公司在可持续发展和安全生产领域的合规基础。报告期内，公司未发生因工死亡及重大火灾事故，未发生重大职业健康安全事故，安全生产形势保持稳定受控。,52,600630_龙头股份_2025_ESG报告:p52:b14,paragraph,5,0.0000,直接引用认证和事故数据,false,false,none,,normal,,high_risk_indicator,indicator belongs to high-risk review category,true,high_risk_indicator
RS-0118,301073_君亭酒店_2025_ESG报告,s_safety,安全生产,S,qualitative,found,,,公司建立了职业健康安全管理体系，覆盖全部员工，工伤保险和安全生产责任险覆盖率达100%，无死亡事故，投入金额38万元。,"职业健康安全管理体系覆盖员工数 | 人 | 1,594 可记录工伤数量 | 人 | 8 工伤导致的死亡数量 | 人 | 0 工伤保险、安全生产责任险的投入金额 | 万元 | 38 工伤保险、安全生产责任险的人员覆盖率 | % | 100",54,301073_君亭酒店_2025_ESG报告:p54:b20,table,5,0.0000,明确披露安全体系覆盖及数据,false,false,none,,normal,,high_risk_indicator,indicator belongs to high-risk review category,true,high_risk_indicator
RS-0119,688218_江苏北人_2025_ESG报告,s_diversity_equal_opportunity,多元化与平等机会,S,qualitative,found,,,公司重视董事会多元化建设，充分考量行业经验、专业背景与性别结构等因素，持续优化董事会构成与独立性。目前董事会由6名董事组成，其中独立董事2名、女性董事1名，以更为多元的视角与能力结构，促进重大事项审议的科学性、客观性与全面性。,公司重视董事会多元化建设，充分考量行业经验、专业背景与性别结构等因素，持续优化董事会构成与独立性。目前董事会由6名董事组成，其中独立董事2名、女性董事1名，以更为多元的视角与能力结构，促进重大事项审议的科学性、客观性与全面性。,9,688218_江苏北人_2025_ESG报告:p9:b5,paragraph,5,0.0000,明确提及董事会多元化,false,false,none,,normal,,high_risk_indicator,indicator belongs to high-risk review category,true,high_risk_indicator
RS-0120,301308_江波龙_2025_ESG报告,s_rural_revitalization,乡村振兴,S,qualitative,missing,,,,,,,,2,0.0000,,false,false,none,,normal,,,stratified normal sample,false,normal_sample
RS-0121,002037_保利联合_2025_ESG报告,s_employee_rights,员工权益保障,S,qualitative,missing,,,,,,,,1,0.0000,,false,false,none,,normal,,,stratified normal sample,false,normal_sample
RS-0122,01847_云南建投混凝土_2025_ESG报告,s_safety,安全生产,S,qualitative,missing,,,,,,,,0,0.0000,,false,false,none,,normal,,,stratified normal sample,false,normal_sample
RS-0123,09668_渤海银行_2025_ESG暨社会责任报告,s_safety,安全生产,S,qualitative,missing,,,,,,,,0,0.0000,,false,false,none,,normal,,,stratified normal sample,false,normal_sample
RS-0124,600630_龙头股份_2025_ESG报告,s_occupational_health,职业健康,S,qualitative,missing,,,,,,,,5,0.0000,,false,false,none,,normal,,,stratified normal sample,false,normal_sample
RS-0125,300982_苏文电能_2025_ESG报告,s_diversity_equal_opportunity,多元化与平等机会,S,qualitative,missing,,,,,,,,5,0.0000,,false,false,none,,normal,,,stratified normal sample,false,normal_sample
RS-0126,000923_河钢资源_2025_ESG报告,s_rural_revitalization,乡村振兴,S,qualitative,missing,,,,,,,,0,0.0000,,false,false,none,,normal,,,stratified normal sample,false,normal_sample
RS-0127,06198_青岛港_2025_ESG报告,s_occupational_health,职业健康,S,qualitative,missing,,,,,,,,0,0.0000,,false,false,none,,normal,,,stratified normal sample,false,normal_sample
RS-0128,600072_中船科技_2025_ESG报告,s_diversity_equal_opportunity,多元化与平等机会,S,qualitative,missing,,,,,,,,5,0.0000,,false,false,none,,normal,,,stratified normal sample,false,normal_sample
RS-0129,000922_佳电股份_2026_ESG报告,s_rural_revitalization,乡村振兴,S,qualitative,missing,,,,,,,,0,0.0000,,false,false,none,,normal,,,stratified normal sample,false,normal_sample
RS-0130,01950_帝王实业控股_2026_ESG报告,s_employee_rights,员工权益保障,S,qualitative,missing,,,,,,,,0,0.0000,,false,false,none,,normal,,,stratified normal sample,false,normal_sample
RS-0131,603777_来伊份_2025_ESG报告,s_employee_rights,员工权益保障,S,qualitative,missing,,,,,,,,0,0.0000,,false,false,none,,normal,,,stratified normal sample,false,normal_sample
RS-0132,02676_纳芯微_2025_ESG报告,s_rural_revitalization,乡村振兴,S,qualitative,missing,,,,,,,,0,0.0000,,false,false,none,,normal,,,stratified normal sample,false,normal_sample
RS-0133,09668_渤海银行_2025_ESG暨社会责任报告,s_compensation_benefits,薪酬福利,S,qualitative,missing,,,,,,,,1,0.0000,,false,false,none,,normal,,,stratified normal sample,false,normal_sample
RS-0134,000158_常山北明_2025_ESG报告,s_diversity_equal_opportunity,多元化与平等机会,S,qualitative,missing,,,,,,,,1,0.0000,,false,false,none,,normal,,,stratified normal sample,false,normal_sample
RS-0135,301073_君亭酒店_2025_ESG报告,s_diversity_equal_opportunity,多元化与平等机会,S,qualitative,missing,,,,,,,,5,0.0000,,false,false,none,,normal,,,stratified normal sample,false,normal_sample
RS-0136,688409_富创精密_2025_ESG报告,s_data_security,数据安全与隐私保护,S,boolean,found,true,,公司制定并执行涵盖商业秘密管理与专利管理等核心领域的一系列知识产权保护制度，为公司知识产权工作提供了制度保障。,制定并执行涵盖商业秘密管理与专利管理等核心领域的一系列知识产权保护制度，为公司知识产权工作提供了制度保障。,10,688409_富创精密_2025_ESG报告:p10:b0,table,5,0.9500,明确披露制度,false,false,none,,normal,,high_risk_indicator,indicator belongs to high-risk review category,true,high_risk_indicator
RS-0137,688439_振华风光_2025_ESG报告,s_data_security,数据安全与隐私保护,S,boolean,found,true,,公司持续完善数据安全管理制度，开展培训与应急演练，全年无数据安全事故。,全年未发生数据安全事故，未发生客户隐私泄露事件；共开展数据安全与客户隐私保护培训2次，组织相关应急演练14次。,6,688439_振华风光_2025_ESG报告:p6:b11,paragraph,5,0.9500,明确披露数据安全措施,false,false,none,,normal,,high_risk_indicator,indicator belongs to high-risk review category,true,high_risk_indicator
RS-0138,920167_同享科技_2025_ESG报告,s_data_security,数据安全与隐私保护,S,boolean,found,true,,公司制定《客户信息保密制度》并实施奖惩机制，明确信息安全责任与措施。,同享科技高度重视客户隐私保护与信息安全，制定《客户信息保密制度》，对客户信息权限、使用、保管、销毁进行严格限定和规范，明确客户信息安全监督及信息权限管理的负责部门，要求全体员工贯彻落实客户信息保密工作，入职需签订保密协议，离职时做好相关移交、注销工作。公司对于信息泄露设有奖惩机制，因泄露公司客户信息、利用客户信息牟利者，视情节严重程度予以罚款、辞退、移交司法部门处理，对泄露或者非法获取公司客户信息进行检举、补救的行为，根据贡献给予相应奖励。,29,920167_同享科技_2025_ESG报告:p29:b10,paragraph,5,0.9500,明确披露制度与机制,false,false,none,,normal,,high_risk_indicator,indicator belongs to high-risk review category,true,high_risk_indicator
RS-0139,605399_晨光新材_2025_ESG报告,s_supplier,供应商管理,S,boolean,found,true,,公司通过《供应商管理制度》及《廉洁协议》规范供应商行为，确保反腐败合规。,公司的廉洁供应链管理文件《员工廉洁自律管理制度》及《供应商管理制度》中，严禁任何员工及其亲属与供应商存在任何利益往来。所有新引入的供应商均需与公司签订《廉洁协议》，双方承诺共同防腐，供应商须遵守反腐败法律和道德标准，杜绝任何形式的贿赂、行贿行为。,21,605399_晨光新材_2025_ESG报告:p21:b4,paragraph,4,0.0000,明确披露供应商管理制度,false,false,none,,normal,,high_risk_indicator,indicator belongs to high-risk review category,true,high_risk_indicator
RS-0140,301019_宁波色母_2025_可持续发展报告,s_supplier,供应商管理,S,boolean,found,true,,公司制定了《外部提供过程、产品和服务的控制程序》《采购内控制度》等制度对采购活动进行有效地控制，实施供应商准入、监督、退出及协作共赢机制。,"公司制定了《外部提供过程、产品和服务的控制程序》《采购内控制度》等制度对采购活动进行有效地控制。公司供应科负责选择原材料供应商,组织对供应商的质量能力评定,实施采购,确保采购物资质量,日常对供应商实施记录和监控。1、供应商准入:审核供应商合作表现、原材料质量、履约能力等,要求供应商提供资质文件、财务报表等完整材料,通过供应科初审、复核及终审的多级审核机制,严格核验资质合规性;对合作过的供应商,按照原材料类别进行整合,梳理合作过程中的质量、生产供给能力、售后服务、合作诚信等方面表现;对未合作过的供应商,依据品牌标准、质量标准、供给能力标准、信誉标准四个方面对新供应商展开准入调查;对拟准入供应商开展视频或现场考察,剔除法务、财务等方面高风险主体,审核通过后纳入供应商管理系统。2、供应商监督:未出现客户信息泄露情况,客户投诉解决率100%。每半年从商务合作、到货及时性、原材料质量、售后服务等履约维度,对供应商进行综合评价;依托数字化平台与实地考察相结合,全面掌握供应商履约能力与经营状况。3、供应商退出:每半年对供应商的合作情况进行梳理,考察其商务合作、供应商原材料到货及时性、到货质量、原材料使用质量、售后服务等合同履约情况,淘汰履约表现不佳的劣质供应商。4、供应商协作共赢:公司致力于与供应商协作发展、合作共赢,共同推动产业进步,积极与供应商沟通交流,促进双方在技术创新、产品质量提升以及绿色发展理念上达成共识。不定期举办供应商交流活动,提供技术指导和培训服务。",34,301019_宁波色母_2025_可持续发展报告:p34:b4,table,2,0.0000,明确披露供应商管理机制,false,false,none,,normal,,high_risk_indicator,indicator belongs to high-risk review category,true,high_risk_indicator
RS-0141,002807_江阴银行_2025_ESG报告,s_supplier,供应商管理,S,boolean,found,true,,江阴银行在采购过程中将ESG因素纳入供应商管理流程，打造责任供应链。,本行在采购过程中积极开展供应链ESG风险管控，将商业道德与反腐败、绿色环保、劳工与人权等ESG因素纳入供应商管理流程，致力打造更具韧性的供应链。,38,002807_江阴银行_2025_ESG报告:p38:b16,paragraph,5,0.9500,明确披露供应商管理机制,false,false,none,,normal,,high_risk_indicator,indicator belongs to high-risk review category,true,high_risk_indicator
RS-0142,920122_中纺标_2025_ESG报告,s_data_security,数据安全与隐私保护,S,boolean,found,true,,公司制定信息安全工作总体方针及应急预案，开展网络安全培训，未发生信息安全事故和泄露客户隐私事件。,为确保客户在商业、法律上的机密信息等受到保护，维护客户利益，我公司制定了《中纺标检验认证股份有限公司信息安全工作总体方针》《中纺标检验认证股份有限公司网络与信息安全应急预案实施细则》等，同时在各职能部门、事业部、分公司开展网络安全培训，巩固集团信息安全防线，以高水平安全守护高质量发展。报告期内，未发生信息安全事故和泄露客户隐私事件。,22,920122_中纺标_2025_ESG报告:p22:b17,paragraph,5,0.0000,明确披露制度及实施情况,false,false,none,,normal,,high_risk_indicator,indicator belongs to high-risk review category,true,high_risk_indicator
RS-0143,000810_创维数字_2025_ESG报告,s_supplier,供应商管理,S,boolean,found,true,,公司实施廉洁、诚信的供应商管理机制，重视阳光工作关系、道德与反腐败等社会责任，携手供应商打造廉洁、公平、可持续的责任供应链。,公司实施廉洁、诚信的供应商管理机制，重视阳光工作关系、道德与反腐败等社会责任，携手供应商打造廉洁、公平、可持续的责任供应链。,14,000810_创维数字_2025_ESG报告:p14:b1,paragraph,5,0.0000,明确披露供应商管理机制,false,false,none,,normal,,high_risk_indicator,indicator belongs to high-risk review category,true,high_risk_indicator
RS-0144,600331_宏达股份_2025_ESG报告,s_supplier,供应商管理,S,boolean,found,true,,将环保与碳排放要求纳入供应商管理，推动供应链绿色协同。,将环保与碳排放要求纳入供应商管理，推动供应链绿色协同。,32,600331_宏达股份_2025_ESG报告:p32:b0,table,3,0.9500,明确提及供应商管理,false,false,none,,normal,,high_risk_indicator,indicator belongs to high-risk review category,true,high_risk_indicator
RS-0145,300100_双林股份_2025_ESG报告,s_human_rights,人权与劳工准则,S,boolean,found,true,,公司严格遵守劳动法及国际人权标准，建立供应商ESG审查机制，确保劳工与人权保障。,公司高度重视并保障员工的基本权益，积极推进人才本地化政策。在运营中，公司严格遵守《中华人民共和国劳动法》《中华人民共和国安全生产法》《中华人民共和国职业病防治法》《工伤保险条例》以及业务所在国家（地区）的相关法律法规，并积极响应《世界人权宣言》及联合国全球契约组织十项原则。,27,300100_双林股份_2025_ESG报告:p27:b2,paragraph,4,0.0000,明确提及遵守劳动法及国际人权标准,false,false,none,,normal,,high_risk_indicator,indicator belongs to high-risk review category,true,high_risk_indicator
RS-0146,688503_聚和材料_2025_ESG报告,s_data_security,数据安全与隐私保护,S,boolean,found,true,,公司未发生重大信息安全事故及客户隐私泄露事件，信息安全管理体系有效运行。,报告期内，公司未发生重大信息安全事故及客户隐私泄露事件，信息安全管理体系有效运行，为业务持续稳定开展提供坚实保障。,59,688503_聚和材料_2025_ESG报告:p59:b8,paragraph,5,0.0000,明确披露无事故及体系有效,false,false,none,,normal,,high_risk_indicator,indicator belongs to high-risk review category,true,high_risk_indicator
RS-0147,300832_新产业_2025_ESG报告,s_data_security,数据安全与隐私保护,S,boolean,found,true,,公司严格遵循数据安全相关法律法规，未发生信息泄露事件,新产业严格遵循《中华人民共和国数据安全法》《中华人民共和国网络安全法》《信息安全等级保护管理办法》等国家法律法规及行业规范，全面落实信息安全主体责任，持续深化信息安全体系建设。2025 年，公司未发生信息安全事故，也未出现客户、员工及商业伙伴信息泄露事件。,12,300832_新产业_2025_ESG报告:p12:b7,paragraph,5,0.0000,明确披露数据安全合规及无事故,false,false,none,,normal,,high_risk_indicator,indicator belongs to high-risk review category,true,high_risk_indicator
RS-0148,001322_箭牌家居_2025_ESG报告,s_data_security,数据安全与隐私保护,S,boolean,found,true,,公司严格保护客户隐私与数据安全，2025年未发生客户信息泄露及网络安全事故。,严格保护客户隐私与数据安全。2025 年，公司未发生客户信息泄露及网络安全事故。,53,001322_箭牌家居_2025_ESG报告:p53:b0,paragraph,2,0.0000,明确披露数据安全机制,false,false,none,,normal,,high_risk_indicator,indicator belongs to high-risk review category,true,high_risk_indicator
RS-0149,600737_中粮糖业_2025_ESG报告,s_human_rights,人权与劳工准则,S,boolean,found,true,,公司建立举报机制，保护举报人权益并问责违规行为。,鼓励员工举报违规行为，保护举报人权益，对违规行为进行问责和处罚。,63,600737_中粮糖业_2025_ESG报告:p63:b10,paragraph,1,0.0000,明确披露举报机制,false,false,none,,normal,,high_risk_indicator,indicator belongs to high-risk review category,true,high_risk_indicator
RS-0150,603979_金诚信_2025_ESG报告,s_human_rights,人权与劳工准则,S,boolean,found,true,,公司严格遵守《中华人民共和国劳动法》《中华人民共和国劳动合同法》等法律法规，建立完善的人力资源管理体系，明确反童工及强制劳工，未发生相关违规事件。,金诚信高度重视合规用工，并积极保护员工权益，严格遵守《中华人民共和国劳动法》《中华人民共和国劳动合同法》《中华人民共和国工会法》《未成年人保护法》及海外下属单位所在国与劳工相关的法律法规。公司建立了完善的人力资源管理体系与制度，包括《人力资源规划管理办法》《员工招聘管理制度》《劳动关系管理制度》等内部制度，并持续优化更新，确保所有员工的权益得到合法保护，报告期内，公司发布《金诚信矿业管理股份有限公司人力资源管理政策声明》，对于尊严与人权保障的切实践行进行承诺，明确反童工及强制劳工。公司的人力资源工作由董事长分管，并建立从总部人力资源管理中心、二级单位到项目部的架构。报告期内，公司未发生员工歧视或雇用童工事件，且在雇佣及劳工准则方面未发生重大违法违规事件或者受到重大行政处罚的情况。,50,603979_金诚信_2025_ESG报告:p50:b2,paragraph,5,0.0000,明确披露反童工及强制劳工机制,false,false,none,,normal,,high_risk_indicator,indicator belongs to high-risk review category,true,high_risk_indicator
RS-0151,605199_ST葫芦娃_2025_ESG报告,s_human_rights,人权与劳工准则,S,boolean,found,true,,公司通过签订协议及严格招聘流程杜绝童工和强制劳工,针对建立劳务关系的退休返聘人员，公司依法与其签订劳务协议、退休返聘协议。本年度，公司及下属各子公司未出现因用工问题违反国家劳动法律法规被行政部门处罚的情况，公司未发生与雇佣童工和强制劳工相关案件,36,605199_ST葫芦娃_2025_ESG报告:p36:b8,paragraph,2,0.0000,明确披露无童工强制劳工案件,false,false,none,,normal,,high_risk_indicator,indicator belongs to high-risk review category,true,high_risk_indicator
RS-0152,688051_佳华科技_2025_ESG报告,g_independent_director_ratio,独立董事占比,G,quantitative,found,1/3,比例,,董事会共 9 名董事，其中女性董事 4 名，占比 4/9；独立董事 3 名，占比 1/3；职工代表董事 1 名，占比 1/9。,45,688051_佳华科技_2025_ESG报告:p45:b6,paragraph,5,0.0000,明确提及独立董事占比1/3,true,false,ratio_unit_from_indicator_context,filled ratio unit for fraction value supported by evidence_quote,normal,,high_risk_indicator,indicator belongs to high-risk review category,true,high_risk_indicator
RS-0153,688613_奥精医疗_2025_ESG报告,g_board_size,董事会人数,G,quantitative,found,9,名,,公司董事会由 9 名董事构成，其中包括 3 名独立董事、3 名女性董事，人员结构兼具专业性与多元化特点。,14,688613_奥精医疗_2025_ESG报告:p14:b7,paragraph,2,0.9500,明确提及董事会人数为9,true,false,regex_unit_from_evidence,filled missing quantitative field from evidence_quote,normal,,high_risk_indicator,indicator belongs to high-risk review category,true,high_risk_indicator
RS-0154,600877_电科芯片_2025_ESG暨社会责任报告,g_board_diversity,董事会多元化,G,quantitative,found,9,名,,董事会规范高效运行，全面提升董事会建设质量。电科芯片重视董事会成员的多元化，由9名具有不同行业与学术背景的董事组成；设有4名独立董事，充分发挥独立董事在参与决策、监督制衡、专业咨询等方面作用，维护公司整体利益和全体股东尤其是中小股东的合法权益。,6,600877_电科芯片_2025_ESG暨社会责任报告:p6:b11,paragraph,1,0.9500,明确提及9名董事,true,false,regex_unit_from_evidence,filled missing quantitative field from evidence_quote,normal,,high_risk_indicator,indicator belongs to high-risk review category,true,high_risk_indicator
RS-0155,600475_华光环能_2025_ESG报告,g_board_size,董事会人数,G,quantitative,found,9,名,,公司董事会由 9 名董事组成，其中女性董事 3 名，女性董事占比 33.33%。,23,600475_华光环能_2025_ESG报告:p23:b18,list,1,0.0000,明确提及董事会人数,true,false,regex_unit_from_evidence,filled missing quantitative field from evidence_quote,possible_rate_as_count,high,high_risk_indicator,count-like indicator contains percent/rate expression,true,possible_rate_as_count
RS-0156,603333_尚纬股份_2025_ESG报告,g_board_size,董事会人数,G,quantitative,found,9,名,,董事9名 | 其中独立董事3名占比33.33% 其中非独立董事6名占比66.67% | 其中女性董事5名占比55.56% 召开股东会会议3次 | 召开董事会会议8次,57,603333_尚纬股份_2025_ESG报告:p57:b6,table,1,0.0000,明确提及董事会人数为9名,true,false,regex_unit_from_evidence,filled missing quantitative field from evidence_quote,possible_rate_as_count,high,high_risk_indicator,count-like indicator contains percent/rate expression,true,possible_rate_as_count
RS-0157,605488_福莱新材_2025_ESG报告,g_board_size,董事会人数,G,quantitative,found,8,名,,目前，8名董事会成员中女性董事1名，董事会成员具备工商管理、高分子材料、会计学、法学等不同领域文化背景，并且多数具备硕士及以上学位，基本履行职务所需知识、专业技能与经验，结构合理。,82,605488_福莱新材_2025_ESG报告:p82:b5,paragraph,2,0.0000,明确提及8名董事会成员,true,false,regex_unit_from_evidence,filled missing quantitative field from evidence_quote,normal,,high_risk_indicator,indicator belongs to high-risk review category,true,high_risk_indicator
RS-0158,600963_岳阳林纸_2025_ESG报告,g_board_size,董事会人数,G,quantitative,found,7,人,,报告期末，公司董事会共有董事7人，其中女性董事4人，占比 57%，体现了董事会成员的性别多元化；同时，董事会成员涵盖了不同年龄段和工作经验的成员，有助干在决策中获得多元化的经验和意见。,51,600963_岳阳林纸_2025_ESG报告:p51:b3,paragraph,2,0.0000,明确提及董事会人数7人,true,false,regex_unit_from_evidence,filled missing quantitative field from evidence_quote,possible_rate_as_count,high,high_risk_indicator,count-like indicator contains percent/rate expression,true,possible_rate_as_count
RS-0159,688051_佳华科技_2025_ESG报告,g_board_size,董事会人数,G,quantitative,found,9,名,,董事会共 9 名董事，其中女性董事 4 名，占比 4/9；独立董事 3 名，占比 1/3；职工代表董事 1 名，占比 1/9。,45,688051_佳华科技_2025_ESG报告:p45:b6,paragraph,3,0.0000,明确提及董事会人数为9,true,false,regex_unit_from_evidence,filled missing quantitative field from evidence_quote,normal,,high_risk_indicator,indicator belongs to high-risk review category,true,high_risk_indicator
RS-0160,300376_易事特_2025_可持续发展报告,g_shareholder_meetings,股东大会次数,G,quantitative,found,4,次,,股东会4次，未发生因信息披露违规受到处罚的情形。,5,300376_易事特_2025_可持续发展报告:p5:b79,paragraph,5,0.0000,明确提及股东会次数,true,false,regex_unit_from_evidence,filled missing quantitative field from evidence_quote,normal,,high_risk_indicator,indicator belongs to high-risk review category,true,high_risk_indicator
RS-0161,600406_国电南瑞_2025_ESG报告,g_independent_director_ratio,独立董事占比,G,quantitative,found,4/10,比例,,非独立董事6名，独立董事4 名，其中女性董事1 名,16,600406_国电南瑞_2025_ESG报告:p16:b27,paragraph,4,0.0000,明确给出独立董事人数,true,false,ratio_unit_from_indicator_context,filled ratio unit for fraction value supported by evidence_quote,normal,,high_risk_indicator,indicator belongs to high-risk review category,true,high_risk_indicator
RS-0162,603329_上海雅仕_2025_ESG报告,g_board_size,董事会人数,G,quantitative,found,9,人,,公司董事会成员人数 | 按性别包含男性董事 | 女性董事 | 按类型包含独立董事 | 非独立董事 9人 | 8位 | 1人 | 3人 | 6人,21,603329_上海雅仕_2025_ESG报告:p21:b7,table,1,0.0000,明确提及董事会人数为9人,true,false,regex_unit_from_evidence,filled missing quantitative field from evidence_quote,normal,,high_risk_indicator,indicator belongs to high-risk review category,true,high_risk_indicator
RS-0163,600963_岳阳林纸_2025_ESG报告,g_board_diversity,董事会多元化,G,quantitative,found,57%,人,,报告期末，公司董事会共有董事7人，其中女性董事4人，占比 57%，体现了董事会成员的性别多元化,51,600963_岳阳林纸_2025_ESG报告:p51:b3,paragraph,3,0.0000,明确数值57%,true,false,regex_unit_from_evidence,filled missing quantitative field from evidence_quote,normal,,high_risk_indicator,indicator belongs to high-risk review category,true,high_risk_indicator
RS-0164,300459_汤姆猫_2025_ESG报告,g_anti_corruption_training,反腐败培训,G,quantitative,found,2,小时,,董监高反腐败培训时长总计 | 小时 | 2,56,300459_汤姆猫_2025_ESG报告:p56:b3,table,4,0.9500,明确数值匹配,false,false,none,,normal,,high_risk_indicator,indicator belongs to high-risk review category,true,high_risk_indicator
RS-0165,601118_海南橡胶_2025_ESG报告,g_anti_corruption_training,反腐败培训,G,quantitative,missing,,,,,,,,0,0.0000,,false,false,none,,normal,,high_risk_indicator,indicator belongs to high-risk review category,true,high_risk_indicator
RS-0166,300832_新产业_2025_ESG报告,g_anti_corruption_training,反腐败培训,G,quantitative,missing,,,,,,,,2,0.0000,,false,false,none,,normal,,high_risk_indicator,indicator belongs to high-risk review category,true,high_risk_indicator
RS-0167,300982_苏文电能_2025_ESG报告,g_board_diversity,董事会多元化,G,quantitative,missing,,,,,,,,1,0.0000,,false,false,none,,normal,,high_risk_indicator,indicator belongs to high-risk review category,true,high_risk_indicator
RS-0168,000557_西部创业_2025_可持续发展报告,g_board_diversity,董事会多元化,G,quantitative,missing,,,,,,,,4,0.0000,明确数值40%且单位% conservative_missing,false,false,conservative_missing,board diversity evidence maps to independent director ratio,normal,,high_risk_indicator,indicator belongs to high-risk review category,true,high_risk_indicator
RS-0169,603368_柳药集团_2025_ESG报告,g_anti_corruption_training,反腐败培训,G,quantitative,missing,,,,,,,,1,0.0000,,false,false,none,,normal,,high_risk_indicator,indicator belongs to high-risk review category,true,high_risk_indicator
RS-0170,000526_学大教育_2025_ESG报告,g_anti_corruption_training,反腐败培训,G,quantitative,missing,,,,,,,,1,0.0000,,false,false,none,,normal,,high_risk_indicator,indicator belongs to high-risk review category,true,high_risk_indicator
RS-0171,002573_清新环境_2025_ESG报告,g_board_diversity,董事会多元化,G,quantitative,missing,,,,,,,,3,0.0000,,false,false,none,,normal,,high_risk_indicator,indicator belongs to high-risk review category,true,high_risk_indicator
RS-0172,603683_晶华新材_2025_ESG报告,g_board_diversity,董事会多元化,G,quantitative,missing,,,,,,,,2,0.0000,,false,false,none,,normal,,high_risk_indicator,indicator belongs to high-risk review category,true,high_risk_indicator
RS-0173,600805_悦达投资_2025_ESG报告,g_board_diversity,董事会多元化,G,quantitative,missing,,,,,,,,2,0.0000,,false,false,none,,normal,,high_risk_indicator,indicator belongs to high-risk review category,true,high_risk_indicator
RS-0174,603128_华贸物流_2025_ESG报告,g_anti_corruption_training,反腐败培训,G,quantitative,missing,,,,,,,,1,0.0000,,false,false,none,,normal,,high_risk_indicator,indicator belongs to high-risk review category,true,high_risk_indicator
RS-0175,600406_国电南瑞_2025_ESG报告,g_anti_corruption_training,反腐败培训,G,quantitative,missing,,,,,,,,3,0.0000,,false,false,none,,normal,,high_risk_indicator,indicator belongs to high-risk review category,true,high_risk_indicator
RS-0176,301370_国科恒泰_2025_ESG报告,g_board_diversity,董事会多元化,G,quantitative,missing,,,,,,,,0,0.0000,,false,false,none,,normal,,high_risk_indicator,indicator belongs to high-risk review category,true,high_risk_indicator
RS-0177,301308_江波龙_2025_ESG报告,g_anti_corruption_training,反腐败培训,G,quantitative,missing,,,,,,,,5,0.0000,,false,false,none,,normal,,high_risk_indicator,indicator belongs to high-risk review category,true,high_risk_indicator
RS-0178,300834_星辉环材_2025_ESG报告,g_anti_corruption_training,反腐败培训,G,quantitative,missing,,,,,,,,0,0.0000,,false,false,none,,normal,,high_risk_indicator,indicator belongs to high-risk review category,true,high_risk_indicator
RS-0179,600396_华电辽能_2025_ESG报告,g_board_diversity,董事会多元化,G,quantitative,missing,,,,,,,,0,0.0000,,false,false,none,,normal,,high_risk_indicator,indicator belongs to high-risk review category,true,high_risk_indicator
RS-0180,603990_麦迪科技_2025_ESG报告,g_anti_corruption_training,反腐败培训,G,quantitative,missing,,,,,,,,2,0.0000,,false,false,none,,normal,,high_risk_indicator,indicator belongs to high-risk review category,true,high_risk_indicator
RS-0181,002568_百润股份_2025_ESG报告,g_anti_corruption,反腐败机制,G,boolean,found,true,,公司通过《员工手册》和《采购纪律管理制度》明确禁止商业贿赂，并在合同中设置反商业贿赂条款及签订《廉洁协议书》,在制度层面，公司通过《员工手册》规范员工行为，并针对采购等关键业务制定《采购纪律管理制度》，明确禁止滥用职权、索贿受贿及不正当交易，细化礼品处理、利益冲突回避等具体要求。同时，在采购、销售、工程及经销商等合同中设置反商业贿赂条款，并与合作方签订《廉洁协议书》，以契约形式固化廉洁承诺。,15,002568_百润股份_2025_ESG报告:p15:b19,paragraph,5,0.0000,明确披露反腐败机制,false,false,none,,normal,,high_risk_indicator,indicator belongs to high-risk review category,true,high_risk_indicator
RS-0182,600199_金种子酒_2025_ESG报告,g_business_ethics,商业道德,G,boolean,found,true,,公司披露了商业道德相关机制，包括反腐败政策和程序的传达及培训。,GRI 205:反腐败2016 | 205-2 | 反腐败政策和程序的传达及培训 | 商业道德,42,600199_金种子酒_2025_ESG报告:p42:b3,table,5,0.9500,明确提及商业道德,false,false,none,,normal,,high_risk_indicator,indicator belongs to high-risk review category,true,high_risk_indicator
RS-0183,603291_联合水务_2025_ESG报告,g_anti_corruption,反腐败机制,G,boolean,found,true,,公司设立董事会、董事会审计委员会和审计部三级管理架构，制定《反舞弊与举报制度》等制度，开展反腐败培训与案例警示教育，强化供应链廉洁管理。,公司设立董事会、董事会审计委员会和审计部三级管理架构。董事会负责督促管理层建立反舞弊文化环境，健全包括预防舞弊、接受举报和调查处理在内的内部控制体系。董事会授权董事会审计委员会指导公司反舞弊工作，审计部负责监督商业道德和反腐败工作的执行。公司制定并持续完善《反舞弊与举报制度》《廉洁诚信制度》《员工廉洁协议》等，规范公司商业道德与反腐败管理。,50,603291_联合水务_2025_ESG报告:p50:b3,paragraph,5,0.0000,明确披露反腐败机制,false,false,none,,normal,,high_risk_indicator,indicator belongs to high-risk review category,true,high_risk_indicator
RS-0184,600874_创业环保_2025_可持续发展报告,g_anti_corruption,反腐败机制,G,boolean,found,true,,公司建立权责清晰、分层衔接、运行有效的廉洁运营治理架构，设立独立纪律检查办公室直接向纪委和党委汇报，依规依纪开展监督执纪问责。,公司建立了权责清晰、分层衔接、运行有效的廉洁运营治理架构，以独立的纪律检查办公室作为廉洁运营的专职常设机构。该部门直接向纪委和党委汇报，协助推进全面从严治党、加强党风建设和具体落实反腐败工作，依规依纪开展监督执纪问责。,15,600874_创业环保_2025_可持续发展报告:p15:b2,paragraph,5,0.0000,明确披露反腐败机制,false,false,none,,normal,,high_risk_indicator,indicator belongs to high-risk review category,true,high_risk_indicator
RS-0185,01359_中国信达_2025_ESG暨社会责任报告,g_anti_corruption,反腐败机制,G,boolean,found,true,,公司健全完善对权力运行的监督制约机制，加强员工廉洁从业教育，积极培育清廉诚信的企业文化，持续健全信访举报机制，完善举报渠道，保障举报人信息保密及利益。,健全完善对权力运行的监督制约机制，加强员工廉洁从业教育，积极培育清廉诚信的企业文化，持续健全信访举报机制，完善来信、来访、电话和网络等举报渠道，切实保障各类渠道举报受理机制的完备有效。,14,01359_中国信达_2025_ESG暨社会责任报告:p14:b3,paragraph,5,0.0000,明确披露机制。,false,false,none,,normal,,high_risk_indicator,indicator belongs to high-risk review category,true,high_risk_indicator
RS-0186,688051_佳华科技_2025_ESG报告,g_business_ethics,商业道德,G,boolean,found,true,,公司制定《反舞弊管理制度》，组织签订廉洁承诺书，落实诚信经营。,公司全面落实反腐败、反舞弊工作，根据《中华人民共和国民法典》《公司章程》《企业内部控制基本规范》等相关法律法规和证券交易市场、监管机构的规定要求，制定了《反舞弊管理制度》。要求公司全员严格遵守相关法律、行为规范和准则、职业道德及公司规章制度，树立廉洁、勤勉敬业的良好风气，并组织签订《供应商廉洁承诺书》《智慧数据中心人员廉洁自律承诺书》，不断引导员工行为规范，落实公司诚信经营。,53,688051_佳华科技_2025_ESG报告:p53:b2,paragraph,4,0.9500,明确披露反舞弊制度及承诺书,false,false,none,,normal,,high_risk_indicator,indicator belongs to high-risk review category,true,high_risk_indicator
RS-0187,000016_深康佳Ａ_2025_ESG报告,g_anti_corruption,反腐败机制,G,boolean,found,true,,公司修订多项制度并开展廉政教育，强化反腐败机制,康佳修订《康佳集团股份有限公司党委关于加强对“一把手”和领导班子监督的实施办法》《康佳集团股份有限公司新任职直管干部任职谈话和廉政谈话管理办法》等 6项制度，以制度约束权力；落实常态化学习机制，召开 2025 年第二次警示教育大会暨新任职干部集体廉政谈话会，开展对习近平总书记关于全面从严治党、党风廉政建设和反腐败斗争重要论述的学习10次，持续强化以学促廉，营造严的氛围，筑牢思想防线，保持清正廉洁的政治本色。,11,000016_深康佳Ａ_2025_ESG报告:p11:b22,paragraph,5,0.9500,明确提及反腐败斗争,false,false,none,,normal,,high_risk_indicator,indicator belongs to high-risk review category,true,high_risk_indicator
RS-0188,300068_ST南都_2025_ESG报告,g_esg_governance,ESG 治理架构,G,boolean,found,true,,报告中明确列出公司治理作为独立治理模块，包含在ESG治理架构中。,治理 | No.1 | 信息安全与隐私保护 | No.5 | 反腐败与商业道德 No.2 | 可持续发展治理 | No.6 | 合规与风险管理 No.3 | 利益相关沟通方 | No.7 | 公平竞争 No.4 | 公司治理 |,7,300068_ST南都_2025_ESG报告:p7:b8,table,1,0.0000,明确列出公司治理模块,false,false,none,,normal,,high_risk_indicator,indicator belongs to high-risk review category,true,high_risk_indicator
RS-0189,603369_今世缘_2025_可持续发展报告,g_business_ethics,商业道德,G,boolean,found,true,,公司制定《商业道德及供应商反腐败政策》等制度，实施重点监控与培训，确保商业道德合规。,公司依据《内部监察管理制度》《廉洁自律管理制度》《士条禁令》及《江苏今世缘酒业股份有限公司商业道德及供应商反腐败政策》，对权力集中、资金密集的关键岗位实施重点监控。针对销售业务人员群体，还专项制定了《今世缘销售业务人员三大纪律士项规定》，对日常职业行为划定红线，从源头规范职业道德。,29,603369_今世缘_2025_可持续发展报告:p29:b7,paragraph,5,0.0000,明确披露商业道德政策与措施,false,false,none,,normal,,high_risk_indicator,indicator belongs to high-risk review category,true,high_risk_indicator
RS-0190,600117_西宁特钢_2025_ESG报告,g_anti_corruption,反腐败机制,G,boolean,found,true,,公司建立反腐败机制，包括制度建设、内部监督和风险排查，制定多项管理制度并设立举报邮箱。,公司坚持廉洁经营原则，将反商业贿赂与反贪污管理纳入合规管理体系，通过制度建设、内部监督和风险排查等措施强化廉洁风险防控。公司制定《监察管理制度》《监察工作调查及处理实施细则》《员工举报管理工作实施细则》《商业道德管理工作实施细则》《员工奖惩管理办法》，建立内部监督与责任追究机制明确调查处理流程和问责要求。公司反商业贿赂及反贪污投诉举报邮箱为 xntgsjjc@163.com。,13,600117_西宁特钢_2025_ESG报告:p13:b13,paragraph,5,0.0000,明确披露反腐败机制,false,false,none,,normal,,high_risk_indicator,indicator belongs to high-risk review category,true,high_risk_indicator
RS-0191,920122_中纺标_2025_ESG报告,g_anti_corruption,反腐败机制,G,boolean,found,true,,公司明确披露反腐败机制，包括纳入责任书、零容忍态度及举报处理流程,公司将反贪腐相关内容纳入工作目标责任书，压实反腐工作责任，并严格执行廉洁从业和反腐败管理制度，筑牢反腐防线，全方位强化廉洁体系建设。对任何形式的贪污、受贿等腐败行为持“零容忍”态度，一旦发现违规行为，将依据相关法律法规和公司制度进行严肃处理。,22,920122_中纺标_2025_ESG报告:p22:b5,paragraph,5,0.0000,明确披露反腐败机制,false,false,none,,normal,,high_risk_indicator,indicator belongs to high-risk review category,true,high_risk_indicator
RS-0192,600684_珠江股份_2025_ESG暨社会责任报告,g_anti_corruption,反腐败机制,G,boolean,found,true,,公司出台多项反腐败政策，明确关键岗位行为边界与责任，2025年未发生商业贿赂及贪污事件。,珠江股份严格落实全面从严治党要求，出台《广州珠江发展集团股份有限公司纪委监督执纪工作实施办法》《广州珠江发展集团股份有限公司纪委信访举报问题线索管理办法》等反舞弊、反腐败、反贿赂廉洁从业相关政策，明确管理干部和高风险等关键岗位人员的行为边界与责任。制定负面清单和风险点防范措施、廉洁风险防控管理手册、异地项目联合监督检查管理办法等，明确移送问题线索工作流程，深化整治“四风”突出问题。2025年珠江股份未发生商业贿赂及贪污事件。,42,600684_珠江股份_2025_ESG暨社会责任报告:p42:b5,paragraph,5,0.0000,明确披露反腐败机制,false,false,none,,normal,,high_risk_indicator,indicator belongs to high-risk review category,true,high_risk_indicator
RS-0193,600713_南京医药_2025_ESG报告,g_anti_corruption,反腐败机制,G,boolean,found,true,,公司制定《反商业贿赂指引》《关于加强商业活动行为规范的通知》，明确商业活动中的行为规范，聚焦重点环节，严禁不当利益输送。,2025 年，公司在原有的《商业行为规范》基础上，制定《反商业贿赂指引》《关于加强商业活动行为规范的通知》，明确商业活动中的行为规范，聚焦客户拓展、供应商合作、市场推广及商务接待等重点环节，严禁任何形式的不当利益输送或违规交易行为。,15,600713_南京医药_2025_ESG报告:p15:b8,paragraph,5,0.0000,明确披露反腐败机制,false,false,none,,normal,,high_risk_indicator,indicator belongs to high-risk review category,true,high_risk_indicator
RS-0194,000403_派林生物_2025_ESG报告,g_business_ethics,商业道德,G,boolean,found,true,,公司建立内部合规审查机制，制定《内部审计管理制度》等规章，明确商业道德要求，签订《廉洁协议》,在药品推广过程中，公司严格遵循商业道德与法律法规，建立内部合规审查机制，确保所有营销活动合法合规。公司建立健全商业道德管理相关制度，制定并严格执行《内部审计管理制度》《审计发现违规问题问责管理规程》等内部规章，将反腐败责任层层分解、落实到人。针对销售、采购、招投标、血浆采集等易发多发腐败风险的重点领域，制定专项合规管理标准操作程序，从源头防范利益冲突、私下协议、行贿受贿等违规行为。公司在员工入职时均签订《廉洁协议》或《保密协议》，明确职业操守要求，筑牢思想防线。,18,000403_派林生物_2025_ESG报告:p18:b10,paragraph,5,0.0000,明确提及商业道德制度,false,false,none,,normal,,high_risk_indicator,indicator belongs to high-risk review category,true,high_risk_indicator
RS-0195,002627_三峡旅游_2025_ESG报告,g_anti_corruption,反腐败机制,G,boolean,found,true,,公司建立反商业贿赂与反贪腐管理体系，覆盖全流程，与供应商签订《廉洁协议》,三峡旅游建立反商业贿赂与反贪腐管理体系，覆盖合规政策制定、高风险岗位监督、员工培训、举报机制与违规问责全流程 形成事前预防，事中监控，事后追责的闭环管理机制显著降低腐败行为发生概率。公司与供应商签订《廉洁协议》，明确约定双方在业务往来中不得以任何形式输送不正当利益，严禁索贿、受贿、商业贿赂及隐形利益输送营造崇廉尚洁的浓厚氛围,48,002627_三峡旅游_2025_ESG报告:p48:b7,paragraph,5,0.9500,明确披露反腐败机制,false,false,none,,normal,,high_risk_indicator,indicator belongs to high-risk review category,true,high_risk_indicator
RS-0196,600963_岳阳林纸_2025_ESG报告,g_anti_corruption,反腐败机制,G,boolean,found,true,,公司成立党风廉政建设和反腐败工作领导小组，定期召开会议研判形势并部署工作。,公司成立了党风廉政建设和反腐败工作领导小组，党委书记担任组长，党委副书记、纪委书记担任副组长，公司党政班子成员为工作领导小组成员。公司定期召开党风廉政建设和反腐败工作领导小组会议和党委、纪委沟通协商会议，研判整体形势并部署反腐败工作。,55,600963_岳阳林纸_2025_ESG报告:p55:b30,paragraph,5,0.0000,明确披露反腐败机制,false,false,none,,normal,,high_risk_indicator,indicator belongs to high-risk review category,true,high_risk_indicator
RS-0197,301522_上大股份_2025_ESG报告,g_cybersecurity_governance,网络安全治理,G,qualitative,missing,,,,,,,,0,0.0000,,false,false,none,,normal,,,stratified normal sample,false,normal_sample
RS-0198,01847_云南建投混凝土_2025_ESG报告,g_investor_relations,投资者关系,G,qualitative,missing,,,,,,,,0,0.0000,,false,false,none,,normal,,,stratified normal sample,false,normal_sample
RS-0199,300949_奥雅股份_2025_ESG报告,g_cybersecurity_governance,网络安全治理,G,qualitative,missing,,,,,,,,0,0.0000,,false,false,none,,normal,,,stratified normal sample,false,normal_sample
RS-0200,02676_纳芯微_2025_ESG报告,g_materiality_assessment,实质性议题评估,G,qualitative,missing,,,,,,,,0,0.0000,,false,false,none,,normal,,,stratified normal sample,false,normal_sample
RS-0201,300468_四方精创_2025_ESG报告,g_esg_strategy,ESG 战略目标,G,qualitative,missing,,,,,,,,2,0.0000,,false,false,none,,normal,,,stratified normal sample,false,normal_sample
RS-0202,000016_深康佳Ａ_2025_ESG报告,g_esg_strategy,ESG 战略目标,G,qualitative,missing,,,,,,,,1,0.0000,,false,false,none,,normal,,,stratified normal sample,false,normal_sample
RS-0203,600456_宝钛股份_2025_ESG报告,g_cybersecurity_governance,网络安全治理,G,qualitative,missing,,,,,,,,0,0.0000,,false,false,none,,normal,,,stratified normal sample,false,normal_sample
RS-0204,06656_思格新能_2025_ESG报告,g_materiality_assessment,实质性议题评估,G,qualitative,missing,,,,,,,,0,0.0000,,false,false,none,,normal,,,stratified normal sample,false,normal_sample
RS-0205,301588_美新科技_2025_ESG报告,g_cybersecurity_governance,网络安全治理,G,qualitative,missing,,,,,,,,0,0.0000,,false,false,none,,normal,,,stratified normal sample,false,normal_sample
RS-0206,002568_百润股份_2025_ESG报告,g_esg_strategy,ESG 战略目标,G,qualitative,missing,,,,,,,,5,0.0000,,false,false,none,,normal,,,stratified normal sample,false,normal_sample
RS-0207,603260_合盛硅业_2025_可持续发展报告,g_esg_strategy,ESG 战略目标,G,qualitative,missing,,,,,,,,2,0.0000,,false,false,none,,normal,,,stratified normal sample,false,normal_sample
RS-0208,002807_江阴银行_2025_ESG报告,g_esg_strategy,ESG 战略目标,G,qualitative,missing,,,,,,,,5,0.0000,,false,false,none,,normal,,,stratified normal sample,false,normal_sample
RS-0209,00966_中国太平_2025_ESG暨社会责任报告,g_investor_relations,投资者关系,G,qualitative,missing,,,,,,,,0,0.0000,,false,false,none,,normal,,,stratified normal sample,false,normal_sample
RS-0210,09668_渤海银行_2025_ESG暨社会责任报告,g_esg_strategy,ESG 战略目标,G,qualitative,missing,,,,,,,,0,0.0000,,false,false,none,,normal,,,stratified normal sample,false,normal_sample
RS-0211,01950_帝王实业控股_2026_ESG报告,g_investor_relations,投资者关系,G,qualitative,missing,,,,,,,,0,0.0000,,false,false,none,,normal,,,stratified normal sample,false,normal_sample
RS-0212,000403_派林生物_2025_ESG报告,g_tax_transparency,税务透明,G,qualitative,missing,,,,,,,,1,0.0000,,false,false,none,,normal,,,stratified normal sample,false,normal_sample
RS-0213,002851_麦格米特_2025_ESG暨社会责任报告,g_cybersecurity_governance,网络安全治理,G,qualitative,found,,,公司制定多项信息安全管理制度，涵盖数据安全、网络安全等多方面，明确奖惩机制，强化全流程安全管理。,麦格米特制定《信息安全管理奖惩规定》，明确奖惩原则，设置四级处罚等级与三级奖励等级，其适用范围涵盖数据安全管理、计算机管理、软件管理、网络安全管理、电子邮件管理、即时通讯安全管理、办公安全管理及离职交接管理，并对处罚与奖励程序作出明确规定。,35,002851_麦格米特_2025_ESG暨社会责任报告:p35:b13,paragraph,2,0.0000,证据明确提及网络安全管理相关制度,false,false,none,,normal,,high_risk_indicator,indicator belongs to high-risk review category,true,high_risk_indicator
RS-0214,920167_同享科技_2025_ESG报告,g_stakeholder_communication,利益相关方沟通,G,qualitative,found,,,公司通过多种渠道与利益相关方进行沟通，包括专项会议、股东会、客户满意度调查、员工活动等，明确各利益相关方关注议题及沟通方式。,政府与监管部门 | ·合规及风险管理·商业道德·气候变化与能源管理·水资源管理·排放与废弃物管理·产品质量管理·职业健康与安全 | ·专项会议或报告·政策咨询反馈·合规监管检查·信息披露 股东与投资者 | ·公司治理·合规及风险管理·商业道德·创新研发与知识产权·绿色技术机遇·产品质量管理 | ·股东会·财务报告及公告·投资者热线与邮箱·业绩说明会及其他交流活动 客户 | ·产品质量管理·创新研发与知识产权·客户服务·信息与隐私安全 | ·客户满意度调查·客户拜访·日常交流·客户审核,7,920167_同享科技_2025_ESG报告:p7:b13,table,5,0.0000,证据明确列出沟通方式,false,false,none,,normal,,high_risk_indicator,indicator belongs to high-risk review category,true,high_risk_indicator
RS-0215,601360_三六零_2025_ESG报告,g_information_disclosure,信息披露,G,qualitative,found,,,公司建立了与ESG相关的内部控制制度体系，明确各部门在节能减排、环保合规、员工权益、供应链管理等领域的管控要求，确保公司运营持续有效，更好地履行社会义务。,"公司建立了与ESG相关的内部控制制度体系,环境层面,制定了关于能源管理、废弃物处理等环节的控制细则,明确各部门在节能减排、环保合规等方面的具体职责与操作流程;社会层面,明确员工权益、供应链管理、产品质量与安全等领域的管控要求,确保公司运营持续有效,更好地履行社会义务;公司治理层面,发布信息披露、内部审计、合规管理等方面的管理制度,保障内部治理高效规范。",13,601360_三六零_2025_ESG报告:p13:b7,table,5,0.0000,直接引用制度内容,false,false,none,,normal,,high_risk_indicator,indicator belongs to high-risk review category,true,high_risk_indicator
RS-0216,002999_天禾股份_2025_ESG报告,g_information_disclosure,信息披露,G,qualitative,found,,,公司严格按照法律法规及《信息披露管理办法》要求，真实、准确、及时、公平、完整披露信息，明确责任体系，指定指定报纸和网站，2025年获金牛奖且无信息披露违规处罚。,公司严格按照有关法律法规以及《公司章程》《信息披露管理办法》等要求，真实、准确、及时、公平、完整地披露有关信息。公司明确了信息披露的责任体系：董事长为第一责任人，董事会秘书为直接责任人并负责管理信息披露事务，证券事务代表予以协助。同时，公司指定《中国证券报》《证券日报》和巨潮资讯网为公司信息披露的指定报纸和网站，确保公司所有股东能够以平等的机会获得信息。2025年，公司荣获2025年度上市公司金牛奖，且不存在因信息披露方面违规而受到处罚的情况,16,002999_天禾股份_2025_ESG报告:p16:b2,paragraph,5,0.0000,明确披露要求与机制,false,false,none,,normal,,high_risk_indicator,indicator belongs to high-risk review category,true,high_risk_indicator
RS-0217,06656_思格新能_2025_ESG报告,g_information_disclosure,信息披露,G,qualitative,found,,,公司建立了完善的ESG信息披露机制，包括定期披露ESG报告、加强碳排放监测与披露透明度，以及制定应急预案以应对气候风险。,"健全ESG管理體系,加強碳排放監測,提升披露透明度。",21,06656_思格新能_2025_ESG报告:p21:b0,table,2,0.9500,直接引用证据,false,false,none,,normal,,high_risk_indicator,indicator belongs to high-risk review category,true,high_risk_indicator
RS-0218,301185_鸥玛软件_2025_ESG报告,g_information_disclosure,信息披露,G,qualitative,found,,,公司建立三级ESG治理架构，制定多项信息披露专项制度，构建规范透明的投资者关系管理体系，获资本市场认可。,公司建立“董事会决策统筹-管理层组织实施-各部门协同落实”的三级ESG治理架构，推动董事会多元化与专业化建设，完善信息披露与投资者关系管理，以透明规范的治理保障企业行稳致远；构建全面风险管理与合规体系，对商业贿赂、不正当竞争实行零容忍，全年未发生相关违规事件，维护公平有序的市场环境，保障中小企业合作伙伴平等竞争权利；坚持稳健经营与价值创造，持续优化股东回报机制，以稳定的经营业绩和现金分红回馈投资者，助力经济高质量可持续增长。,12,301185_鸥玛软件_2025_ESG报告:p12:b12,paragraph,5,0.9500,明确披露信息披露机制,false,false,none,,normal,,high_risk_indicator,indicator belongs to high-risk review category,true,high_risk_indicator
RS-0219,002663_普邦股份_2025_ESG报告,g_stakeholder_communication,利益相关方沟通,G,qualitative,found,,,公司通过多种渠道与利益相关方进行沟通，包括股东会、定期报告、客户拜访、员工关怀等，涵盖公司治理、商业道德、环境保护等议题。,利益相关方 | 政府及监督机构 | 股东及投资者 | 员工 | 客户 | 供应商 | 行业 | 社区及公众 关注议题 | ·公司治理·税务管理·商业道德·环境保护·废弃物管理·社会责任 | ·公司治理·风险管理·信息披露·经济效益 | ·薪酬与福利·发展与培训·健康与安全·民主管理 | ·商业道德·产品及服务·研发与创新·数据安全与隐私保护 | ·商业道德·供应链安全 | ·商业道德·研发与创新·行业发展 | ·环境保护·废弃物管理·社会责任 沟通与回应 | ·遵守法律法规·依法足额纳税·接受检查和监督·保护生态环境·响应国家战略·提供就业岗位·履行社会责任 | ·股东会·定期报告及临时公告·日常沟通(电话、邮件、互动易平台)·投资者活动·内控审计 | ·完善薪酬福利体系·建立职业晋升路径·开展员工关怀·职业病防护与体检·职工代表大会 | ·反商业贿赂及反贪污·客户拜访·客户服务热线·满意度调查·监督举报机制·保障信息安全·技术创新 | ·反不正当竞争·反商业贿赂与反贪污·审核及评估·实地考察·合同执行 | ·反不正当竞争·技术创新·行业论坛、活动 | ·绿色运营·污染防控·社区活动·公益慈善,7,002663_普邦股份_2025_ESG报告:p7:b2,table,5,0.0000,证据明确列出沟通方式,false,false,none,,normal,,high_risk_indicator,indicator belongs to high-risk review category,true,high_risk_indicator
RS-0220,688613_奥精医疗_2025_ESG报告,g_materiality_assessment,实质性议题评估,G,qualitative,found,,,公司通过矩阵形式评估实质性议题，将议题按财务重要性和可持续发展重要性进行分类，明确高优先级议题。,产品质量安全 | High | High | | 应对气候变化 | High | High | | 科技创新 | High | High | | 职业健康安全 | High | High | | 能源管理 | High | Medium-High | | 信息安全 | High | Medium-High | | 合规经营 | Medium-High | High | | 污染物排放 | Medium-High | High | | 员工权益 | Medium-High | Medium-High |,12,688613_奥精医疗_2025_ESG报告:p12:b3,chart,1,0.9500,矩阵形式明确评估,false,false,none,,normal,,high_risk_indicator,indicator belongs to high-risk review category,true,high_risk_indicator
RS-0221,300972_万辰集团_2025_ESG报告,g_tax_transparency,税务透明,G,qualitative,found,,,公司坚持依法纳税、诚信经营，建立全流程税务合规管理体系，确保税款计算、申报和缴纳准确及时完整，2025年无重大税务违法违规行为。,公司坚持“依法纳税、诚信经营”的基本原则，严格遵守《中华人民共和国税收征收管理法》《中华人民共和国企业所得税法》《中华人民共和国个人所得税法》等法律法规和相关制度规定，制定《财务管理制度》，明确税务及发票管理要求，注重税务风险管理，落实企业纳税义务，按时足额申报和缴纳税款。2025 年，无重大税务违法违规行为及行政处罚记录。,24,300972_万辰集团_2025_ESG报告:p24:b24,paragraph,5,0.0000,证据明确披露税务透明措施,false,false,none,,normal,,high_risk_indicator,indicator belongs to high-risk review category,true,high_risk_indicator
RS-0222,600713_南京医药_2025_ESG报告,g_information_disclosure,信息披露,G,qualitative,found,,,公司持续完善信息披露机制，严格遵循相关法规，提升信息透明度，披露定期报告与临时公告，无违规处罚。,公司严格按照《上市公司信息披露管理办法》《上海证券交易所股票上市规则》等有关规定，持续完善《信息披露管理办法》，始终坚持信息披露的准确性、真实性、完整性与及时性，不断提升信息披露的质量，增强公司信息透明度，确保投资者全面了解公司经营状况、财务状况、风险状况和发展前景。报告期内，公司共披露定期报告 4 份、临时公告165份，不存在因违反信息披露规定而受到处罚的情况。,13,600713_南京医药_2025_ESG报告:p13:b24,paragraph,5,0.0000,明确披露信息披露机制与合规情况,false,false,none,,normal,,high_risk_indicator,indicator belongs to high-risk review category,true,high_risk_indicator
RS-0223,688613_奥精医疗_2025_ESG报告,g_stakeholder_communication,利益相关方沟通,G,qualitative,found,,,公司建立了利益相关方沟通机制，通过多种渠道与股东、政府、供应商、社区、客户及科研机构进行沟通，包括股东大会、财务年报、投资者热线、开放日活动等。,利益相关方 | 主要关注点 | 采取行动 | 沟通渠道 股东和投资者 | ·公司治理·合规经营利益相关方沟通 | ·股东会·财务年报·定期报告与公告·公司官网及公众号·投资者热线及邮箱 | ·股东大会·财务年报 政府和监管机构 | ·公司治理·合规经营·反商业贿赂及反贪污·反不正当竞争·水资源利用·能源利用循环经济·应对气候变化·健康安全 | ·会议交流·督导检查·日常监管沟通·信息披露与报送·可持续发展报告 | ·监督检查·定期报告 供应商 | ·供应链管理·采购实践·平等对待中小企业 | ·年度供应商大会·供应商管理 | ·供应商大会·审核 社区与公众 | ·废弃物排放·绿色产品·社会贡献·乡村振兴 | ·可持续发展报告·公益活动·慈善捐助 | ·开放日活动 客户 | ·客户关系·循环经济·产品和服务安全与质量·数据安全与客户隐私保护 | ·日常沟通·年度客户满意度调研·年度审核和评估 | ·客户满意度调查·客户会议·审核和评估 科研机构 | ·创新研发 | ·校企合作 | ·科研论坛,11,688613_奥精医疗_2025_ESG报告:p11:b7,table,5,0.0000,证据明确列出沟通渠道,false,false,none,,normal,,high_risk_indicator,indicator belongs to high-risk review category,true,high_risk_indicator
RS-0224,300547_川环科技_2025_ESG报告,g_stakeholder_communication,利益相关方沟通,G,qualitative,found,,,公司通过实质性议题管理，从多维度分析并明确利益相关方沟通的优先级，确保沟通内容与利益相关方高度关注议题一致。,- 反商业贿赂及反贪污 - 平等对待中小企业 - 利益相关方沟通 党建引领 - 环境合规管理 - 数据安全与客户隐私保护 - 反不正当竞争 - 社会贡献 - 污染物排放 - 乡村振兴,10,300547_川环科技_2025_ESG报告:p10:b2,list,5,0.0000,明确提及利益相关方沟通,false,false,none,,normal,,high_risk_indicator,indicator belongs to high-risk review category,true,high_risk_indicator
RS-0225,600783_鲁信创投_2025_ESG报告,g_esg_strategy,ESG 战略目标,G,qualitative,found,,,公司明确将ESG战略目标与联合国可持续发展目标（SDGs）及国家'双碳'战略紧密结合，通过完善公司治理、优化环境管理体系、践行负责任投资等措施实现战略目标。,"合规治理夯实发展根基...确保董事会独立性和多元化,完善公司治理结构。...低碳引领赋能绿色发展...减少碳排放,加大对低碳环保企业的投资力度,助力国家实现'双碳'目标。...责任深耕赋能产业共兴...持续完善负责任投资体系,助推企业登陆资本市场,助力山东产业结构转型升级。...以人为本共赴美好新程...实现'0'安全事故。持续开展公益慈善活动,支持社区发展。",9,600783_鲁信创投_2025_ESG报告:p9:b4,table,5,0.9500,明确列出ESG战略目标与行动,false,false,none,,normal,,high_risk_indicator,indicator belongs to high-risk review category,true,high_risk_indicator
RS-0226,920122_中纺标_2025_ESG报告,g_cybersecurity_governance,网络安全治理,G,qualitative,found,,,公司制定信息安全工作总体方针及应急预案实施细则，开展网络安全培训，保障数字化系统稳定运行，未发生信息安全事故。,为确保客户在商业、法律上的机密信息等受到保护，维护客户利益，我公司制定了《中纺标检验认证股份有限公司信息安全工作总体方针》《中纺标检验认证股份有限公司网络与信息安全应急预案实施细则》等，同时在各职能部门、事业部、分公司开展网络安全培训，巩固集团信息安全防线，以高水平安全守护高质量发展。报告期内，未发生信息安全事故和泄露客户隐私事件。,22,920122_中纺标_2025_ESG报告:p22:b17,paragraph,3,0.0000,明确披露制度与培训,false,false,none,,normal,,high_risk_indicator,indicator belongs to high-risk review category,true,high_risk_indicator
RS-0227,001322_箭牌家居_2025_ESG报告,g_cybersecurity_governance,网络安全治理,G,qualitative,found,,,公司严格保护客户隐私与数据安全，2025年未发生客户信息泄露及网络安全事故。,严格保护客户隐私与数据安全。2025 年，公司未发生客户信息泄露及网络安全事故。,53,001322_箭牌家居_2025_ESG报告:p53:b0,paragraph,1,0.0000,直接引用证据内容,false,false,none,,normal,,high_risk_indicator,indicator belongs to high-risk review category,true,high_risk_indicator
RS-0228,600322_津投城开_2025_ESG报告,g_materiality_assessment,实质性议题评估,G,qualitative,found,,,公司通过双重重要性评估识别出13项重要议题，涵盖绿色设计、施工、运营、废弃物处理、产品安全、员工发展、社区关系、社会贡献、供应链管理、公司治理、信息安全、反商业贿赂与反贪污、反不正当竞争等,2025年度实质性议题的双重重要性评估结果如下，评估矩阵右上角议题为高度重要性议题。根据评估结果公司识别的重要议题包括：绿色设计、绿色施工、绿色运营、废弃物处理、产品安全与服务质量、员工发展与权益保障、社区关系、社会贡献、供应链管理、公司治理、信息安全、反商业贿赂与反贪污、反不正当竞争利益相关方沟通。,5,600322_津投城开_2025_ESG报告:p5:b8,paragraph,1,0.9000,证据明确列出议题,false,false,none,,normal,,high_risk_indicator,indicator belongs to high-risk review category,true,high_risk_indicator
RS-0229,920039_国义招标_2025_ESG报告,e_environmental_penalty,环境处罚,E,boolean,missing,,,,,,,,2,0.0000,,false,false,none,,normal,,high_risk_indicator,indicator belongs to high-risk review category,true,high_risk_indicator
RS-0230,002887_绿茵生态_2025_ESG报告,e_environmental_penalty,环境处罚,E,boolean,missing,,,,,,,,0,0.0000,,false,false,none,,normal,,high_risk_indicator,indicator belongs to high-risk review category,true,high_risk_indicator
RS-0231,603399_永杉锂业_2025_可持续发展报告,e_environmental_penalty,环境处罚,E,boolean,missing,,,,,,,,0,0.0000,,false,false,none,,normal,,high_risk_indicator,indicator belongs to high-risk review category,true,high_risk_indicator
RS-0232,300459_汤姆猫_2025_ESG报告,e_environmental_penalty,环境处罚,E,boolean,missing,,,,,,,,0,0.0000,,false,false,none,,normal,,high_risk_indicator,indicator belongs to high-risk review category,true,high_risk_indicator
RS-0233,688515_裕太微_2025_ESG报告,e_environmental_penalty,环境处罚,E,boolean,missing,,,,,,,,0,0.0000,,false,false,none,,normal,,high_risk_indicator,indicator belongs to high-risk review category,true,high_risk_indicator
RS-0234,603683_晶华新材_2025_ESG报告,e_environmental_penalty,环境处罚,E,boolean,missing,,,,,,,,0,0.0000,,false,false,none,,normal,,high_risk_indicator,indicator belongs to high-risk review category,true,high_risk_indicator
RS-0235,603577_汇金通_2025_ESG报告,e_carbon_management,碳排放管理措施,E,boolean,missing,,,,,,,,0,0.0000,,false,false,none,,normal,,high_risk_indicator,indicator belongs to high-risk review category,true,high_risk_indicator
RS-0236,600456_宝钛股份_2025_ESG报告,e_environmental_penalty,环境处罚,E,boolean,missing,,,,,,,,0,0.0000,,false,false,none,,normal,,high_risk_indicator,indicator belongs to high-risk review category,true,high_risk_indicator
RS-0237,300212_易华录_2025_ESG报告,e_environmental_penalty,环境处罚,E,boolean,missing,,,,,,,,0,0.0000,,false,false,none,,normal,,high_risk_indicator,indicator belongs to high-risk review category,true,high_risk_indicator
RS-0238,600630_龙头股份_2025_ESG报告,e_environmental_penalty,环境处罚,E,boolean,missing,,,,,,,,0,0.0000,,false,false,none,,normal,,high_risk_indicator,indicator belongs to high-risk review category,true,high_risk_indicator
RS-0239,301588_美新科技_2025_ESG报告,e_environmental_penalty,环境处罚,E,boolean,missing,,,,,,,,0,0.0000,,false,false,none,,normal,,high_risk_indicator,indicator belongs to high-risk review category,true,high_risk_indicator
RS-0240,688690_纳微科技_2025_ESG报告,e_carbon_management,碳排放管理措施,E,boolean,missing,,,,,,,,0,0.0000,,false,false,none,,normal,,high_risk_indicator,indicator belongs to high-risk review category,true,high_risk_indicator
RS-0241,002326_永太科技_2025_ESG报告,e_environmental_penalty,环境处罚,E,boolean,missing,,,,,,,,0,0.0000,,false,false,none,,normal,,high_risk_indicator,indicator belongs to high-risk review category,true,high_risk_indicator
RS-0242,000598_兴蓉环境_2025_ESG报告,e_environmental_penalty,环境处罚,E,boolean,missing,,,,,,,,0,0.0000,,false,false,none,,normal,,high_risk_indicator,indicator belongs to high-risk review category,true,high_risk_indicator
RS-0243,600684_珠江股份_2025_ESG暨社会责任报告,e_environmental_penalty,环境处罚,E,boolean,missing,,,,,,,,0,0.0000,,false,false,none,,normal,,high_risk_indicator,indicator belongs to high-risk review category,true,high_risk_indicator
RS-0244,603373_安邦护卫_2025_ESG暨社会责任报告,e_green_product,绿色产品与服务,E,qualitative,missing,,,,,,,,0,0.0000,,false,false,none,,normal,,,stratified normal sample,false,normal_sample
RS-0245,01950_帝王实业控股_2026_ESG报告,e_green_product,绿色产品与服务,E,qualitative,missing,,,,,,,,0,0.0000,,false,false,none,,normal,,,stratified normal sample,false,normal_sample
RS-0246,600684_珠江股份_2025_ESG暨社会责任报告,e_green_product,绿色产品与服务,E,qualitative,missing,,,,,,,,1,0.0000,,false,false,none,,normal,,,stratified normal sample,false,normal_sample
RS-0247,688560_明冠新材_2025_ESG报告,e_green_product,绿色产品与服务,E,qualitative,missing,,,,,,,,1,0.0000,,false,false,none,,normal,,,stratified normal sample,false,normal_sample
RS-0248,688439_振华风光_2025_ESG报告,e_green_product,绿色产品与服务,E,qualitative,missing,,,,,,,,0,0.0000,,false,false,none,,normal,,,stratified normal sample,false,normal_sample
RS-0249,00568_山东墨龙_2025_ESG报告,e_green_product,绿色产品与服务,E,qualitative,missing,,,,,,,,0,0.0000,,false,false,none,,normal,,,stratified normal sample,false,normal_sample
RS-0250,002048_宁波华翔_2025_ESG报告,e_green_product,绿色产品与服务,E,qualitative,missing,,,,,,,,1,0.0000,,false,false,none,,normal,,,stratified normal sample,false,normal_sample
RS-0251,000720_新能泰山_2025_ESG报告,e_green_product,绿色产品与服务,E,qualitative,missing,,,,,,,,1,0.0000,,false,false,none,,normal,,,stratified normal sample,false,normal_sample
RS-0252,01432_中国圣牧_2025_ESG报告,e_green_product,绿色产品与服务,E,qualitative,missing,,,,,,,,0,0.0000,,false,false,none,,normal,,,stratified normal sample,false,normal_sample
RS-0253,300459_汤姆猫_2025_ESG报告,e_green_product,绿色产品与服务,E,qualitative,missing,,,,,,,,0,0.0000,,false,false,none,,normal,,,stratified normal sample,false,normal_sample
RS-0254,603628_清源股份_2025_ESG报告,e_green_product,绿色产品与服务,E,qualitative,missing,,,,,,,,1,0.0000,,false,false,none,,normal,,,stratified normal sample,false,normal_sample
RS-0255,600963_岳阳林纸_2025_ESG报告,e_green_product,绿色产品与服务,E,qualitative,missing,,,,,,,,0,0.0000,,false,false,none,,normal,,,stratified normal sample,false,normal_sample
RS-0256,01847_云南建投混凝土_2025_ESG报告,e_green_product,绿色产品与服务,E,qualitative,missing,,,,,,,,0,0.0000,,false,false,none,,normal,,,stratified normal sample,false,normal_sample
RS-0257,688709_成都华微_2025_ESG报告,e_green_product,绿色产品与服务,E,qualitative,missing,,,,,,,,0,0.0000,,false,false,none,,normal,,,stratified normal sample,false,normal_sample
RS-0258,603717_天域生物_2025_ESG报告,e_green_product,绿色产品与服务,E,qualitative,missing,,,,,,,,1,0.0000,,false,false,none,,normal,,,stratified normal sample,false,normal_sample
RS-0259,600651_飞乐音响_2025_可持续发展报告,e_green_product,绿色产品与服务,E,qualitative,missing,,,,,,,,0,0.0000,,false,false,none,,normal,,,stratified normal sample,false,normal_sample
RS-0260,01950_帝王实业控股_2026_ESG报告,g_anti_corruption,反腐败机制,G,boolean,missing,,,,,,,,0,0.0000,,false,false,none,,normal,,high_risk_indicator,indicator belongs to high-risk review category,true,high_risk_indicator
RS-0261,600587_新华医疗_2025_ESG报告,g_anti_corruption,反腐败机制,G,boolean,missing,,,,,,,,5,0.0000,,false,false,none,,normal,,high_risk_indicator,indicator belongs to high-risk review category,true,high_risk_indicator
RS-0262,688015_交控科技_2025_ESG暨社会责任报告,g_anti_corruption,反腐败机制,G,boolean,missing,,,,,,,,0,0.0000,,false,false,none,,normal,,high_risk_indicator,indicator belongs to high-risk review category,true,high_risk_indicator
RS-0263,000922_佳电股份_2026_ESG报告,g_anti_corruption,反腐败机制,G,boolean,missing,,,,,,,,0,0.0000,,false,false,none,,normal,,high_risk_indicator,indicator belongs to high-risk review category,true,high_risk_indicator
RS-0264,002203_海亮股份_2025_ESG报告,g_anti_corruption,反腐败机制,G,boolean,missing,,,,,,,,4,0.0000,,false,false,none,,normal,,high_risk_indicator,indicator belongs to high-risk review category,true,high_risk_indicator
RS-0265,01216_中原银行_2025_ESG报告,g_anti_corruption,反腐败机制,G,boolean,missing,,,,,,,,0,0.0000,,false,false,none,,normal,,high_risk_indicator,indicator belongs to high-risk review category,true,high_risk_indicator
RS-0266,000968_蓝焰控股_2025_ESG报告,g_anti_corruption,反腐败机制,G,boolean,missing,,,,,,,,5,0.0000,,false,false,none,,normal,,high_risk_indicator,indicator belongs to high-risk review category,true,high_risk_indicator
RS-0267,600877_电科芯片_2025_ESG暨社会责任报告,g_anti_corruption,反腐败机制,G,boolean,missing,,,,,,,,1,0.0000,,false,false,none,,normal,,high_risk_indicator,indicator belongs to high-risk review category,true,high_risk_indicator
RS-0268,300468_四方精创_2025_ESG报告,g_anti_corruption,反腐败机制,G,boolean,missing,,,,,,,,5,0.0000,,false,false,none,,normal,,high_risk_indicator,indicator belongs to high-risk review category,true,high_risk_indicator
RS-0269,300834_星辉环材_2025_ESG报告,g_anti_corruption,反腐败机制,G,boolean,missing,,,,,,,,2,0.0000,,false,false,none,,normal,,high_risk_indicator,indicator belongs to high-risk review category,true,high_risk_indicator
RS-0270,300513_恒实科技_2025_ESG报告,g_anti_corruption,反腐败机制,G,boolean,missing,,,,,,,,1,0.0000,,false,false,none,,normal,,high_risk_indicator,indicator belongs to high-risk review category,true,high_risk_indicator
RS-0271,01847_云南建投混凝土_2025_ESG报告,g_anti_corruption,反腐败机制,G,boolean,missing,,,,,,,,0,0.0000,,false,false,none,,normal,,high_risk_indicator,indicator belongs to high-risk review category,true,high_risk_indicator
RS-0272,06656_思格新能_2025_ESG报告,g_business_ethics,商业道德,G,boolean,missing,,,,,,,,0,0.0000,,false,false,none,,normal,,,stratified normal sample,false,normal_sample
RS-0273,300834_星辉环材_2025_ESG报告,g_compliance_management,合规管理,G,boolean,missing,,,,,,,,4,0.0000,,false,false,none,,normal,,,stratified normal sample,false,normal_sample
RS-0274,00553_南京熊猫电子股份_2025_ESG报告,g_business_ethics,商业道德,G,boolean,missing,,,,,,,,0,0.0000,,false,false,none,,normal,,,stratified normal sample,false,normal_sample
RS-0275,301599_理奇智能_2025_ESG报告,g_esg_governance,ESG 治理架构,G,boolean,missing,,,,,,,,0,0.0000,,false,false,none,,normal,,,stratified normal sample,false,normal_sample
RS-0276,01950_帝王实业控股_2026_ESG报告,s_supplier,供应商管理,S,boolean,missing,,,,,,,,0,0.0000,,false,false,none,,normal,,,stratified normal sample,false,normal_sample
RS-0277,06656_思格新能_2025_ESG报告,s_supplier,供应商管理,S,boolean,missing,,,,,,,,0,0.0000,,false,false,none,,normal,,,stratified normal sample,false,normal_sample
RS-0278,00666_瑞浦兰钧_2025_ESG报告,s_supplier,供应商管理,S,boolean,missing,,,,,,,,0,0.0000,,false,false,none,,normal,,,stratified normal sample,false,normal_sample
RS-0279,603777_来伊份_2025_ESG报告,s_human_rights,人权与劳工准则,S,boolean,missing,,,,,,,,0,0.0000,,false,false,none,,normal,,,stratified normal sample,false,normal_sample
RS-0280,01432_中国圣牧_2025_ESG报告,s_data_security,数据安全与隐私保护,S,boolean,missing,,,,,,,,0,0.0000,,false,false,none,,normal,,,stratified normal sample,false,normal_sample
RS-0281,600475_华光环能_2025_ESG报告,s_supplier,供应商管理,S,boolean,missing,,,,,,,,1,0.0000,,false,false,none,,normal,,,stratified normal sample,false,normal_sample
RS-0282,603717_天域生物_2025_ESG报告,s_data_security,数据安全与隐私保护,S,boolean,missing,,,,,,,,0,0.0000,,false,false,none,,normal,,,stratified normal sample,false,normal_sample
RS-0283,300597_吉大通信_2025_ESG报告,s_supplier,供应商管理,S,boolean,missing,,,,,,,,5,0.0000,,false,false,none,,normal,,,stratified normal sample,false,normal_sample
RS-0284,603373_安邦护卫_2025_ESG暨社会责任报告,s_supplier,供应商管理,S,boolean,missing,,,,,,,,5,0.0000,,false,false,none,,normal,,,stratified normal sample,false,normal_sample
RS-0285,01950_帝王实业控股_2026_ESG报告,s_data_security,数据安全与隐私保护,S,boolean,missing,,,,,,,,0,0.0000,,false,false,none,,normal,,,stratified normal sample,false,normal_sample
RS-0286,00553_南京熊猫电子股份_2025_ESG报告,s_supplier,供应商管理,S,boolean,missing,,,,,,,,0,0.0000,,false,false,none,,normal,,,stratified normal sample,false,normal_sample
RS-0287,00666_瑞浦兰钧_2025_ESG报告,s_data_security,数据安全与隐私保护,S,boolean,missing,,,,,,,,0,0.0000,,false,false,none,,normal,,,stratified normal sample,false,normal_sample
RS-0288,06198_青岛港_2025_ESG报告,s_supplier,供应商管理,S,boolean,missing,,,,,,,,0,0.0000,,false,false,none,,normal,,,stratified normal sample,false,normal_sample
RS-0289,000922_佳电股份_2026_ESG报告,s_data_security,数据安全与隐私保护,S,boolean,missing,,,,,,,,0,0.0000,,false,false,none,,normal,,,stratified normal sample,false,normal_sample
RS-0290,300834_星辉环材_2025_ESG报告,s_data_security,数据安全与隐私保护,S,boolean,missing,,,,,,,,0,0.0000,,false,false,none,,normal,,,stratified normal sample,false,normal_sample
RS-0291,002887_绿茵生态_2025_ESG报告,s_data_security,数据安全与隐私保护,S,boolean,missing,,,,,,,,0,0.0000,,false,false,none,,normal,,,stratified normal sample,false,normal_sample
RS-0292,920167_同享科技_2025_ESG报告,g_board_diversity,董事会多元化,G,quantitative,found,62.50,%,,女性董事占比62.50%,6,920167_同享科技_2025_ESG报告:p6:b2,table,5,0.0000,明确数值,false,false,none,,normal,,high_risk_indicator,indicator belongs to high-risk review category,true,high_risk_indicator
RS-0293,601577_长沙银行_2025_可持续发展报告,e_ghg_scope2,间接温室气体排放量,E,quantitative,found,23615.33,吨二氧化碳当量,,间接排放(范围二) | 吨二氧化碳当量 | 23615.33 | 22404.44,8,601577_长沙银行_2025_可持续发展报告:p8:b3,table,5,0.0000,明确数值匹配,false,false,none,,normal,,high_risk_indicator,indicator belongs to high-risk review category,true,high_risk_indicator
RS-0294,688515_裕太微_2025_ESG报告,e_ghg_scope1,直接温室气体排放量,E,quantitative,found,0.30,tCO_{2}e,,直接排放(范围一) | $tCO_{2}e$ | 0.30,25,688515_裕太微_2025_ESG报告:p25:b5,table,3,0.0000,明确数值匹配,false,false,none,,normal,,high_risk_indicator,indicator belongs to high-risk review category,true,high_risk_indicator
RS-0295,300149_睿智医药_2025_ESG报告,e_ghg_scope2,间接温室气体排放量,E,quantitative,found,"17,729.71",吨二氧化碳当量,,"范围2温室气体排放量 | 吨二氧化碳当量 | 17,497.36 | 17,729.71",40,300149_睿智医药_2025_ESG报告:p40:b0,table,2,0.0000,明确数值匹配,false,false,none,,normal,,high_risk_indicator,indicator belongs to high-risk review category,true,high_risk_indicator
RS-0296,600516_方大炭素_2025_ESG报告,e_nonhazardous_waste,一般废弃物产生量,E,quantitative,found,"11,442.69",吨,,"产生的无害废弃物总量 | 吨 | 11,442.69",40,600516_方大炭素_2025_ESG报告:p40:b0,table,5,0.0000,明确数值匹配,false,false,none,,normal,,high_risk_indicator,indicator belongs to high-risk review category,true,high_risk_indicator
RS-0297,300832_新产业_2025_ESG报告,e_ghg_scope1,直接温室气体排放量,E,quantitative,found,"2,589.96",吨二氧化碳当量,,"2025年，公司运营所产生的二氧化碳排放总量（范围1和范围2）为17,071.48吨二氧化碳当量，其中直接排放量（范围1）为2,589.96吨二氧化碳当量，间接排放量（范围2）为14,481.52吨二氧化碳当量，碳排放强度为0.0373吨二氧化碳当量/万元<sup>①</sup>。",30,300832_新产业_2025_ESG报告:p30:b1,paragraph,5,0.0000,明确数值匹配,false,false,none,,normal,,high_risk_indicator,indicator belongs to high-risk review category,true,high_risk_indicator
RS-0298,688503_聚和材料_2025_ESG报告,e_water_total,总用水量,E,quantitative,found,21907,吨,,全年总用水量：21907吨,28,688503_聚和材料_2025_ESG报告:p28:b3,paragraph,2,0.0000,明确数值匹配,false,false,none,,normal,,high_risk_indicator,indicator belongs to high-risk review category,true,high_risk_indicator
RS-0299,002886_沃特股份_2025_ESG报告,e_water_total,总用水量,E,quantitative,found,9919,吨,,报告期内累计实现循环回用水量9919吨。,19,002886_沃特股份_2025_ESG报告:p19:b5,paragraph,1,0.0000,明确数值和单位,false,false,none,,normal,,high_risk_indicator,indicator belongs to high-risk review category,true,high_risk_indicator
RS-0300,603399_永杉锂业_2025_可持续发展报告,e_hazardous_waste,危险废弃物产生量,E,quantitative,found,49.91,吨,,危险废弃物产生量 | 吨 | 17.66 | 18.22 | 49.91,55,603399_永杉锂业_2025_可持续发展报告:p55:b0,table,3,0.0000,明确数值,false,false,none,,normal,,high_risk_indicator,indicator belongs to high-risk review category,true,high_risk_indicator
