report_id,indicator_id,indicator_name,dimension,indicator_type,status,value,unit,evidence_quote,page_no,block_id,block_type,risk_tag,risk_level,caution_tag,suspected_issue_type,risk_reason
600278_东方创业_2025_ESG报告,g_board_diversity,董事会多元化,G,quantitative,found,7:2,,董事会成员男女比例为 7 : 2,11,600278_东方创业_2025_ESG报告:p11:b14,paragraph,value_unit_missing,high,high_risk_indicator,value_unit_missing,quantitative found result lacks value or unit
600278_东方创业_2025_ESG报告,g_independent_director_ratio,独立董事占比,G,quantitative,found,6:3,,非独立董事和独立董事比例为 6 : 3,11,600278_东方创业_2025_ESG报告:p11:b15,paragraph,value_unit_missing,high,,value_unit_missing,quantitative found result lacks value or unit
600783_鲁信创投_2025_ESG报告,g_independent_director_ratio,独立董事占比,G,quantitative,found,2,,独立董事2位 非独立董事1位 独董担任主任委员,16,600783_鲁信创投_2025_ESG报告:p16:b8,paragraph,value_unit_missing,high,,value_unit_missing,quantitative found result lacks value or unit
000503_国新健康_2025_ESG报告,g_board_size,董事会人数,G,quantitative,found,9,人,公司董事会由9名董事构成。其中，非独立董事6名，独立董事3名；女性董事3名，占比33%。,30,000503_国新健康_2025_ESG报告:p30:b11,paragraph,possible_rate_as_count,high,high_risk_indicator,possible_rate_as_count,count-like indicator contains percent/rate expression
000557_西部创业_2025_可持续发展报告,s_customer_complaints,客户投诉,S,quantitative,found,100%,%,客户投诉处理率 | 100%,26,000557_西部创业_2025_可持续发展报告:p26:b6,table,possible_rate_as_count,high,high_risk_indicator,possible_rate_as_count,count-like indicator contains percent/rate expression
000810_创维数字_2025_ESG报告,s_customer_complaints,客户投诉,S,quantitative,found,100,%,客户投诉问题整改完成率 | | % | 100,43,000810_创维数字_2025_ESG报告:p43:b1,table,possible_rate_as_count,high,high_risk_indicator,possible_rate_as_count,count-like indicator contains percent/rate expression
002011_盾安环境_2025_ESG报告,g_board_size,董事会人数,G,quantitative,found,9,人,截至本报告期末，公司董事会由9名董事组成，其中独立董事3名、女性占董事会成员比例超过20%。,8,002011_盾安环境_2025_ESG报告:p8:b7,paragraph,possible_rate_as_count,high,,possible_rate_as_count,count-like indicator contains percent/rate expression
002533_金杯电工_2025_ESG报告,s_customer_complaints,客户投诉,S,quantitative,found,100%,%,"2025年,公司未发生产品不良召回事件,客诉处理率100%。",24,002533_金杯电工_2025_ESG报告:p24:b7,paragraph,possible_rate_as_count,high,high_risk_indicator,possible_rate_as_count,count-like indicator contains percent/rate expression
002649_博彦科技_2025_ESG报告,g_board_size,董事会人数,G,quantitative,found,7,人,截至2025年底，公司董事会由7名成员组成，其中女性董事1名、占比14.29%，独立董事3名、占比42.86%。,37,002649_博彦科技_2025_ESG报告:p37:b6,paragraph,possible_rate_as_count,high,high_risk_indicator,possible_rate_as_count,count-like indicator contains percent/rate expression
300035_中科电气_2025_ESG报告,g_board_size,董事会人数,G,quantitative,found,9,人,2025年，董事会共有 9 名董事，其中独立董事 3 名，女性董事 3 名，占比均达 33%。,21,300035_中科电气_2025_ESG报告:p21:b2,paragraph,possible_rate_as_count,high,high_risk_indicator,possible_rate_as_count,count-like indicator contains percent/rate expression
300149_睿智医药_2025_ESG报告,s_customer_complaints,客户投诉,S,quantitative,found,100%,%,投诉处理率 | 100% | 未被投诉 | 达成,23,300149_睿智医药_2025_ESG报告:p23:b8,table,possible_rate_as_count,high,high_risk_indicator,possible_rate_as_count,count-like indicator contains percent/rate expression
300212_易华录_2025_ESG报告,g_board_size,董事会人数,G,quantitative,found,9,名,截至报告期末，公司董事会成员9名，其中女性董事1名，独立董事3名，独立董事占比为33.33%。,15,300212_易华录_2025_ESG报告:p15:b14,paragraph,possible_rate_as_count,high,high_risk_indicator,possible_rate_as_count,count-like indicator contains percent/rate expression
300468_四方精创_2025_ESG报告,s_customer_complaints,客户投诉,S,quantitative,found,100,%,客户投诉及时处理率 | % | 100,42,300468_四方精创_2025_ESG报告:p42:b5,table,possible_rate_as_count,high,high_risk_indicator,possible_rate_as_count,count-like indicator contains percent/rate expression
301073_君亭酒店_2025_ESG报告,s_customer_complaints,客户投诉,S,quantitative,found,90,次,2025年，本集团及各运营点共受理客户投诉90次，投诉解决率达100%。,43,301073_君亭酒店_2025_ESG报告:p43:b9,paragraph,possible_rate_as_count,high,high_risk_indicator,possible_rate_as_count,count-like indicator contains percent/rate expression
301308_江波龙_2025_ESG报告,g_board_size,董事会人数,G,quantitative,found,9,名,江波龙董事会由9名董事组成，其中独立董事人数为4人，占比超40%，符合相关法律法规及《公司章程》的规定。,17,301308_江波龙_2025_ESG报告:p17:b6,paragraph,possible_rate_as_count,high,,possible_rate_as_count,count-like indicator contains percent/rate expression
301599_理奇智能_2025_ESG报告,s_customer_complaints,客户投诉,S,quantitative,found,0.338,%,质量投诉发生率 | $\leqslant 0.6\%$ | 0.338%,15,301599_理奇智能_2025_ESG报告:p15:b10,table,possible_rate_as_count,high,high_risk_indicator,possible_rate_as_count,count-like indicator contains percent/rate expression
600009_上海机场_2025_ESG报告,g_board_size,董事会人数,G,quantitative,found,7,人,公司董事会成员共7人，其中外部董事6人、占比86%，女性董事占比14%,12,600009_上海机场_2025_ESG报告:p12:b5,paragraph,possible_rate_as_count,high,high_risk_indicator,possible_rate_as_count,count-like indicator contains percent/rate expression
600009_上海机场_2025_ESG报告,s_customer_complaints,客户投诉,S,quantitative,found,100,%,"2025年,上海机场客户投诉处理率100%",48,600009_上海机场_2025_ESG报告:p48:b14,paragraph,possible_rate_as_count,high,high_risk_indicator,possible_rate_as_count,count-like indicator contains percent/rate expression
600475_华光环能_2025_ESG报告,g_board_size,董事会人数,G,quantitative,found,9,名,公司董事会由 9 名董事组成，其中女性董事 3 名，女性董事占比 33.33%。,23,600475_华光环能_2025_ESG报告:p23:b18,list,possible_rate_as_count,high,high_risk_indicator,possible_rate_as_count,count-like indicator contains percent/rate expression
600587_新华医疗_2025_ESG报告,g_board_size,董事会人数,G,quantitative,found,11,人,"董事会由11名成员组成,其中女性董事1名,女性董事占比9.09%。",75,600587_新华医疗_2025_ESG报告:p75:b21,paragraph,possible_rate_as_count,high,high_risk_indicator,possible_rate_as_count,count-like indicator contains percent/rate expression
600587_新华医疗_2025_ESG报告,s_customer_complaints,客户投诉,S,quantitative,found,100%,%,客户投诉回应率和解决率均达,41,600587_新华医疗_2025_ESG报告:p41:b19,table,possible_rate_as_count,high,high_risk_indicator,possible_rate_as_count,count-like indicator contains percent/rate expression
600737_中粮糖业_2025_ESG报告,s_customer_complaints,客户投诉,S,quantitative,found,71,次,客户投诉次数为 71 次，较去年下降 24.5%；客户投诉处理率 100%,37,600737_中粮糖业_2025_ESG报告:p37:b6,paragraph,possible_rate_as_count,high,high_risk_indicator,possible_rate_as_count,count-like indicator contains percent/rate expression
600779_水井坊_2025_ESG报告,s_customer_complaints,客户投诉,S,quantitative,found,100%,%,2025 年，公司通过专项机制确保所有被正式受理的客户投诉实现 100% 的闭环处理。,32,600779_水井坊_2025_ESG报告:p32:b8,paragraph,possible_rate_as_count,high,high_risk_indicator,possible_rate_as_count,count-like indicator contains percent/rate expression
600850_电科数字_2025_ESG报告,g_board_size,董事会人数,G,quantitative,found,9,人,董事会成员共9人，其中独立董事3人，占比33.33%。,9,600850_电科数字_2025_ESG报告:p9:b25,paragraph,possible_rate_as_count,high,,possible_rate_as_count,count-like indicator contains percent/rate expression
600874_创业环保_2025_可持续发展报告,g_board_size,董事会人数,G,quantitative,found,9,名,董事会由9 名董事组成，其中女性董事占比 22.22%,13,600874_创业环保_2025_可持续发展报告:p13:b1,list,possible_rate_as_count,high,high_risk_indicator,possible_rate_as_count,count-like indicator contains percent/rate expression
600963_岳阳林纸_2025_ESG报告,g_board_size,董事会人数,G,quantitative,found,7,人,报告期末，公司董事会共有董事7人，其中女性董事4人，占比 57%，体现了董事会成员的性别多元化；同时，董事会成员涵盖了不同年龄段和工作经验的成员，有助干在决策中获得多元化的经验和意见。,51,600963_岳阳林纸_2025_ESG报告:p51:b3,paragraph,possible_rate_as_count,high,high_risk_indicator,possible_rate_as_count,count-like indicator contains percent/rate expression
601577_长沙银行_2025_可持续发展报告,g_board_size,董事会人数,G,quantitative,found,10,人,在任独立董事4人，占比40%，符合本行《公司章程》规定的“独立董事人数原则上不低于董事会成员总数三分之一”的要求。,18,601577_长沙银行_2025_可持续发展报告:p18:b3,paragraph,possible_rate_as_count,high,,possible_rate_as_count,count-like indicator contains percent/rate expression
603291_联合水务_2025_ESG报告,g_board_size,董事会人数,G,quantitative,found,9,人,报告期内，公司董事会成员共9人，其中3名为独立董事，独立董事占比达33.33%。,45,603291_联合水务_2025_ESG报告:p45:b33,paragraph,possible_rate_as_count,high,,possible_rate_as_count,count-like indicator contains percent/rate expression
603291_联合水务_2025_ESG报告,s_customer_complaints,客户投诉,S,quantitative,found,100,%,客户投诉处理率 | % | 100 | 100 | 100,79,603291_联合水务_2025_ESG报告:p79:b1,table,possible_rate_as_count,high,high_risk_indicator,possible_rate_as_count,count-like indicator contains percent/rate expression
603333_尚纬股份_2025_ESG报告,g_board_size,董事会人数,G,quantitative,found,9,名,董事9名 | 其中独立董事3名占比33.33% 其中非独立董事6名占比66.67% | 其中女性董事5名占比55.56% 召开股东会会议3次 | 召开董事会会议8次,57,603333_尚纬股份_2025_ESG报告:p57:b6,table,possible_rate_as_count,high,high_risk_indicator,possible_rate_as_count,count-like indicator contains percent/rate expression
603979_金诚信_2025_ESG报告,g_board_size,董事会人数,G,quantitative,found,9,名,公司董事会共9名成员，独立董事占比约为33.33%。,22,603979_金诚信_2025_ESG报告:p22:b8,paragraph,possible_rate_as_count,high,,possible_rate_as_count,count-like indicator contains percent/rate expression
605599_菜百股份_2025_ESG报告,g_board_size,董事会人数,G,quantitative,found,11,人,董事人数11人 | 独立董事占比36.36% | 女性董事占比36.36%,5,605599_菜百股份_2025_ESG报告:p5:b2,table,possible_rate_as_count,high,high_risk_indicator,possible_rate_as_count,count-like indicator contains percent/rate expression
688503_聚和材料_2025_ESG报告,s_customer_complaints,客户投诉,S,quantitative,found,100%,%,投诉处理完成率：100%,41,688503_聚和材料_2025_ESG报告:p41:b7,paragraph,possible_rate_as_count,high,high_risk_indicator,possible_rate_as_count,count-like indicator contains percent/rate expression
688709_成都华微_2025_ESG报告,s_customer_complaints,客户投诉,S,quantitative,found,1,件,- 2025年报告期内产品及服务投诉数目1件 - 客户投诉回复率100% - 客户投诉解决率100% - 2025年，客户满意度得分96.9，符合公司质量目标。,33,688709_成都华微_2025_ESG报告:p33:b12,list,possible_rate_as_count,high,high_risk_indicator,possible_rate_as_count,count-like indicator contains percent/rate expression
688818_电科蓝天_2025_ESG报告,g_board_size,董事会人数,G,quantitative,found,11,人,公司董事会成员 11 人，其中女性董事 1 人，占比 9%，独立董事 4 人，占比 36%。,9,688818_电科蓝天_2025_ESG报告:p9:b11,paragraph,possible_rate_as_count,high,high_risk_indicator,possible_rate_as_count,count-like indicator contains percent/rate expression
603373_安邦护卫_2025_ESG暨社会责任报告,s_work_injury,工伤事故,S,quantitative,found,85221,万元,2025年，公司投入85221万元用于安全生产工作，各类安全风险因素得到有效管控，未发生重大伤亡事故。,26,603373_安邦护卫_2025_ESG暨社会责任报告:p26:b22,paragraph,possible_money_as_count,high,high_risk_indicator,possible_money_as_count,count-like indicator uses money unit
000016_深康佳Ａ_2025_ESG报告,s_employee_rights,员工权益保障,S,qualitative,found,,,员工权益与福利,41,000016_深康佳Ａ_2025_ESG报告:p41:b19,table,evidence_too_short,medium,,evidence_too_short,evidence_quote is too short for reliable verification
001287_中电港_2025_ESG报告,g_independent_director_ratio,独立董事占比,G,quantitative,found,4,名,独立董事 4名,10,001287_中电港_2025_ESG报告:p10:b41,paragraph,evidence_too_short,medium,,evidence_too_short,evidence_quote is too short for reliable verification
002079_苏州固锝_2025_ESG报告,g_esg_governance,ESG 治理架构,G,boolean,found,true,,ESG治理体系,8,002079_苏州固锝_2025_ESG报告:p8:b14,paragraph,evidence_too_short,medium,,evidence_too_short,evidence_quote is too short for reliable verification
002444_巨星科技_2025_ESG报告,s_customer_complaints,客户投诉,S,quantitative,found,0,次,客户投诉 0 次。,47,002444_巨星科技_2025_ESG报告:p47:b3,table,evidence_too_short,medium,high_risk_indicator,evidence_too_short,evidence_quote is too short for reliable verification
002573_清新环境_2025_ESG报告,g_business_ethics,商业道德,G,boolean,found,true,,恪守商业道德,10,002573_清新环境_2025_ESG报告:p10:b5,paragraph,evidence_too_short,medium,,evidence_too_short,evidence_quote is too short for reliable verification
002663_普邦股份_2025_ESG报告,g_board_meetings,董事会会议次数,G,quantitative,found,9,次,召开董事会 9次,9,002663_普邦股份_2025_ESG报告:p9:b10,paragraph,evidence_too_short,medium,,evidence_too_short,evidence_quote is too short for reliable verification
002663_普邦股份_2025_ESG报告,g_shareholder_meetings,股东大会次数,G,quantitative,found,3,次,召开股东会 3次,9,002663_普邦股份_2025_ESG报告:p9:b9,paragraph,evidence_too_short,medium,,evidence_too_short,evidence_quote is too short for reliable verification
002692_远程股份_2026_ESG报告,g_business_ethics,商业道德,G,boolean,found,true,,秉持商业道德,2,002692_远程股份_2026_ESG报告:p2:b17,paragraph,evidence_too_short,medium,,evidence_too_short,evidence_quote is too short for reliable verification
002849_威星智能_2025_ESG报告,e_green_product,绿色产品与服务,E,qualitative,found,,,绿色产品认证 2,40,002849_威星智能_2025_ESG报告:p40:b1,title,evidence_too_short,medium,,evidence_too_short,evidence_quote is too short for reliable verification
01359_中国信达_2025_ESG暨社会责任报告,s_supplier,供应商管理,S,boolean,found,true,,供应商管理,25,01359_中国信达_2025_ESG暨社会责任报告:p25:b4,paragraph,evidence_too_short,medium,,evidence_too_short,evidence_quote is too short for reliable verification
300212_易华录_2025_ESG报告,g_business_ethics,商业道德,G,boolean,found,true,,商业道德 / 34,2,300212_易华录_2025_ESG报告:p2:b25,paragraph,evidence_too_short,medium,,evidence_too_short,evidence_quote is too short for reliable verification
300832_新产业_2025_ESG报告,g_board_meetings,董事会会议次数,G,quantitative,found,3,次,董事会会议3次,8,300832_新产业_2025_ESG报告:p8:b2,table,evidence_too_short,medium,,evidence_too_short,evidence_quote is too short for reliable verification
301043_绿岛风_2025_ESG报告,s_patents,专利数量,S,quantitative,found,2,项,发明专利 2,18,301043_绿岛风_2025_ESG报告:p18:b8,title,evidence_too_short,medium,high_risk_indicator,evidence_too_short,evidence_quote is too short for reliable verification
301185_鸥玛软件_2025_ESG报告,g_board_meetings,董事会会议次数,G,quantitative,found,7,次,召开董事会7次,10,301185_鸥玛软件_2025_ESG报告:p10:b0,table,evidence_too_short,medium,,evidence_too_short,evidence_quote is too short for reliable verification
301370_国科恒泰_2025_ESG报告,g_shareholder_meetings,股东大会次数,G,quantitative,found,6,次,股东会召开6次,13,301370_国科恒泰_2025_ESG报告:p13:b2,paragraph,evidence_too_short,medium,,evidence_too_short,evidence_quote is too short for reliable verification
600199_金种子酒_2025_ESG报告,s_patents,专利数量,S,quantitative,found,31,项,授权专利31项,28,600199_金种子酒_2025_ESG报告:p28:b5,table,evidence_too_short,medium,high_risk_indicator,evidence_too_short,evidence_quote is too short for reliable verification
600400_红豆股份_2025_ESG报告,g_board_meetings,董事会会议次数,G,quantitative,found,6,次,董事会会议6次,9,600400_红豆股份_2025_ESG报告:p9:b10,paragraph,evidence_too_short,medium,,evidence_too_short,evidence_quote is too short for reliable verification
600480_凌云股份_2025_ESG报告,g_tax_transparency,税务透明,G,qualitative,found,,,依法纳税,17,600480_凌云股份_2025_ESG报告:p17:b2,table,evidence_too_short,medium,,evidence_too_short,evidence_quote is too short for reliable verification
600737_中粮糖业_2025_ESG报告,g_tax_transparency,税务透明,G,qualitative,found,,,依法纳税,10,600737_中粮糖业_2025_ESG报告:p10:b17,list,evidence_too_short,medium,,evidence_too_short,evidence_quote is too short for reliable verification
600737_中粮糖业_2025_ESG报告,s_work_injury,工伤事故,S,quantitative,found,3,人,·工伤人数 3 人,45,600737_中粮糖业_2025_ESG报告:p45:b14,list,evidence_too_short,medium,high_risk_indicator,evidence_too_short,evidence_quote is too short for reliable verification
600779_水井坊_2025_ESG报告,s_supplier,供应商管理,S,boolean,found,true,,供应链管理,11,600779_水井坊_2025_ESG报告:p11:b0,table,evidence_too_short,medium,,evidence_too_short,evidence_quote is too short for reliable verification
600783_鲁信创投_2025_ESG报告,s_rural_revitalization,乡村振兴,S,qualitative,found,,,18乡村振兴,12,600783_鲁信创投_2025_ESG报告:p12:b4,table,evidence_too_short,medium,,evidence_too_short,evidence_quote is too short for reliable verification
600805_悦达投资_2025_ESG报告,e_renewable_energy,可再生能源使用量,E,quantitative,found,520,MWh,520MWh,14,600805_悦达投资_2025_ESG报告:p14:b10,paragraph,evidence_too_short,medium,,evidence_too_short,evidence_quote is too short for reliable verification
600855_航天长峰_2025_ESG报告,g_shareholder_meetings,股东大会次数,G,quantitative,found,5,次,股东会 | 次 | 5,54,600855_航天长峰_2025_ESG报告:p54:b1,table,evidence_too_short,medium,,evidence_too_short,evidence_quote is too short for reliable verification
600877_电科芯片_2025_ESG暨社会责任报告,s_employee_rights,员工权益保障,S,qualitative,found,,,保障员工权益 2,18,600877_电科芯片_2025_ESG暨社会责任报告:p18:b0,title,evidence_too_short,medium,,evidence_too_short,evidence_quote is too short for reliable verification
603257_中国瑞林_2025_ESG报告,g_business_ethics,商业道德,G,boolean,found,true,,恪守商业道德,14,603257_中国瑞林_2025_ESG报告:p14:b3,list,evidence_too_short,medium,,evidence_too_short,evidence_quote is too short for reliable verification
603329_上海雅仕_2025_ESG报告,g_board_diversity,董事会多元化,G,quantitative,found,1,人,女性董事 | 1人,21,603329_上海雅仕_2025_ESG报告:p21:b7,table,evidence_too_short,medium,high_risk_indicator,evidence_too_short,evidence_quote is too short for reliable verification
603868_飞科电器_2025_ESG报告,g_board_diversity,董事会多元化,G,quantitative,found,1,人,女性 | 1,20,603868_飞科电器_2025_ESG报告:p20:b22,table,evidence_too_short,medium,high_risk_indicator,evidence_too_short,evidence_quote is too short for reliable verification
603979_金诚信_2025_ESG报告,g_shareholder_meetings,股东大会次数,G,quantitative,found,4,次,股东会 | 4次,25,603979_金诚信_2025_ESG报告:p25:b6,table,evidence_too_short,medium,,evidence_too_short,evidence_quote is too short for reliable verification
603990_麦迪科技_2025_ESG报告,s_customer_complaints,客户投诉,S,quantitative,found,0,件,客户投诉数量0,34,603990_麦迪科技_2025_ESG报告:p34:b15,paragraph,evidence_too_short,medium,high_risk_indicator,evidence_too_short,evidence_quote is too short for reliable verification
605599_菜百股份_2025_ESG报告,g_board_meetings,董事会会议次数,G,quantitative,found,7,次,董事会召开7次,5,605599_菜百股份_2025_ESG报告:p5:b2,table,evidence_too_short,medium,,evidence_too_short,evidence_quote is too short for reliable verification
605599_菜百股份_2025_ESG报告,g_shareholder_meetings,股东大会次数,G,quantitative,found,4,次,股东会召开4次,5,605599_菜百股份_2025_ESG报告:p5:b2,table,evidence_too_short,medium,,evidence_too_short,evidence_quote is too short for reliable verification
688015_交控科技_2025_ESG暨社会责任报告,g_board_diversity,董事会多元化,G,quantitative,found,4,人,女性董事4人,9,688015_交控科技_2025_ESG暨社会责任报告:p9:b34,paragraph,evidence_too_short,medium,high_risk_indicator,evidence_too_short,evidence_quote is too short for reliable verification
688015_交控科技_2025_ESG暨社会责任报告,g_board_meetings,董事会会议次数,G,quantitative,found,5,次,召开董事会5次,9,688015_交控科技_2025_ESG暨社会责任报告:p9:b22,paragraph,evidence_too_short,medium,,evidence_too_short,evidence_quote is too short for reliable verification
688261_东微半导_2026_ESG报告,s_work_injury,工伤事故,S,quantitative,found,1,人,总工伤人数1人,39,688261_东微半导_2026_ESG报告:p39:b42,paragraph,evidence_too_short,medium,high_risk_indicator,evidence_too_short,evidence_quote is too short for reliable verification
688439_振华风光_2025_ESG报告,g_esg_governance,ESG 治理架构,G,boolean,found,true,,ESG治理架构,44,688439_振华风光_2025_ESG报告:p44:b1,table,evidence_too_short,medium,,evidence_too_short,evidence_quote is too short for reliable verification
688509_正元地信_2025_ESG报告,s_employee_rights,员工权益保障,S,qualitative,found,,,一、员工权益 2,21,688509_正元地信_2025_ESG报告:p21:b1,title,evidence_too_short,medium,,evidence_too_short,evidence_quote is too short for reliable verification
920029_开发科技_2025_ESG报告,s_employee_gender,女性员工人数或占比,S,quantitative,found,38,%,女性占比38%,53,920029_开发科技_2025_ESG报告:p53:b15,paragraph,evidence_too_short,medium,,evidence_too_short,evidence_quote is too short for reliable verification
920039_国义招标_2025_ESG报告,g_shareholder_meetings,股东大会次数,G,quantitative,found,4,次,股东会 | 次 | 4,57,920039_国义招标_2025_ESG报告:p57:b2,table,evidence_too_short,medium,,evidence_too_short,evidence_quote is too short for reliable verification
000758_中色股份_2025_ESG暨社会责任报告,g_esg_governance,ESG 治理架构,G,boolean,found,true,,ESG治理架构 2,9,000758_中色股份_2025_ESG暨社会责任报告:p9:b6,title,possible_policy_as_boolean,medium,,possible_policy_as_boolean,boolean evidence is only a short title-like phrase
002048_宁波华翔_2025_ESG报告,g_esg_governance,ESG 治理架构,G,boolean,found,true,,01 可持续发展治理,7,002048_宁波华翔_2025_ESG报告:p7:b13,image,possible_policy_as_boolean,medium,,possible_policy_as_boolean,boolean evidence is only a short title-like phrase
002079_苏州固锝_2025_ESG报告,e_environmental_penalty,环境处罚,E,boolean,found,true,,全年无环境违法事件,8,002079_苏州固锝_2025_ESG报告:p8:b39,list,possible_policy_as_boolean,medium,high_risk_indicator,possible_policy_as_boolean,boolean evidence is only a short title-like phrase
002958_青农商行_2025_可持续发展报告,g_audit_committee,审计委员会,G,boolean,found,true,,审计委员会 | 3 | 1 | 是,17,002958_青农商行_2025_可持续发展报告:p17:b2,table,possible_policy_as_boolean,medium,,possible_policy_as_boolean,boolean evidence is only a short title-like phrase
003030_祖名股份_2025_ESG报告,g_compliance_management,合规管理,G,boolean,found,true,,环境合规管理 52,2,003030_祖名股份_2025_ESG报告:p2:b10,paragraph,possible_policy_as_boolean,medium,,possible_policy_as_boolean,boolean evidence is only a short title-like phrase
003030_祖名股份_2025_ESG报告,g_esg_governance,ESG 治理架构,G,boolean,found,true,,可持续发展治理体系,5,003030_祖名股份_2025_ESG报告:p5:b3,paragraph,possible_policy_as_boolean,medium,,possible_policy_as_boolean,boolean evidence is only a short title-like phrase
300527_ST应急_2025_ESG报告,g_business_ethics,商业道德,G,boolean,found,true,,商业道德与审计监督 2,21,300527_ST应急_2025_ESG报告:p21:b0,title,possible_policy_as_boolean,medium,,possible_policy_as_boolean,boolean evidence is only a short title-like phrase
300547_川环科技_2025_ESG报告,s_human_rights,人权与劳工准则,S,boolean,found,true,,禁止童工和强迫劳动,23,300547_川环科技_2025_ESG报告:p23:b10,paragraph,possible_policy_as_boolean,medium,,possible_policy_as_boolean,boolean evidence is only a short title-like phrase
300834_星辉环材_2025_ESG报告,g_business_ethics,商业道德,G,boolean,found,true,,商业道德 | 政府监管,10,300834_星辉环材_2025_ESG报告:p10:b2,table,possible_policy_as_boolean,medium,,possible_policy_as_boolean,boolean evidence is only a short title-like phrase
300982_苏文电能_2025_ESG报告,e_environmental_penalty,环境处罚,E,boolean,found,true,,环境违规处罚事件0起,31,300982_苏文电能_2025_ESG报告:p31:b7,table,possible_policy_as_boolean,medium,high_risk_indicator,possible_policy_as_boolean,boolean evidence is only a short title-like phrase
301308_江波龙_2025_ESG报告,e_environmental_penalty,环境处罚,E,boolean,found,true,,环境违规事件数 | 件 | 0,78,301308_江波龙_2025_ESG报告:p78:b1,table,possible_policy_as_boolean,medium,high_risk_indicator,possible_policy_as_boolean,boolean evidence is only a short title-like phrase
600009_上海机场_2025_ESG报告,g_esg_governance,ESG 治理架构,G,boolean,found,true,,公司可持续发展治理架构,12,600009_上海机场_2025_ESG报告:p12:b0,title,possible_policy_as_boolean,medium,,possible_policy_as_boolean,boolean evidence is only a short title-like phrase
600456_宝钛股份_2025_ESG报告,g_audit_committee,审计委员会,G,boolean,found,true,,审计委员会召开会议9次,11,600456_宝钛股份_2025_ESG报告:p11:b16,paragraph,possible_policy_as_boolean,medium,,possible_policy_as_boolean,boolean evidence is only a short title-like phrase
600475_华光环能_2025_ESG报告,e_environmental_penalty,环境处罚,E,boolean,found,true,,环境违规事件 | 件 | 0,33,600475_华光环能_2025_ESG报告:p33:b2,table,possible_policy_as_boolean,medium,high_risk_indicator,possible_policy_as_boolean,boolean evidence is only a short title-like phrase
600525_ST长园_2025_ESG报告,g_esg_governance,ESG 治理架构,G,boolean,found,true,,ESG治理体系 2,7,600525_ST长园_2025_ESG报告:p7:b1,title,possible_policy_as_boolean,medium,,possible_policy_as_boolean,boolean evidence is only a short title-like phrase
600684_珠江股份_2025_ESG暨社会责任报告,g_business_ethics,商业道德,G,boolean,found,true,,恪守商业道德 81,2,600684_珠江股份_2025_ESG暨社会责任报告:p2:b30,paragraph,possible_policy_as_boolean,medium,,possible_policy_as_boolean,boolean evidence is only a short title-like phrase
600779_水井坊_2025_ESG报告,g_business_ethics,商业道德,G,boolean,found,true,,商业道德与诚信经营,8,600779_水井坊_2025_ESG报告:p8:b13,list,possible_policy_as_boolean,medium,,possible_policy_as_boolean,boolean evidence is only a short title-like phrase
600779_水井坊_2025_ESG报告,g_compliance_management,合规管理,G,boolean,found,true,,环境合规管理（新增）,9,600779_水井坊_2025_ESG报告:p9:b5,list,possible_policy_as_boolean,medium,,possible_policy_as_boolean,boolean evidence is only a short title-like phrase
600779_水井坊_2025_ESG报告,s_data_security,数据安全与隐私保护,S,boolean,found,true,,数据安全与客户隐私保护,8,600779_水井坊_2025_ESG报告:p8:b5,list,possible_policy_as_boolean,medium,,possible_policy_as_boolean,boolean evidence is only a short title-like phrase
600850_电科数字_2025_ESG报告,g_compliance_management,合规管理,G,boolean,found,true,,公司合规管理体系,11,600850_电科数字_2025_ESG报告:p11:b12,paragraph,possible_policy_as_boolean,medium,,possible_policy_as_boolean,boolean evidence is only a short title-like phrase
600919_江苏银行_2025_可持续发展报告,g_business_ethics,商业道德,G,boolean,found,true,,治理 | 26 | 商业道德,11,600919_江苏银行_2025_可持续发展报告:p11:b11,table,possible_policy_as_boolean,medium,,possible_policy_as_boolean,boolean evidence is only a short title-like phrase
601956_东贝集团_2025_ESG报告,g_business_ethics,商业道德,G,boolean,found,true,,遵守商业道德 36,2,601956_东贝集团_2025_ESG报告:p2:b16,paragraph,possible_policy_as_boolean,medium,,possible_policy_as_boolean,boolean evidence is only a short title-like phrase
601956_东贝集团_2025_ESG报告,g_esg_governance,ESG 治理架构,G,boolean,found,true,,可持续发展治理 2,11,601956_东贝集团_2025_ESG报告:p11:b1,title,possible_policy_as_boolean,medium,,possible_policy_as_boolean,boolean evidence is only a short title-like phrase
601975_招商南油_2025_ESG报告,g_esg_governance,ESG 治理架构,G,boolean,found,true,,可持续发展治理架构 12,2,601975_招商南油_2025_ESG报告:p2:b11,paragraph,possible_policy_as_boolean,medium,,possible_policy_as_boolean,boolean evidence is only a short title-like phrase
603082_北自科技_2025_ESG报告,s_data_security,数据安全与隐私保护,S,boolean,found,true,,信息安全与隐私保护,15,603082_北自科技_2025_ESG报告:p15:b2,table,possible_policy_as_boolean,medium,,possible_policy_as_boolean,boolean evidence is only a short title-like phrase
603329_上海雅仕_2025_ESG报告,g_audit_committee,审计委员会,G,boolean,found,true,,审计委员会 | 次 | 9,22,603329_上海雅仕_2025_ESG报告:p22:b0,table,possible_policy_as_boolean,medium,,possible_policy_as_boolean,boolean evidence is only a short title-like phrase
603329_上海雅仕_2025_ESG报告,g_esg_governance,ESG 治理架构,G,boolean,found,true,,ESG治理架构 2,5,603329_上海雅仕_2025_ESG报告:p5:b15,title,possible_policy_as_boolean,medium,,possible_policy_as_boolean,boolean evidence is only a short title-like phrase
605488_福莱新材_2025_ESG报告,e_biodiversity,生物多样性保护,E,boolean,found,true,,·生物多样性保护 47,2,605488_福莱新材_2025_ESG报告:p2:b18,list,possible_policy_as_boolean,medium,,possible_policy_as_boolean,boolean evidence is only a short title-like phrase
688128_中国电研_2025_ESG报告,g_business_ethics,商业道德,G,boolean,found,true,,恪守商业道德 97,2,688128_中国电研_2025_ESG报告:p2:b20,paragraph,possible_policy_as_boolean,medium,,possible_policy_as_boolean,boolean evidence is only a short title-like phrase
688128_中国电研_2025_ESG报告,g_esg_governance,ESG 治理架构,G,boolean,found,true,,可持续发展治理架构 2,7,688128_中国电研_2025_ESG报告:p7:b6,title,possible_policy_as_boolean,medium,,possible_policy_as_boolean,boolean evidence is only a short title-like phrase
688400_凌云光_2025_ESG报告,s_data_security,数据安全与隐私保护,S,boolean,found,true,,数据安全与客户隐私保护,13,688400_凌云光_2025_ESG报告:p13:b15,paragraph,possible_policy_as_boolean,medium,,possible_policy_as_boolean,boolean evidence is only a short title-like phrase
920039_国义招标_2025_ESG报告,g_esg_governance,ESG 治理架构,G,boolean,found,true,,可持续发展治理架构 2,9,920039_国义招标_2025_ESG报告:p9:b10,title,possible_policy_as_boolean,medium,,possible_policy_as_boolean,boolean evidence is only a short title-like phrase
920299_灿能电力_2025_可持续发展报告,e_environmental_penalty,环境处罚,E,boolean,found,true,,环保处罚事件 | 起 | | 0,38,920299_灿能电力_2025_可持续发展报告:p38:b11,table,possible_policy_as_boolean,medium,high_risk_indicator,possible_policy_as_boolean,boolean evidence is only a short title-like phrase
000403_派林生物_2025_ESG报告,s_work_injury,工伤事故,S,quantitative,found,0,起,公司连续六年实现员工零工伤死亡事故，未发生任何重大违反职业健康安全法律法规的事件，亦未收到相关监管处罚。,31,000403_派林生物_2025_ESG报告:p31:b21,paragraph,possible_zero_event,low,high_risk_indicator,possible_zero_event,zero-event normalization needs source evidence review
000537_绿发电力_2025_ESG报告,s_work_injury,工伤事故,S,quantitative,found,0,人,工伤/亡人数 | 人 | 0 | → | 0,28,000537_绿发电力_2025_ESG报告:p28:b24,table,possible_zero_event,low,high_risk_indicator,possible_zero_event,zero-event normalization needs source evidence review
000557_西部创业_2025_可持续发展报告,e_nonhazardous_waste,一般废弃物产生量,E,quantitative,found,0,吨,产生的无害废弃物总量 | 吨 | - | 0,50,000557_西部创业_2025_可持续发展报告:p50:b2,table,possible_zero_event,low,high_risk_indicator,possible_zero_event,zero-event normalization needs source evidence review
000598_兴蓉环境_2025_ESG报告,s_work_injury,工伤事故,S,quantitative,found,0,起,报告期内，公司未发生工伤事故。,26,000598_兴蓉环境_2025_ESG报告:p26:b5,paragraph,possible_zero_event,low,high_risk_indicator,possible_zero_event,zero-event normalization needs source evidence review
000628_高新发展_2025_ESG报告,e_particulate,颗粒物排放量,E,quantitative,found,0,立方米,颗粒物(PM)排放量 | 立方米 | 0,60,000628_高新发展_2025_ESG报告:p60:b2,table,possible_zero_event,low,,possible_zero_event,zero-event normalization needs source evidence review
000758_中色股份_2025_ESG暨社会责任报告,s_customer_complaints,客户投诉,S,quantitative,found,0,件,客户投诉数量 | 件 | 0 | 0 | 0,51,000758_中色股份_2025_ESG暨社会责任报告:p51:b1,table,possible_zero_event,low,high_risk_indicator,possible_zero_event,zero-event normalization needs source evidence review
000777_中核科技_2025_ESG暨社会责任报告,s_safety,安全生产,S,qualitative,found,0,起,安全生产事故数 | 起 | 0,53,000777_中核科技_2025_ESG暨社会责任报告:p53:b1,table,possible_zero_event,low,,possible_zero_event,zero-event normalization needs source evidence review
000881_中广核技_2025_ESG报告,s_work_injury,工伤事故,S,quantitative,found,0,人,因工伤关系而死亡的员工人数 | 人 | 0 | 0 | 0,48,000881_中广核技_2025_ESG报告:p48:b3,table,possible_zero_event,low,high_risk_indicator,possible_zero_event,zero-event normalization needs source evidence review
000968_蓝焰控股_2025_ESG报告,s_customer_complaints,客户投诉,S,quantitative,found,0,起,接获关于产品/服务的投诉数量 | 起 | 0,44,000968_蓝焰控股_2025_ESG报告:p44:b1,table,possible_zero_event,low,high_risk_indicator,possible_zero_event,zero-event normalization needs source evidence review
000968_蓝焰控股_2025_ESG报告,s_work_injury,工伤事故,S,quantitative,found,0,人,工伤人数0人 | 工伤事故发生数0起 | 工伤事故死亡率0%,32,000968_蓝焰控股_2025_ESG报告:p32:b9,table,possible_zero_event,low,high_risk_indicator,possible_zero_event,zero-event normalization needs source evidence review
000998_隆平高科_2025_ESG报告,s_work_injury,工伤事故,S,quantitative,found,0,天,2025年 因工伤损失的工作日数 | 天 | 0,94,000998_隆平高科_2025_ESG报告:p94:b0,table,possible_zero_event,low,high_risk_indicator,possible_zero_event,zero-event normalization needs source evidence review
002011_盾安环境_2025_ESG报告,s_customer_complaints,客户投诉,S,quantitative,found,0,次,客户投诉数量 | 次 | 0 | 0 | 0,30,002011_盾安环境_2025_ESG报告:p30:b9,table,possible_zero_event,low,high_risk_indicator,possible_zero_event,zero-event normalization needs source evidence review
002035_华帝股份_2025_ESG报告,e_air_pollutants,大气污染物排放,E,quantitative,found,0,排放量,2025 年，公司实现 0 排放大气污染物二氧化硫。,30,002035_华帝股份_2025_ESG报告:p30:b32,list,possible_zero_event,low,high_risk_indicator,possible_zero_event,zero-event normalization needs source evidence review
002035_华帝股份_2025_ESG报告,g_board_diversity,董事会多元化,G,quantitative,found,0,人,女性董事人数 | 人 | 0 | 1 | 1,47,002035_华帝股份_2025_ESG报告:p47:b1,table,possible_zero_event,low,high_risk_indicator,possible_zero_event,zero-event normalization needs source evidence review
002444_巨星科技_2025_ESG报告,e_nox,氮氧化物排放量,E,quantitative,found,0,千克,氮氧化物( $NO_x$ )排放量 | 千克 | 0,46,002444_巨星科技_2025_ESG报告:p46:b4,table,possible_zero_event,low,,possible_zero_event,zero-event normalization needs source evidence review
002568_百润股份_2025_ESG报告,s_work_injury,工伤事故,S,quantitative,found,0,人,总工伤人数 | 人 | 0,45,002568_百润股份_2025_ESG报告:p45:b1,table,possible_zero_event,low,high_risk_indicator,possible_zero_event,zero-event normalization needs source evidence review
300035_中科电气_2025_ESG报告,s_customer_complaints,客户投诉,S,quantitative,found,0,起,有害物质客户投诉事件 | 起 | 0 | 0 | 0,64,300035_中科电气_2025_ESG报告:p64:b0,table,possible_zero_event,low,high_risk_indicator,possible_zero_event,zero-event normalization needs source evidence review
300068_ST南都_2025_ESG报告,e_voc,挥发性有机物排放量,E,quantitative,found,0.00,吨,挥发性有机物 | 吨 | 0.00 | 0.00 | 0.00,41,300068_ST南都_2025_ESG报告:p41:b1,table,possible_zero_event,low,high_risk_indicator,possible_zero_event,zero-event normalization needs source evidence review
300212_易华录_2025_ESG报告,s_work_injury,工伤事故,S,quantitative,found,0,起,报告期内，公司未发生安全生产事故及员工伤亡事件。,41,300212_易华录_2025_ESG报告:p41:b24,paragraph,possible_zero_event,low,high_risk_indicator,possible_zero_event,zero-event normalization needs source evidence review
300597_吉大通信_2025_ESG报告,s_customer_complaints,客户投诉,S,quantitative,found,0,件,报告期内，公司未收到客户投诉。,57,300597_吉大通信_2025_ESG报告:p57:b32,paragraph,possible_zero_event,low,high_risk_indicator,possible_zero_event,zero-event normalization needs source evidence review
300832_新产业_2025_ESG报告,s_customer_complaints,客户投诉,S,quantitative,found,0,次,收到的与侵犯客户隐私有关的经证实的投诉总数0 | 因违反规定而受到罚款或处罚的事件0 | 产品召回数量0,5,300832_新产业_2025_ESG报告:p5:b29,table,possible_zero_event,low,high_risk_indicator,possible_zero_event,zero-event normalization needs source evidence review
300832_新产业_2025_ESG报告,s_work_injury,工伤事故,S,quantitative,found,0,人,工伤事故：死亡事故为0；重伤事故为0,28,300832_新产业_2025_ESG报告:p28:b23,list,possible_zero_event,low,high_risk_indicator,possible_zero_event,zero-event normalization needs source evidence review
300949_奥雅股份_2025_ESG报告,s_work_injury,工伤事故,S,quantitative,found,0,起,2025年度工伤 0,25,300949_奥雅股份_2025_ESG报告:p25:b14,paragraph,possible_zero_event,low,high_risk_indicator,possible_zero_event,zero-event normalization needs source evidence review
301185_鸥玛软件_2025_ESG报告,e_ghg_scope1,直接温室气体排放量,E,quantitative,found,0,吨CO_2,直接温室气体排放量(范围1) | $吨CO_2$ | 0,48,301185_鸥玛软件_2025_ESG报告:p48:b2,table,possible_zero_event,low,high_risk_indicator,possible_zero_event,zero-event normalization needs source evidence review
301185_鸥玛软件_2025_ESG报告,s_customer_complaints,客户投诉,S,quantitative,found,0,起,客户投诉量为0起,10,301185_鸥玛软件_2025_ESG报告:p10:b1,table,possible_zero_event,low,high_risk_indicator,possible_zero_event,zero-event normalization needs source evidence review
301308_江波龙_2025_ESG报告,s_work_injury,工伤事故,S,quantitative,found,0,件,2025年，江波龙发生工亡事故数量0件，无重大工伤事故,60,301308_江波龙_2025_ESG报告:p60:b1,paragraph,possible_zero_event,low,high_risk_indicator,possible_zero_event,zero-event normalization needs source evidence review
301522_上大股份_2025_ESG报告,e_voc,挥发性有机物排放量,E,quantitative,found,0,吨,挥发性有机化合物 (VOCs) 排放量 | 吨 | 0 | 0 | 0,45,301522_上大股份_2025_ESG报告:p45:b2,table,possible_zero_event,low,high_risk_indicator,possible_zero_event,zero-event normalization needs source evidence review
600009_上海机场_2025_ESG报告,e_voc,挥发性有机物排放量,E,quantitative,found,0,吨,硫氧化物（SO.）、挥发性有机物（VOCs）0吨,23,600009_上海机场_2025_ESG报告:p23:b21,paragraph,possible_zero_event,low,high_risk_indicator,possible_zero_event,zero-event normalization needs source evidence review
600025_华能水电_2025_ESG报告,s_work_injury,工伤事故,S,quantitative,found,0,人,员工伤亡人数 | 人 | 0 | 0 | 0,35,600025_华能水电_2025_ESG报告:p35:b2,table,possible_zero_event,low,high_risk_indicator,possible_zero_event,zero-event normalization needs source evidence review
600199_金种子酒_2025_ESG报告,s_work_injury,工伤事故,S,quantitative,found,0,起,工伤事故数 | 起 | 0 | 0,41,600199_金种子酒_2025_ESG报告:p41:b2,table,possible_zero_event,low,high_risk_indicator,possible_zero_event,zero-event normalization needs source evidence review
600259_中稀有色_2025_ESG报告,s_customer_complaints,客户投诉,S,quantitative,found,0,次,客户投诉数量 | 次 | 0,39,600259_中稀有色_2025_ESG报告:p39:b4,table,possible_zero_event,low,high_risk_indicator,possible_zero_event,zero-event normalization needs source evidence review
600278_东方创业_2025_ESG报告,s_customer_complaints,客户投诉,S,quantitative,found,0,项,客户投诉量 | 项 | 0,37,600278_东方创业_2025_ESG报告:p37:b0,table,possible_zero_event,low,high_risk_indicator,possible_zero_event,zero-event normalization needs source evidence review
600331_宏达股份_2025_ESG报告,e_voc,挥发性有机物排放量,E,quantitative,found,0,吨,挥发性有机化合物(VOCs) | 吨 | 0,16,600331_宏达股份_2025_ESG报告:p16:b22,table,possible_zero_event,low,high_risk_indicator,possible_zero_event,zero-event normalization needs source evidence review
600475_华光环能_2025_ESG报告,s_work_injury,工伤事故,S,quantitative,found,0,人,工伤人数 | 人 | 0,56,600475_华光环能_2025_ESG报告:p56:b19,table,possible_zero_event,low,high_risk_indicator,possible_zero_event,zero-event normalization needs source evidence review
600713_南京医药_2025_ESG报告,s_work_injury,工伤事故,S,quantitative,found,0,人,工伤/亡人数 | 人 | 0 | 0 | 0,37,600713_南京医药_2025_ESG报告:p37:b4,table,possible_zero_event,low,high_risk_indicator,possible_zero_event,zero-event normalization needs source evidence review
600783_鲁信创投_2025_ESG报告,s_customer_complaints,客户投诉,S,quantitative,found,0,件,报告期内公司未收到客户投诉事件,38,600783_鲁信创投_2025_ESG报告:p38:b21,paragraph,possible_zero_event,low,high_risk_indicator,possible_zero_event,zero-event normalization needs source evidence review
600855_航天长峰_2025_ESG报告,s_work_injury,工伤事故,S,quantitative,found,0,人,工伤人数 | 人 | 0,51,600855_航天长峰_2025_ESG报告:p51:b1,table,possible_zero_event,low,high_risk_indicator,possible_zero_event,zero-event normalization needs source evidence review
601118_海南橡胶_2025_ESG报告,g_board_diversity,董事会多元化,G,quantitative,found,0,人,女性 | 人 | 0 | 0,55,601118_海南橡胶_2025_ESG报告:p55:b1,table,possible_zero_event,low,high_risk_indicator,possible_zero_event,zero-event normalization needs source evidence review
603013_亚普股份_2025_ESG报告,s_work_injury,工伤事故,S,quantitative,found,0,起,报告期内 | 安全生产事故数0起,52,603013_亚普股份_2025_ESG报告:p52:b14,table,possible_zero_event,low,high_risk_indicator,possible_zero_event,zero-event normalization needs source evidence review
603082_北自科技_2025_ESG报告,s_customer_complaints,客户投诉,S,quantitative,found,0,件,客户投诉数量0件,50,603082_北自科技_2025_ESG报告:p50:b23,paragraph,possible_zero_event,low,high_risk_indicator,possible_zero_event,zero-event normalization needs source evidence review
603272_ST联翔_2025_ESG暨社会责任报告,s_work_injury,工伤事故,S,quantitative,found,0,人,因工伤关系而死亡的员工人数 | 人 | 0 | 0 | 0,35,603272_ST联翔_2025_ESG暨社会责任报告:p35:b0,table,possible_zero_event,low,high_risk_indicator,possible_zero_event,zero-event normalization needs source evidence review
603333_尚纬股份_2025_ESG报告,s_customer_complaints,客户投诉,S,quantitative,found,0,次,电缆质量不合格引起的客户投诉或退货次数 | 次 | 0 | 0(达成),33,603333_尚纬股份_2025_ESG报告:p33:b2,table,possible_zero_event,low,high_risk_indicator,possible_zero_event,zero-event normalization needs source evidence review
603399_永杉锂业_2025_可持续发展报告,s_work_injury,工伤事故,S,quantitative,found,0,件,重大工伤事故数 | 件 | 0,50,603399_永杉锂业_2025_可持续发展报告:p50:b16,table,possible_zero_event,low,high_risk_indicator,possible_zero_event,zero-event normalization needs source evidence review
603660_苏州科达_2025_ESG报告,g_board_diversity,董事会多元化,G,quantitative,found,0,人,女性董事 | 人 | 0 | 0,31,603660_苏州科达_2025_ESG报告:p31:b4,table,possible_zero_event,low,high_risk_indicator,possible_zero_event,zero-event normalization needs source evidence review
603808_歌力思_2025_ESG报告,s_work_injury,工伤事故,S,quantitative,found,0,人,工伤人数 | 人 | 0 | 0 | 0,51,603808_歌力思_2025_ESG报告:p51:b2,table,possible_zero_event,low,high_risk_indicator,possible_zero_event,zero-event normalization needs source evidence review
603918_金桥信息_2025_ESG报告,s_work_injury,工伤事故,S,quantitative,found,0,起/年,重大工伤事故发生率为0、员工作业轻伤率为0,31,603918_金桥信息_2025_ESG报告:p31:b21,table,possible_zero_event,low,high_risk_indicator,possible_zero_event,zero-event normalization needs source evidence review
605199_ST葫芦娃_2025_ESG报告,s_work_injury,工伤事故,S,quantitative,found,0,人,因工伤关系而死亡的员工人数 | 人 | 0 | 0 | 0,45,605199_ST葫芦娃_2025_ESG报告:p45:b6,table,possible_zero_event,low,high_risk_indicator,possible_zero_event,zero-event normalization needs source evidence review
688051_佳华科技_2025_ESG报告,s_work_injury,工伤事故,S,quantitative,found,0,起,全年无应急事故、工伤事故，无重伤和死亡事故,36,688051_佳华科技_2025_ESG报告:p36:b6,paragraph,possible_zero_event,low,high_risk_indicator,possible_zero_event,zero-event normalization needs source evidence review
688409_富创精密_2025_ESG报告,s_work_injury,工伤事故,S,quantitative,found,0,起,工伤事件总数 | 起 | 0 | 5,54,688409_富创精密_2025_ESG报告:p54:b3,table,possible_zero_event,low,high_risk_indicator,possible_zero_event,zero-event normalization needs source evidence review
688439_振华风光_2025_ESG报告,s_customer_complaints,客户投诉,S,quantitative,found,0,件,投诉数量 | 件 | 0,42,688439_振华风光_2025_ESG报告:p42:b1,table,possible_zero_event,low,high_risk_indicator,possible_zero_event,zero-event normalization needs source evidence review
688515_裕太微_2025_ESG报告,s_work_injury,工伤事故,S,quantitative,found,0,人,工伤人数 | 人 | 0 | 0,54,688515_裕太微_2025_ESG报告:p54:b1,table,possible_zero_event,low,high_risk_indicator,possible_zero_event,zero-event normalization needs source evidence review
688618_三旺通信_2025_ESG报告,s_occupational_health,职业健康,S,qualitative,found,0,起,安全生产事故数 | 起 | 0,46,688618_三旺通信_2025_ESG报告:p46:b1,table,possible_zero_event,low,,possible_zero_event,zero-event normalization needs source evidence review
688618_三旺通信_2025_ESG报告,s_work_injury,工伤事故,S,quantitative,found,0,人,总工伤人数 | 人 | 0,46,688618_三旺通信_2025_ESG报告:p46:b1,table,possible_zero_event,low,high_risk_indicator,possible_zero_event,zero-event normalization needs source evidence review
920039_国义招标_2025_ESG报告,s_customer_complaints,客户投诉,S,quantitative,found,0,件,客户投诉事件 | 件 | 0,58,920039_国义招标_2025_ESG报告:p58:b2,table,possible_zero_event,low,high_risk_indicator,possible_zero_event,zero-event normalization needs source evidence review
920299_灿能电力_2025_可持续发展报告,s_customer_complaints,客户投诉,S,quantitative,found,0,次,客户投诉次数 | 次 | 0,52,920299_灿能电力_2025_可持续发展报告:p52:b3,table,possible_zero_event,low,high_risk_indicator,possible_zero_event,zero-event normalization needs source evidence review
920665_科强股份_2025_ESG报告,e_hazardous_waste,危险废弃物产生量,E,quantitative,found,0,吨,有害废弃物排放0吨,32,920665_科强股份_2025_ESG报告:p32:b8,paragraph,possible_zero_event,low,high_risk_indicator,possible_zero_event,zero-event normalization needs source evidence review
