id,stock_code,company,title,status,error
1225385219,300529,健帆生物,健帆生物：2025年度环境、社会和公司治理（ESG）报告（英文版）,skipped_english,
1225381049,601018,宁波港,宁波港：宁波舟山港股份有限公司2025年度环境、社会和公司治理（ESG）报告（英文版）,skipped_english,
1225378631,09988,阿里巴巴-W,阿里巴巴-W：2026 阿里巴巴环境、社会和治理（ESG）报告,downloaded,
1225374513,000651,格力电器,格力电器：2025年度环境、社会和公司治理（ESG）报告（英文版）,skipped_english,
1225366961,600963,岳阳林纸,岳阳林纸：岳阳林纸股份有限公司2025年度环境、社会和公司治理（ESG）报告,downloaded,
1225366967,600963,岳阳林纸,岳阳林纸：岳阳林纸股份有限公司2025年度环境、社会和公司治理（ESG）报告摘要,skipped_summary,
1225355845,300376,易事特,易事特：2025年度可持续发展暨ESG报告,downloaded,
1225352039,603568,伟明环保,伟明环保：伟明环保2025年度环境、社会及公司治理（ESG）报告（英文版）,skipped_english,
1225352292,002384,东山精密,东山精密：2025年环境、社会和公司治理（ESG）报告（英文版）,skipped_english,
1225349066,002180,奔图科技,奔图科技：2025年环境、社会及治理（ESG）报告（英文版）,skipped_english,
1225347036,301599,理奇智能,理奇智能：2025年度环境、社会和公司治理（ESG）报告,downloaded,
1225345199,603301,振德医疗,振德医疗：振德医疗2025年度可持续发展报告暨ESG（环境、社会及治理）报告（英文版）,skipped_english,
1225342976,02402,亿华通,亿华通：2025年环境、社会与管治 (ESG) 报告,downloaded,
1225338400,603801,志邦家居,志邦家居：2025年度环境、社会和公司治理（ESG）报告（英文版）,skipped_english,
1225334736,688349,三一重能,三一重能：三一重能2025年度环境、社会及治理（ESG）报告（英文版）,skipped_english,
1225333259,688219,会通股份,会通股份：会通新材料股份有限公司2025年环境、社会与公司治理（ESG）报告（英文版）,skipped_english,
1225332205,01847,云南建投混凝土,云南建投混凝土：(1)2025年度董事会工作报告(2)2025年度财务报表(3)2025年度报告(4)2025年度环境、社会及管治(ESG)报告(5)2025年度财务决算方案(6)2025年度利润分配方案(7)2026年度财务预算方案(8)续聘2026年度审计师(9)发行股份的一般授权(10)发行债务性融资工具的一般授...,downloaded,
1225324761,000858,五 粮 液,五 粮 液：2025年度环境、社会及公司治理（ESG）报告（英文版）,skipped_english,
1225321622,000045,深纺织Ａ,深纺织Ａ：2025年环境、社会和公司治理（ESG）报告,downloaded,
1225318694,603983,丸美生物,丸美生物：广东丸美生物技术股份有限公司2025年度环境、社会与公司治理（ESG）报告（英文版）,skipped_english,
1225313826,603194,中力股份,中力股份：2025年度环境、社会和公司治理（ESG）报告（英文版）,skipped_english,
1225308804,603899,晨光股份,晨光股份：上海晨光文具股份有限公司2025年环境、社会和公司治理（ESG）报告（英文版）,skipped_english,
1225308498,600361,创新新材,创新新材：创新新材2025年环境、社会和公司治理（ESG）报告（英文版）,skipped_english,
1225310674,001324,长青科技,长青科技：2025长青科技ESG报告(英文版）,skipped_english,
1225305676,688601,力芯微,力芯微：2025年环境、社会和公司治理（ESG）报告（英文版）,skipped_english,
1225306167,00588,北京北辰实业股份,北京北辰实业股份：2025年可持续发展暨ESG报告,downloaded,
1225301997,603298,杭叉集团,杭叉集团：杭叉集团股份有限公司2025年度环境、社会及公司治理（ESG）报告（英文版）,skipped_english,
1225286231,301158,德石股份,德石股份：2025年度环境、社会和公司治理（ESG）报告（英文版）,skipped_english,
1225273768,002139,拓邦股份,拓邦股份：2025年度ESG报告（英文版）,skipped_english,
1225275566,06810,商米科技-Ｗ,商米科技-Ｗ：2025环境、社会及管治(ESG)报告,downloaded,
1225275273,01950,帝王实业控股,帝王实业控股：环境、社会及管治（ESG）报告,downloaded,
1225273113,000858,五 粮 液,五 粮 液：2025年度环境、社会及公司治理（ESG）报告,skipped_duplicate_normalized_filename,
1225270534,01216,中原银行,中原银行：2025环境、社会及管治（ESG）报告,downloaded,
1225253683,002886,沃特股份,沃特股份：2025年环境、社会及公司治理（ESG）报告（中文）,downloaded,
1225254331,600075,新疆天业,新疆天业：新疆天业股份有限公司2025年度环境、社会与治理（ESG）报告,downloaded,
1225254867,600713,南京医药,南京医药：南京医药2025年度环境、社会和公司治理（ESG）报告,downloaded,
1225254462,000158,常山北明,常山北明：2025年环境、社会和公司治理（ESG）报告,downloaded,
1225254269,601500,通用股份,通用股份：江苏通用科技股份有限公司2025年度环境、社会和公司治理（ESG）报告,downloaded,
1225254774,688557,兰剑智能,兰剑智能：兰剑智能科技股份有限公司2025年度环境、社会和公司治理（ESG）报告,downloaded,
1225257940,600406,国电南瑞,国电南瑞：国电南瑞2025年环境、社会及公司治理（ESG）报告,downloaded,
1225257216,688709,成都华微,成都华微：成都华微电子科技股份有限公司2025年度环境、社会和公司治理（ESG）报告,downloaded,
1225257230,600281,华阳新材,华阳新材：山西华阳新材料股份有限公司2025年环境、社会及公司治理（ESG）报告,downloaded,
1225257098,600004,白云机场,白云机场：广州白云国际机场股份有限公司2025年度环境、社会及治理（ESG）报告,downloaded,
1225258024,600406,国电南瑞,国电南瑞：国电南瑞2025年环境、社会及公司治理（ESG）报告摘要,skipped_summary,
1225258407,688567,孚能科技,孚能科技：孚能科技2025年度环境、社会和公司治理（ESG）报告摘要,skipped_summary,
1225258451,688567,孚能科技,孚能科技：孚能科技2025年度环境、社会和公司治理（ESG）报告（英文版）,skipped_english,
1225259421,600805,悦达投资,悦达投资：悦达投资2025年度环境、社会及治理(ESG)报告摘要,skipped_summary,
1225260742,688007,光峰科技,光峰科技：2025年度环境、社会与治理（ESG）报告摘要,skipped_summary,
1225256511,002692,远程股份,远程股份：远程电缆股份有限公司环境、社会与公司治理（ESG）报告,downloaded,
1225261089,600150,中国船舶,中国船舶：中国船舶工业股份有限公司2025年可持续发展报告暨ESG报告,downloaded,
1225262037,600783,鲁信创投,鲁信创投：鲁信创投2025年度环境、社会和公司治理（ESG）报告,downloaded,
1225261507,603808,歌力思,歌力思：2025年度环境、社会和公司治理（ESG）报告摘要,skipped_summary,
1225263221,603759,海天股份,海天股份：海天股份：2025年度环境、社会及公司治理（ESG）报告,downloaded,
1225262515,600072,中船科技,中船科技：中船科技股份有限公司2025年度环境、社会及公司治理（ESG）报告摘要,skipped_summary,
1225264194,600009,上海机场,上海机场：上海机场2025年度ESG报告摘要,skipped_summary,
1225263769,600322,津投城开,津投城开：津投城开2025年ESG报告,downloaded,
1225264297,600009,上海机场,上海机场：上海机场2025年度ESG报告,downloaded,
1225266018,688032,禾迈股份,禾迈股份：2025年度可持续发展(ESG)报告摘要,skipped_summary,
1225266451,601187,厦门银行,厦门银行：厦门银行股份有限公司2025年度可持续发展（ESG）报告摘要,skipped_summary,
1225266080,002883,中设股份,中设股份：江苏中设集团股份有限公司2025年度环境、社会与公司治理（ESG）报告,downloaded,
1225258384,600331,宏达股份,宏达股份：2025年度环境、社会和公司治理(ESG)报告摘要,skipped_summary,
1225264985,603690,至纯科技,至纯科技：2025年环境、社会和公司治理（ESG）报告,downloaded,
1225258825,002663,普邦股份,普邦股份：2025年度环境、社会和公司治理（ESG）报告,downloaded,
1225259950,688348,昱能科技,昱能科技：2025年度环境、社会和公司治理（ESG）报告,downloaded,
1225259553,600779,水井坊,水井坊：水井坊2025年度环境、社会、公司治理（ESG）报告摘要,skipped_summary,
1225264144,688711,宏微科技,宏微科技：江苏宏微科技股份有限公司2025年度环境、社会和公司治理（ESG）报告--中文,downloaded,
1225253684,002886,沃特股份,沃特股份：2025年环境、社会及公司治理（ESG）报告（英文）,skipped_duplicate_normalized_filename,
1225257118,600004,白云机场,白云机场：广州白云国际机场股份有限公司2025年度环境、社会及治理（ESG）报告,skipped_duplicate_normalized_filename,
1225257304,601360,三六零,三六零：三六零安全科技股份有限公司2025年度环境、社会和公司治理（ESG）报告（中文版）,downloaded,
1225260872,002490,山东墨龙,山东墨龙：2025年度环境、社会和公司治理（ESG）报告,downloaded,
1225262792,600436,片仔癀,片仔癀：漳州片仔癀药业股份有限公司2025年度环境、社会和公司治理（ESG）报告摘要,skipped_summary,
1225268204,688559,海目星,海目星：海目星：2025年环境、社会及公司治理（ESG）报告摘要,skipped_summary,
1225268117,600396,华电辽能,华电辽能：2025年度环境、社会和公司治理（ESG）报告,downloaded,
1225256842,688408,中信博,中信博：中信博2025年度环境、社会与公司治理（ESG）报告,downloaded,
1225256021,600084,*ST尼雅,*ST尼雅：中信尼雅葡萄酒股份有限公司2025年度环境、社会和公司治理（ESG）报告摘要,skipped_summary,
1225262010,600783,鲁信创投,鲁信创投：鲁信创投2025年可持续发展(ESG)报告摘要,skipped_summary,
1225262423,600072,中船科技,中船科技：中船科技股份有限公司2025年度环境、社会及公司治理（ESG）报告,downloaded,
1225254409,603232,格尔软件,格尔软件：格尔软件股份有限公司2025年度环境、社会及公司治理（ESG）报告（英文版）,skipped_english,
1225254531,600075,新疆天业,新疆天业：新疆天业股份有限公司2025年度环境、社会与治理（ESG）报告摘要,skipped_summary,
1225254451,002999,天禾股份,天禾股份：2025年度环境、社会和公司治理（ESG）报告,downloaded,
1225260359,600587,新华医疗,新华医疗：新华医疗2025年环境、社会和公司治理（ESG）报告,downloaded,
1225254315,603232,格尔软件,格尔软件：格尔软件股份有限公司2025年度环境、社会及公司治理（ESG）报告（中文版）,skipped_duplicate_normalized_filename,
1225254327,603232,格尔软件,格尔软件：格尔软件股份有限公司2025年度环境、社会及公司治理（ESG）报告摘要,skipped_summary,
1225254441,601500,通用股份,通用股份：江苏通用科技股份有限公司2025年度环境、社会和公司治理（ESG）报告摘要,skipped_summary,
1225254509,601298,青岛港,青岛港：青岛港国际股份有限公司2025年度环境、社会及管治（ESG）报告,downloaded,
1225253797,000811,冰轮环境,冰轮环境：冰轮环境2025年环境、社会和公司治理（ESG）报告,downloaded,
1225255970,605399,晨光新材,晨光新材：江西晨光新材料股份有限公司2025年度环境、社会及治理（ESG）报告摘要,skipped_summary,
1225256169,603260,合盛硅业,合盛硅业：合盛硅业2025年度可持续发展报告（ESG报告）,downloaded,
1225256705,600651,飞乐音响,飞乐音响：飞乐音响2025年度可持续发展（ESG）报告,downloaded,
1225261474,603368,柳药集团,柳药集团：广西柳药集团股份有限公司2025年度环境、社会及治理(ESG)报告,downloaded,
1225261536,688223,晶科能源,晶科能源：晶科能源2025年环境、社会与公司治理(ESG)报告摘要,skipped_summary,
1225268078,600396,华电辽能,华电辽能：2025年度环境、社会和公司治理（ESG）报告摘要,skipped_summary,
1225266838,603128,华贸物流,华贸物流：港中旅华贸国际物流股份有限公司2025年环境、社会及治理（ESG）报告,downloaded,
1225258198,688618,三旺通信,三旺通信：深圳市三旺通信股份有限公司2025年环境、社会和公司治理（ESG）报告,downloaded,
1225257631,600004,白云机场,白云机场：广州白云国际机场股份有限公司2025年度环境、社会及治理（ESG）报告摘要,skipped_summary,
1225257480,688709,成都华微,成都华微：成都华微电子科技股份有限公司2025年度环境、社会和公司治理（ESG）报告摘要,skipped_summary,
1225258023,600850,电科数字,电科数字：中电科数字技术股份有限公司2025年环境、社会和公司治理（ESG）报告摘要,skipped_summary,
1225264517,603717,天域生物,天域生物：2025年度环境、社会及公司治理（ESG）报告摘要,skipped_summary,
1225264187,600328,中盐化工,中盐化工：中盐化工2025年度环境、社会及治理(ESG)报告摘要,skipped_summary,
1225266710,688439,振华风光,振华风光：贵州振华风光半导体股份有限公司2025年度环境、社会及公司治理（ESG）报告,downloaded,
1225266418,601187,厦门银行,厦门银行：厦门银行股份有限公司2025年度可持续发展（ESG）报告,downloaded,
1225256236,600084,*ST尼雅,*ST尼雅：中信尼雅葡萄酒股份有限公司2025年度环境、社会和公司治理（ESG）报告,downloaded,
1225255773,605399,晨光新材,晨光新材：江西晨光新材料股份有限公司2025年度环境、社会及治理（ESG）报告,downloaded,
1225259947,688348,昱能科技,昱能科技：2025年度环境、社会和公司治理（ESG）报告-英文版,skipped_duplicate_normalized_filename,
1225259955,603333,尚纬股份,尚纬股份：尚纬股份有限公司2025年度环境、社会及公司治理（ESG）报告,downloaded,
1225260012,688348,昱能科技,昱能科技：2025年度环境、社会和公司治理（ESG）报告摘要,skipped_summary,
1225265373,688484,南芯科技,南芯科技：2025年度环境、社会和公司治理（ESG）报告摘要,skipped_summary,
1225264984,688409,富创精密,富创精密：2025年度环境、社会和公司治理（ESG）报告摘要,skipped_summary,
1225265006,688409,富创精密,富创精密：2025年度环境、社会和公司治理（ESG）报告,downloaded,
1225254927,603577,汇金通,汇金通：汇金通2025年度环境、社会和公司治理（ESG）报告,downloaded,
1225255070,600855,航天长峰,航天长峰：北京航天长峰股份有限公司2025年度环境、社会和公司治理(ESG)报告,downloaded,
1225265806,688289,圣湘生物,圣湘生物：圣湘生物科技股份有限公司2025年度环境、社会和公司治理(ESG)报告,downloaded,
1225258437,600331,宏达股份,宏达股份：2025年度环境、社会和公司治理（ESG）报告,downloaded,
1225258585,688567,孚能科技,孚能科技：孚能科技2025年度环境、社会和公司治理（ESG）报告（中文版）,skipped_duplicate_normalized_filename,
1225262988,688710,益诺思,益诺思：2025年度环境、社会责任与公司治理（ESG）报告,downloaded,
1225263168,603759,海天股份,海天股份：2025年度环境、社会及公司治理（ESG）报告摘要,skipped_summary,
1225263219,600884,杉杉股份,杉杉股份：杉杉股份2025年度环境、社会与公司治理（ESG）报告,downloaded,
1225255711,603260,合盛硅业,合盛硅业：合盛硅业2025年度可持续发展报告（ESG报告）摘要,skipped_summary,
1225259233,688218,江苏北人,江苏北人：2025年度环境、社会及公司治理（ESG）报告,downloaded,
1225258781,688218,江苏北人,江苏北人：2025年环境、社会及公司治理（ESG）报告摘要,skipped_summary,
1225262889,601222,林洋能源,林洋能源：江苏林洋能源股份有限公司2025年度可持续发展暨ESG（环境、社会及公司治理）报告摘要,skipped_summary,
1225262547,600846,同济科技,同济科技：2025年环境、社会及治理（ESG）报告,downloaded,
1225262453,601003,柳钢股份,柳钢股份：柳钢股份2025环境、社会和公司治理(ESG)报告,downloaded,
1225264379,603717,天域生物,天域生物：2025年度环境、社会及公司治理（ESG）报告,downloaded,
1225264398,688711,宏微科技,宏微科技：江苏宏微科技股份有限公司2025年度环境、社会和公司治理（ESG）报告--英文,skipped_duplicate_normalized_filename,
1225266879,603128,华贸物流,华贸物流：港中旅华贸国际物流股份有限公司2025年环境、社会及治理（ESG）报告摘要,skipped_summary,
1225268370,603051,鹿山新材,鹿山新材：广州鹿山新材料股份有限公司2025年环境、社会与治理（ESG）报告,downloaded,
1225268524,600400,红豆股份,红豆股份：红豆股份2025年度环境、社会和公司治理（ESG）报告,downloaded,
1225255082,600855,航天长峰,航天长峰：北京航天长峰股份有限公司2025年度环境、社会和公司治理(ESG)报告摘要,skipped_summary,
1225254999,003027,同兴科技,同兴科技：2025年度环境、社会和公司治理（ESG）报告,downloaded,
1225257383,600004,白云机场,白云机场：广州白云国际机场股份有限公司2025年度环境、社会及治理（ESG）报告英文,skipped_duplicate_normalized_filename,
1225255646,002508,老板电器,老板电器：老板电器：2025年度环境、社会和公司治理（ESG）报告,downloaded,
1225255647,002508,老板电器,老板电器：老板电器：2025年度环境、社会和公司治理（ESG）报告（英文版）,skipped_duplicate_normalized_filename,
1225260635,688007,光峰科技,光峰科技：2025年度环境、社会与治理（ESG）报告,downloaded,
1225260816,688646,ST逸飞,ST逸飞：逸飞激光2025年环境、社会和公司治理（ESG）报告（英文版）,skipped_english,
1225261103,603381,永臻股份,永臻股份：2025年度环境、社会及公司治理(ESG)报告摘要,skipped_summary,
1225263776,603989,艾华集团,艾华集团：湖南艾华集团股份有限公司2025年度环境、社会及公司治理（ESG）报告,downloaded,
1225263869,688219,会通股份,会通股份：会通新材料股份有限公司2025年环境、社会与公司治理（ESG）报告摘要,skipped_summary,
1225264034,688339,亿华通,亿华通：亿华通 可持续发展(ESG)报告摘要,skipped_summary,
1225264312,601021,春秋航空,春秋航空：春秋航空2025年度环境、社会和公司治理(ESG)报告摘要,skipped_summary,
1225254611,603350,安乃达,安乃达：2025年环境、社会及治理（ESG）报告（英文版）,skipped_english,
1225254725,688557,兰剑智能,兰剑智能：兰剑智能科技股份有限公司2025年度环境、社会和公司治理（ESG）报告摘要,skipped_summary,
1225254351,603350,安乃达,安乃达：2025年环境、社会及治理（ESG）报告,skipped_duplicate_normalized_filename,
1225254355,601298,青岛港,青岛港：青岛港国际股份有限公司2025年度环境、社会和管治（ESG）报告摘要,skipped_summary,
1225254540,603350,安乃达,安乃达：2025年环境、社会及治理（ESG）报告摘要,skipped_summary,
1225254879,600713,南京医药,南京医药：南京医药2025年度环境、社会和公司治理（ESG）报告摘要,skipped_summary,
1225254892,603577,汇金通,汇金通：汇金通2025年度环境、社会和公司治理（ESG）报告摘要,skipped_summary,
1225255394,600261,阳光照明,阳光照明：阳光照明2025年环境、社会及公司治理（ESG）报告,downloaded,
1225256690,600651,飞乐音响,飞乐音响：飞乐音响2025年度可持续发展（ESG）报告摘要,skipped_summary,
1225257354,600004,白云机场,白云机场：广州白云国际机场股份有限公司2025年度环境、社会及治理（ESG）报告英文,skipped_duplicate_normalized_filename,
1225257444,601360,三六零,三六零：三六零安全科技股份有限公司2025年度环境、社会和公司治理（ESG）报告摘要,skipped_summary,
1225257445,601360,三六零,三六零：三六零安全科技股份有限公司2025年度环境、社会和公司治理（ESG）报告（英文版）,skipped_duplicate_normalized_filename,
1225257117,600031,三一重工,三一重工：三一重工股份有限公司2025年可持续发展（ESG）报告（英文版）,skipped_english,
1225257839,600684,珠江股份,珠江股份：2025年社会责任暨环境、社会及公司治理（ESG）报告,downloaded,
1225258144,688618,三旺通信,三旺通信：深圳市三旺通信股份有限公司2025年环境、社会和公司治理（ESG）报告摘要,skipped_summary,
1225257805,600850,电科数字,电科数字：中电科数字技术股份有限公司2025年环境、社会和公司治理（ESG）报告,downloaded,
1225259615,600805,悦达投资,悦达投资：悦达投资2025年度环境、社会及治理（ESG）报告,downloaded,
1225259616,600996,贵广网络,贵广网络：2025年度环境、社会及公司治理（ESG）报告,downloaded,
1225259336,600779,水井坊,水井坊：水井坊2025年度环境、社会、公司治理（ESG）报告,downloaded,
1225259953,603333,尚纬股份,尚纬股份：尚纬股份有限公司2025年度环境、社会和公司治理（ESG）报告摘要,skipped_summary,
1225257052,002533,金杯电工,金杯电工：2025年度环境、社会和公司治理（ESG）报告,downloaded,
1225261162,600150,中国船舶,中国船舶：中国船舶工业股份有限公司2025年度可持续发展报告暨ESG报告摘要,skipped_summary,
1225261695,601106,中国一重,中国一重：中国第一重型机械股份公司2025年度环境、社会和治理（ESG）报告,downloaded,
1225261470,688223,晶科能源,晶科能源：晶科能源2025年环境、社会与公司治理(ESG)报告,downloaded,
1225263649,688051,佳华科技,佳华科技：2025年年度环境、社会和治理（ESG）报告,downloaded,
1225263657,603989,艾华集团,艾华集团：湖南艾华集团股份有限公司2025年度环境、社会及公司治理（ESG）报告摘要,skipped_summary,
1225263688,600322,津投城开,津投城开：津投城开2025年可持续发展(ESG)报告摘要,skipped_summary,
1225265815,688289,圣湘生物,圣湘生物：圣湘生物科技股份有限公司2025年度环境、社会和公司治理（ESG）报告摘要,skipped_summary,
1225261475,603368,柳药集团,柳药集团：广西柳药集团股份有限公司2025年度环境、社会及治理(ESG)报告摘要,skipped_summary,
1225261527,603808,歌力思,歌力思：2025年度环境、社会和公司治理（ESG）报告,downloaded,
1225265268,603628,清源股份,清源股份：2025年度环境、社会及治理（ESG）报告,downloaded,
1225265449,600117,西宁特钢,西宁特钢：西宁特殊钢股份有限公司2025年度环境、社会和公司治理（ESG）报告,downloaded,
1225268366,601666,平煤股份,平煤股份：平煤股份2025年度可持续发展(ESG)报告摘要,skipped_summary,
1225272179,920001,纬达光电,[临时公告]纬达光电:2025年度环境、社会和公司治理（ESG）报告,downloaded,
1225269823,00568,山东墨龙,山东墨龙：2025年度环境、社会和公司治理（ESG）报告,downloaded,
1225268626,00666,瑞浦兰钧,瑞浦兰钧：2025环境、社会及管治（ESG）报告,downloaded,
1225265956,09668,渤海银行,渤海银行：2025 ESG（社会责任）报告,downloaded,
1225262585,06198,青岛港,青岛港：2025环境、社会及管治（ESG）报告,downloaded,
1225260946,06656,思格新能,思格新能：2025环境、社会及管治(ESG)报告,downloaded,
1225258305,01359,中国信达,中国信达：2025社会责任（ESG）报告,downloaded,
1225227420,688779,五矿新能,五矿新能：五矿新能源材料（湖南）股份有限公司2025年环境、社会和公司治理（ESG）报告（英文版）,skipped_english,
1225246671,688268,华特气体,华特气体：广东华特气体股份有限公司2025年度环境、社会及治理（ESG）报告（英文版）,skipped_english,
1225244907,600525,ST长园,ST长园：2025年度ESG报告摘要,skipped_summary,
1225231607,600025,华能水电,华能水电：2025年度环境、社会和管治(ESG)报告,downloaded,
1225232501,688503,聚和材料,聚和材料：2025年度环境、社会及治理（ESG）报告,downloaded,
1225235704,601577,长沙银行,长沙银行：长沙银行股份有限公司2025年度可持续发展(ESG)报告,downloaded,
1225235573,603185,弘元绿能,弘元绿能：2025年度环境、社会及治理（ESG)报告（英文版）,skipped_english,
1225235579,601577,长沙银行,长沙银行：长沙银行股份有限公司2025年度可持续发展（ESG）报告摘要,skipped_summary,
1225232012,000016,深康佳Ａ,深康佳Ａ：2025年度环境、社会和公司治理(ESG)报告,downloaded,
1225243074,688598,金博股份,金博股份：2025年度环境、社会和公司治理（ESG）报告,downloaded,
1225239260,300272,开能健康,开能健康：2025年ESG报告(英文版),skipped_english,
1225245300,600525,ST长园,ST长园：2025年度ESG报告,downloaded,
1225246068,601118,海南橡胶,海南橡胶：2025年度环境、社会及公司治理（ESG）报告,downloaded,
1225249966,688226,威腾电气,威腾电气：威腾电气集团股份有限公司2025年环境、社会及公司治理（ESG）报告,downloaded,
1225248154,301019,宁波色母,宁波色母：2025年度可持续发展（ESG）报告,downloaded,
1225248436,300261,雅本化学,雅本化学：2025年环境、社会及公司治理（ESG）报告,downloaded,
1225248069,300982,苏文电能,苏文电能：2025年度环境、社会和公司治理(ESG)报告,downloaded,
1225245951,000403,派林生物,派林生物：派林生物2025年环境、社会及治理（ESG）报告,downloaded,
1225225410,002573,清新环境,清新环境：清新环境2025年度环境、社会和公司治理（ESG）报告,downloaded,
1225224550,002444,巨星科技,巨星科技：巨星科技2025年度ESG报告（中文版）,downloaded,
1225225336,603683,晶华新材,晶华新材：晶华新材2025年度环境、社会和公司治理（ESG）报告,downloaded,
1225225494,300100,双林股份,双林股份：2025年度环境、社会和公司治理（ESG）报告,downloaded,
1225227537,000901,航天科技,航天科技：2025年度环境、社会和公司治理（ESG）报告,downloaded,
1225230657,600475,华光环能,华光环能：无锡华光环保能源集团股份有限公司2025年度环境、社会和公司治理（ESG）报告,downloaded,
1225230683,600475,华光环能,华光环能：无锡华光环保能源集团股份有限公司2025年度环境、社会和公司治理(ESG)报告摘要,skipped_summary,
1225231183,603868,飞科电器,飞科电器：飞科电器2025年度环境、社会和治理（ESG）报告,downloaded,
1225229974,603920,世运电路,世运电路：世运电路2025年度环境、社会及治理（ESG）报告摘要,skipped_summary,
1225226991,300450,先导智能,先导智能：2025年度环境、社会及公司治理（ESG）报告,downloaded,
1225234099,688279,峰岹科技,峰岹科技：2025年度环境、社会和管治（ESG）报告摘要,skipped_summary,
1225233171,002755,奥赛康,奥赛康：2025年度环境、社会和公司治理（ESG）报告,downloaded,
1225237970,300428,立中集团,立中集团：立中四通轻合金集团股份有限公司2025年度可持续发展报告（ESG）-中文版,downloaded,
1225237621,000596,古井贡酒,古井贡酒：2025年环境、社会及治理（ESG）报告,downloaded,
1225237622,200596,古井贡Ｂ,古井贡Ｂ：2025年环境、社会及治理（ESG）报告（英文）,skipped_english,
1225237230,300948,冠中生态,冠中生态：2025年度环境、社会和公司治理（ESG）报告,downloaded,
1225239448,600516,方大炭素,方大炭素：方大炭素2025年度环境、社会及治理（ESG）报告,downloaded,
1225240677,000568,泸州老窖,泸州老窖：2025年环境、社会及治理（ESG）报告,downloaded,
1225240678,000568,泸州老窖,泸州老窖：2025年环境、社会及治理（ESG）报告（英文版）,skipped_duplicate_normalized_filename,
1225243332,600679,上海凤凰,上海凤凰：上海凤凰2025年度环境、社会和公司治理（ESG）报告,downloaded,
1225246648,688268,华特气体,华特气体：广东华特气体股份有限公司2025年度环境、社会及治理（ESG）报告（中文版）,skipped_duplicate_normalized_filename,
1225247508,600919,江苏银行,江苏银行：江苏银行2025年度可持续发展(ESG)报告摘要,skipped_summary,
1225244128,002568,百润股份,百润股份：上海百润投资控股集团股份有限公司2025年度环境、社会及治理（ESG）报告,downloaded,
1225250471,002893,京能热力,京能热力：2025年可持续发展（ESG）报告,downloaded,
1225249033,002582,好想你,好想你：2025年度环境、社会与公司治理(ESG)报告,downloaded,
1225249523,300149,睿智医药,睿智医药：2025年度环境、社会和公司治理(ESG)报告,downloaded,
1225251918,688400,凌云光,凌云光：2025年度环境、社会和公司治理（ESG）报告摘要,skipped_summary,
1225251867,300068,ST南都,南都电源：2025年度环境、社会与公司治理（ESG）报告,downloaded,
1225224023,301043,绿岛风,绿岛风：2025年度环境、社会及治理（ESG）报告,downloaded,
1225227829,000599,青岛双星,青岛双星：2025年度可持续发展暨环境、社会和治理（ESG）报告（英文版）,skipped_english,
1225230165,603920,世运电路,世运电路：世运电路2025年度环境、社会和治理（ESG）报告,downloaded,
1225240491,003012,东鹏控股,东鹏控股：2025年环境、社会及管治（ESG）报告,downloaded,
1225241998,002358,森源电气,森源电气：森源电气2025年度环境、社会和公司治理（ESG）报告,downloaded,
1225247210,301588,美新科技,美新科技：美新科技股份有限公司2025年ESG报告,downloaded,
1225246325,000733,振华科技,振华科技：2025年度环境、社会及公司治理（ESG）报告,downloaded,
1225245918,000911,*ST广糖,广农糖业：广西农投糖业集团股份有限公司2025年度社会、环境及公司治理（ESG）报告,downloaded,
1225224551,002444,巨星科技,巨星科技：巨星科技2025年度ESG报告（英文版）,skipped_duplicate_normalized_filename,
1225229538,600259,中稀有色,中稀有色：中稀有色金属股份有限公司2025年度环境、社会和公司治理（ESG）报告摘要,skipped_summary,
1225228987,603421,鼎信通讯,鼎信通讯：鼎信通讯2025年ESG报告,downloaded,
1225225871,002517,恺英网络,恺英网络：2025年度可持续发展暨ESG报告(英文版）,skipped_english,
1225237201,300825,阿尔特,阿尔特：2025年度环境、社会和公司治理（ESG）报告,downloaded,
1225244795,600100,同方股份,同方股份：同方股份有限公司2025年度环境、社会与公司治理（ESG）报告摘要,skipped_summary,
1225234641,688360,德马科技,德马科技：德马科技2025年可持续发展(ESG)报告摘要,skipped_summary,
1225233146,002649,博彦科技,博彦科技：2025环境、社会和治理（ESG）报告,downloaded,
1225235702,603185,弘元绿能,弘元绿能：2025年度环境、社会及治理（ESG)报告,skipped_duplicate_normalized_filename,
1225238099,002851,麦格米特,麦格米特：公司2025年度社会责任暨环境、社会及公司治理（ESG）报告,downloaded,
1225240317,688200,华峰测控,华峰测控：华峰测控2025年度环境、社会及管治（ESG）报告摘要,skipped_summary,
1225239863,301522,上大股份,上大股份：2025年环境、社会和公司治理（ESG）报告,downloaded,
1225241284,603373,安邦护卫,安邦护卫：安邦护卫2025年度社会责任（ESG）报告,downloaded,
1225246015,600199,金种子酒,金种子酒：2025年环境、社会和公司治理（ESG）报告,downloaded,
1225245883,601118,海南橡胶,海南橡胶：2025年度环境、社会及公司治理（ESG）报告摘要,skipped_summary,
1225241826,002037,保利联合,保利联合：2025年环境、社会及治理（ESG）报告,downloaded,
1225245406,301503,智迪科技,智迪科技：2025年度环境、社会和公司治理（ESG）报告（英文版）,skipped_english,
1225248193,300035,中科电气,中科电气：2025年度环境、社会与公司治理（ESG）报告,downloaded,
1225243173,002011,盾安环境,盾安环境：2025年度环境、社会及公司治理（ESG）报告,downloaded,
1225247744,300157,新锦动力,新锦动力：2025年度环境、社会及公司治理（ESG）报告,downloaded,
1225249487,002459,晶澳科技,晶澳科技：2025年度可持续发展暨ESG报告,downloaded,
1225249288,002203,海亮股份,海亮股份：2025年度环境、社会及公司治理（ESG）报告,downloaded,
1225250422,000651,格力电器,格力电器：2025年度环境、社会及公司治理（ESG）报告,skipped_duplicate_normalized_filename,
1225251975,688400,凌云光,凌云光：2025年度环境、社会和公司治理（ESG）报告,downloaded,
1225267833,920039,国义招标,[临时公告]国义招标:2025年度环境、社会和公司治理（ESG）报告,downloaded,
1225267014,920579,机科股份,[临时公告]机科股份:2025年度环境、社会和公司治理（ESG）报告,downloaded,
1225226658,603328,依顿电子,依顿电子：2025年度环境、社会和公司治理（ESG）报告摘要,skipped_summary,
1225226691,605377,华旺科技,华旺科技：杭州华旺新材料科技股份有限公司2025年度环境、社会和公司治理(ESG)报告摘要,skipped_summary,
1225226761,605377,华旺科技,华旺科技：杭州华旺新材料科技股份有限公司2025年度环境、社会和公司治理(ESG)报告,downloaded,
1225232943,600877,电科芯片,电科芯片：中电科芯片技术股份有限公司2025年度ESG暨社会责任报告,downloaded,
1225227921,000551,创元科技,创元科技：2025年度环境、社会和公司治理（ESG）报告,downloaded,
1225231695,600025,华能水电,华能水电：2025年度环境、社会和管治(ESG)报告摘要,skipped_summary,
1225234343,002807,江阴银行,江阴银行：2025年ESG报告,downloaded,
1225235603,603329,上海雅仕,上海雅仕：2025年度环境、社会及治理（ESG）报告,downloaded,
1225235634,603329,上海雅仕,上海雅仕：2025年度环境、社会和公司治理（ESG）报告摘要,skipped_summary,
1225238098,002851,麦格米特,麦格米特：公司2025年度社会责任暨环境、社会及公司治理（ESG）报告-英文版,skipped_duplicate_normalized_filename,
1225239487,603660,苏州科达,苏州科达：2025年苏州科达环境、社会和公司治理（ESG)报告,downloaded,
1225239677,600516,方大炭素,方大炭素：方大炭素2025年度环境、社会及治理（ESG）报告摘要,skipped_summary,
1225240458,001323,慕思股份,慕思股份：2025年度环境、社会和公司治理（ESG）报告,downloaded,
1225246728,688613,奥精医疗,奥精医疗：奥精医疗：2025年环境、社会和公司治理(ESG)报告,downloaded,
1225249705,688509,正元地信,正元地信：正元地信2025年度环境、社会和公司治理（ESG）报告,downloaded,
1225245405,301503,智迪科技,智迪科技：2025年度环境、社会和公司治理（ESG）报告（中文版）,skipped_duplicate_normalized_filename,
1225249226,002099,海翔药业,海翔药业：2025年度环境、社会及治理（ESG）报告,downloaded,
1225242385,000720,新能泰山,新能泰山：2025年度环境、社会及治理（ESG）报告,downloaded,
1225245748,002973,侨银股份,侨银股份：2025年度环境、社会及公司治理（ESG）报告（英文版）,skipped_english,
1225250123,300513,恒实科技,恒实科技：2025年度环境、社会及公司治理（ESG）报告,downloaded,
1225225332,603918,金桥信息,金桥信息：2025年环境、社会和公司治理(ESG)报告,downloaded,
1225225079,603683,晶华新材,晶华新材：晶华新材2025年度环境、社会和公司治理（ESG）报告摘要,skipped_summary,
1225226833,601555,东吴证券,东吴证券：东吴证券股份有限公司2025年度可持续发展暨ESG报告摘要,skipped_summary,
1225226968,688119,中钢洛耐,中钢洛耐：中钢洛耐2025年度环境、社会及治理（ESG）报告摘要,skipped_summary,
1225227873,001322,箭牌家居,箭牌家居：2025年度环境、社会和公司治理（ESG）报告,downloaded,
1225226220,002427,尤夫股份,尤夫股份：2025年环境、社会、治理（ESG）报告,downloaded,
1225227830,000599,青岛双星,青岛双星：2025年度可持续发展暨环境、社会和治理（ESG）报告,skipped_duplicate_normalized_filename,
1225231189,603868,飞科电器,飞科电器：飞科电器2025年度环境、社会和治理（ESG）报告摘要,skipped_summary,
1225227192,000021,深科技,深科技：2025年环境、社会及治理（ESG）报告,downloaded,
1225226583,002132,恒星科技,恒星科技：公司2025年度环境、社会及治理(ESG)报告,downloaded,
1225240509,688200,华峰测控,华峰测控：华峰测控2025年度环境、社会及管治（ESG）报告（英文版）,skipped_english,
1225240530,688200,华峰测控,华峰测控：华峰测控2025年度环境、社会及管治（ESG）报告（中文版）,skipped_duplicate_normalized_filename,
1225240651,000425,徐工机械,徐工机械：2025年度环境、社会与治理（ESG）报告,downloaded,
1225248433,300261,雅本化学,雅本化学：2025年环境、社会及公司治理（ESG）报告（英文）,skipped_duplicate_normalized_filename,
1225247853,000547,航天发展,航天发展：2025年度环境、社会和公司治理（ESG）报告,downloaded,
1225224745,603013,亚普股份,亚普股份：亚普汽车部件股份有限公司2025年度ESG报告,downloaded,
1225224767,603013,亚普股份,亚普股份：亚普汽车部件股份有限公司2025年度ESG报告摘要,skipped_summary,
1225224386,300972,万辰集团,万辰集团：2025年度环境、社会及公司治理（ESG）报告,downloaded,
1225229195,600259,中稀有色,中稀有色：中稀有色金属股份有限公司2025年度环境、社会和公司治理（ESG）报告,downloaded,
1225229328,300844,山水比德,山水比德：2025年度环境、社会和公司治理（ESG）报告,downloaded,
1225232292,603990,麦迪科技,麦迪科技：苏州麦迪斯顿医疗科技股份有限公司2025年度环境、社会和公司治理（ESG）报告摘要,skipped_summary,
1225232724,000883,湖北能源,湖北能源：湖北能源集团股份有限公司2025环境、社会及治理（ESG）报告,downloaded,
1225235713,603185,弘元绿能,弘元绿能：2025年度环境、社会及治理（ESG）报告摘要,skipped_summary,
1225236295,688818,电科蓝天,电科蓝天：2025年度环境、社会和公司治理（ESG）报告摘要,skipped_summary,
1225236522,688818,电科蓝天,电科蓝天：2025年度环境、社会和公司治理（ESG）报告,downloaded,
1225234855,300547,川环科技,川环科技：2025年环境、社会及公司治理（ESG）报告,downloaded,
1225231163,000557,西部创业,西部创业：2025年度可持续发展（ESG）报告,downloaded,
1225237380,601136,首创证券,首创证券：2025年度环境、社会和公司治理（ESG）报告摘要,skipped_summary,
1225235446,300949,奥雅股份,奥雅股份：奥雅股份2025年度环境、社会及公司治理（ESG）报告,downloaded,
1225239453,603660,苏州科达,苏州科达：2025年度环境、社会和公司治理(ESG)报告摘要,skipped_summary,
1225244932,603369,今世缘,今世缘：江苏今世缘酒业股份有限公司2025年度可持续发展（ESG）报告,downloaded,
1225244793,603777,来伊份,来伊份：来伊份2025年ESG报告,downloaded,
1225234586,688360,德马科技,德马科技：德马科技2025年度ESG报告,downloaded,
1225249401,605599,菜百股份,菜百股份：北京菜市口百货股份有限公司2025年度环境、社会和公司治理（ESG）报告,downloaded,
1225226792,601555,东吴证券,东吴证券：东吴证券股份有限公司2025年度可持续发展暨ESG报告,downloaded,
1225226963,603337,杰克科技,杰克科技：2025年度环境、社会和公司治理（ESG）报告（英文版）,skipped_english,
1225227310,603337,杰克科技,杰克科技：2025年度环境、社会和公司治理（ESG）报告,skipped_duplicate_normalized_filename,
1225227437,603596,伯特利,伯特利：伯特利2025年环境、社会及公司治理（ESG）报告摘要,skipped_summary,
1225235477,300031,宝通科技,宝通科技：2025环境、社会及治理（ESG）报告,downloaded,
1225237056,301185,鸥玛软件,鸥玛软件：2025年度环境、社会及公司治理（ESG)报告,downloaded,
1225237536,300597,吉大通信,吉大通信：2025年度环境、社会和公司治理（ESG）报告,downloaded,
1225242647,301215,中汽股份,中汽股份：2025年度环境、社会及公司治理（ESG）报告,downloaded,
1225225562,301073,君亭酒店,君亭酒店：2025年度环境、社会及公司治理(ESG)报告,downloaded,
1225245653,002958,青农商行,青农商行：2025年度可持续发展（ESG）报告,downloaded,
1225245747,002973,侨银股份,侨银股份：2025年度环境、社会及公司治理（ESG）报告（中文版）,skipped_duplicate_normalized_filename,
1225224106,600630,龙头股份,龙头股份：龙头股份2025年度环境、社会和公司治理（ESG）报告,downloaded,
1225227499,000503,国新健康,国新健康：2025年度环境、社会和公司治理（ESG）报告,downloaded,
1225226547,002266,浙富控股,浙富控股：浙富控股2025年度环境、社会及公司治理（ESG）报告,downloaded,
1225235789,300834,星辉环材,星辉环材：2025年度环境、社会及治理（ESG）报告,downloaded,
1225237383,601136,首创证券,首创证券：2025年度环境、社会和公司治理（ESG）报告,downloaded,
1225244301,002055,ST得润,ST得润：2025年度环境、社会和公司治理（ESG）报告,downloaded,
1225249976,688226,威腾电气,威腾电气：威腾电气集团股份有限公司2025年度环境、社会及公司治理(ESG)报告摘要,skipped_summary,
1225225945,002442,龙星科技,龙星科技：龙星科技2025年度ESG报告,downloaded,
1225227403,688779,五矿新能,五矿新能：五矿新能源材料（湖南）股份有限公司2025年环境、社会和公司治理（ESG）报告,skipped_duplicate_normalized_filename,
1225227467,601599,浙文影业,浙文影业：2025年度环境、社会和公司治理（ESG）报告摘要,skipped_summary,
1225225981,002145,钛能化学,钛能化学：2025年环境、社会和公司治理（ESG）报告,downloaded,
1225232089,000923,河钢资源,河钢资源：2025河钢资源股份有限公司环境、社会及治理(ESG)报告,downloaded,
1225234077,688279,峰岹科技,峰岹科技：2025年度环境、社会和管治（ESG）报告,downloaded,
1225233757,688271,联影医疗,联影医疗：联影医疗2025年度环境、社会与治理（ESG）报告,downloaded,
1225237971,300428,立中集团,立中集团：立中四通轻合金集团股份有限公司2025年度可持续发展报告（ESG）-英文版,skipped_duplicate_normalized_filename,
1225247488,600919,江苏银行,江苏银行：江苏银行2025年度可持续发展(ESG)报告,downloaded,
1225246705,688147,微导纳米,微导纳米：江苏微导纳米科技股份有限公司2025年度环境、社会及公司治理（ESG）报告,downloaded,
1225246596,688613,奥精医疗,奥精医疗：奥精医疗：2025年环境、社会和公司治理(ESG)报告摘要,skipped_summary,
1225243172,002011,盾安环境,盾安环境：2025年度环境、社会及公司治理（ESG）报告（英文版）,skipped_duplicate_normalized_filename,
1225247152,300962,中金辐照,中金辐照：中金辐照股份有限公司2025年ESG报告,downloaded,
1225250943,605199,ST葫芦娃,ST葫芦娃：海南葫芦娃药业集团股份有限公司2025年度环境、社会和公司治理(ESG)报告,downloaded,
1225230649,300468,四方精创,四方精创：2025年度环境、社会和公司治理（ESG）报告,downloaded,
1225232950,688503,聚和材料,聚和材料：2025年度环境、社会及治理（ESG）报告摘要,skipped_summary,
1225230957,000810,创维数字,创维数字：2025年环境、社会及治理（ESG）报告,downloaded,
1225230984,002111,威海广泰,威海广泰：2025年度环境、社会及公司治理（ESG）报告,downloaded,
1225236896,002887,绿茵生态,绿茵生态：2025年度环境、社会及公司治理（ESG）报告,downloaded,
1225237725,000998,隆平高科,隆平高科：2025年环境、社会及治理（ESG）报告,downloaded,
1225237933,301370,国科恒泰,国科恒泰：2025年度环境、社会和公司治理（ESG）报告,downloaded,
1225242533,300459,汤姆猫,汤姆猫：2025年度环境、社会及公司治理（ESG）报告,downloaded,
1225245020,000605,渤海股份,渤海股份：2025年度环境、社会和公司治理（ESG）报告,downloaded,
1225246846,300527,ST应急,ST应急：2025年度环境、社会及公司治理（ESG）报告,downloaded,
1225249152,002124,天邦食品,天邦食品：2025年度环境、社会及治理（ESG）报告,downloaded,
1225232293,603990,麦迪科技,麦迪科技：苏州麦迪斯顿医疗科技股份有限公司2025年度环境、社会和公司治理（ESG）报告,downloaded,
1225233694,000709,河钢股份,河钢股份：2025环境、社会及治理（ESG）报告,downloaded,
1225234185,002079,苏州固锝,苏州固锝：苏州固锝2025年度环境、社会和公司治理（ESG）报告,downloaded,
1225239154,300212,易华录,易华录：2025年度环境、社会和公司治理（ESG）报告,downloaded,
1225244965,603369,今世缘,今世缘：江苏今世缘酒业股份有限公司2025年度可持续发展（ESG）报告摘要,skipped_summary,
1225243315,600679,上海凤凰,上海凤凰：上海凤凰2025年度环境、社会和公司治理（ESG）报告摘要,skipped_summary,
1225244782,603777,来伊份,来伊份：来伊份2025年可持续发展(ESG)报告摘要,skipped_summary,
1225247774,300432,富临精工,富临精工：2025年度环境、社会与公司治理（ESG）报告,downloaded,
1225267031,920402,硅烷科技,[临时公告]硅烷科技:2025年度环境、社会和公司治理（ESG）报告（英文版）,skipped_english,
1225253256,00470,先导智能,先导智能：2025年度环境、社会及公司治理（ESG）报告,downloaded,
1225253343,01432,中国圣牧,中国圣牧：2025 年中国圣牧 ESG 报告,downloaded,
1225252952,02768,国恩科技,国恩科技：2025环境、社会及管治(ESG)暨可持续发展报告,downloaded,
1225249940,02651,大众口腔,大众口腔：2025 环境、社会及管治(ESG)报告,downloaded,
1225237804,00553,南京熊猫电子股份,南京熊猫电子股份：2025年度环境、社会及治理（ESG）报告,downloaded,
1225228109,300725,药石科技,药石科技：2025年环境、社会及公司治理（ESG）报告,downloaded,
1225228320,00966,中国太平,中国太平：2025环境、社会及管治(ESG)暨社会责任报告,downloaded,
1225223033,02676,纳芯微,纳芯微：2025年度环境、社会及公司治理（ESG) 报告,downloaded,
1225200444,600278,东方创业,东方创业：东方创业2025年度ESG报告,downloaded,
1225200087,001287,中电港,中电港：2025年度环境、社会及治理（ESG）报告,downloaded,
1225201127,603291,联合水务,联合水务：2025年度环境、社会及治理（ESG）报告,downloaded,
1225203198,603072,天和磁材,天和磁材：2025年度环境、社会和公司治理（ESG）报告摘要,skipped_summary,
1225205840,000888,峨眉山Ａ,峨眉山Ａ：2025年度环境、社会与治理（ESG）报告,downloaded,
1225206069,300857,协创数据,协创数据：2025年度环境、社会和公司治理(ESG)报告（英文版）,skipped_english,
1225213765,603395,红四方,红四方：红四方2025年环境、社会和公司治理（ESG）报告,downloaded,
1225210108,001222,源飞宠物,源飞宠物：2025年度环境、社会和公司治理（ESG）报告,downloaded,
1225205635,002326,永太科技,永太科技：2025年度环境、社会和公司治理（ESG）报告,downloaded,
1225208745,000537,绿发电力,绿发电力：2025年环境、社会和公司治理（ESG）报告,downloaded,
1225206327,301501,恒鑫生活,恒鑫生活：2025年度可持续发展报告暨ESG报告,downloaded,
1225216809,002035,华帝股份,华帝股份：2025年环境、社会及公司治理（ESG）报告,downloaded,
1225216064,000777,中核科技,中核科技：2025年度ESG报告暨社会责任报告,downloaded,
1225216115,300735,光弘科技,光弘科技：2025年度环境、社会和公司治理报告ESG报告,downloaded,
1225247343,920375,派诺科技,[临时公告]派诺科技:2025年度环境、社会及治理（ESG）报告（英文版）,skipped_english,
1225200358,601956,东贝集团,东贝集团：湖北东贝机电集团股份有限公司2025年度环境、社会和公司治理（ESG）报告,downloaded,
1225205803,601975,招商南油,招商南油：招商南油2025年度环境、社会和公司治理（ESG）报告摘要,skipped_summary,
1225201937,000552,甘肃能化,甘肃能化：2025年度环境、社会及治理（ESG）报告,downloaded,
1225202614,002048,宁波华翔,宁波华翔：2025宁波华翔ESG暨环境、社会和公司治理报告,downloaded,
1225207661,603257,中国瑞林,中国瑞林：中国瑞林工程技术股份有限公司2025年度环境、社会与公司治理（ESG）报告摘要,skipped_summary,
1225204620,300008,天海防务,天海防务：天海防务2025年度环境、社会及公司治理（ESG）报告（英文版）,skipped_english,
1225210041,688029,南微医学,南微医学：南微医学科技股份有限公司2025年度环境、社会和公司治理（ESG）报告（英文）,skipped_english,
1225210049,688029,南微医学,南微医学：南微医学科技股份有限公司2025年度环境、社会和公司治理（ESG）报告（中文）,skipped_duplicate_normalized_filename,
1225214907,688653,康希通信,康希通信：康希通信2025年度环境、社会和公司治理（ESG）报告,downloaded,
1225212559,000628,高新发展,高新发展：成都高新发展股份有限公2025年度环境、社会和公司治理（ESG）报告,downloaded,
1225209848,000663,永安林业,永安林业：2025年度环境、社会和公司治理（ESG）报告,downloaded,
1225218155,002101,广东鸿图,广东鸿图：关于披露2025年度环境、社会及公司治理（ESG）报告的公告,skipped_announcement_notice,
1225218154,002101,广东鸿图,广东鸿图：2025年环境、社会及公司治理（ESG）报告,skipped_duplicate_normalized_filename,
1225218777,002061,浙江交科,浙江交科：2025年度社会责任报告暨环境、社会及治理（ESG）报告,downloaded,
1225221163,300284,苏交科,苏交科：2025年度环境、社会和公司治理（ESG）报告,downloaded,
1225252557,920809,安达科技,[临时公告]安达科技:2025年度环境、社会及治理（ESG）报告（英文版）,skipped_english,
1225252631,920167,同享科技,[临时公告]同享科技:2025年度环境、社会、公司治理（ESG）报告,downloaded,
1225198247,001390,古麒绒材,古麒绒材：古麒绒材：2025年度可持续发展（ESG）报告,downloaded,
1225199903,000758,中色股份,中色股份：2025年度社会责任暨ESG报告,downloaded,
1225200484,600278,东方创业,东方创业：东方创业2025年度ESG报告,skipped_duplicate_normalized_filename,
1225200513,601956,东贝集团,东贝集团：湖北东贝机电集团股份有限公司2025年度环境、社会和公司治理（ESG）报告摘要,skipped_summary,
1225199962,300497,富祥药业,富祥药业：2025年度环境、社会和公司治理（ESG）报告,downloaded,
1225201602,600021,上海电力,上海电力：上海电力股份有限公司2025年环境、社会和公司治理（ESG）报告,downloaded,
1225204518,600776,东方通信,东方通信：东方通信股份有限公司2025年度环境、社会和公司治理（ESG）报告摘要,skipped_summary,
1225204572,600776,东方通信,东方通信：东方通信股份有限公司2025年度环境、社会和公司治理（ESG）报告,downloaded,
1225203784,603583,捷昌驱动,捷昌驱动：2025年度环境、社会和公司治理（ESG）报告,downloaded,
1225205154,600967,内蒙一机,内蒙一机：内蒙古第一机械集团股份有限公司2025年度环境、社会及公司治理（ESG）报告,downloaded,
1225207582,688786,悦安新材,悦安新材：江西悦安新材料股份有限公司2025年度环境、社会和公司治理（ESG）报告摘要,skipped_summary,
1225208812,600874,创业环保,创业环保：创业环保2025年可持续发展暨环境、社会及管治（ESG）报告摘要,skipped_summary,
1225204619,300008,天海防务,天海防务：天海防务2025年度环境、社会及公司治理（ESG）报告,skipped_duplicate_normalized_filename,
1225210066,688728,格科微,格科微：格科微有限公司2025年度环境、社会和公司治理（ESG）报告,downloaded,
1225209496,688700,东威科技,东威科技：2025年度环境、社会及治理(ESG)报告摘要,skipped_summary,
1225204426,002782,可立克,可立克：可立克2025年度可持续发展暨ESG报告,downloaded,
1225210456,688209,英集芯,英集芯：深圳英集芯科技股份有限公司2025年环境、社会和公司治理（ESG）报告,downloaded,
1225211822,600133,东湖高新,东湖高新：2025年度环境、社会与公司治理（ESG）报告摘要,skipped_summary,
1225211840,600133,东湖高新,东湖高新：武汉东湖高新集团股份有限公司2025年度环境、社会与公司治理（ESG）报告,downloaded,
1225216709,000968,蓝焰控股,蓝焰控股：2025年环境、社会和公司治理（ESG）报告,downloaded,
1225220123,688560,明冠新材,明冠新材：明冠新材2025年度环境、社会和公司治理（ESG）报告,downloaded,
1225222378,688515,裕太微,裕太微：2025年度环境、社会及公司治理（ESG）报告,downloaded,
1225221679,000825,太钢不锈,太钢不锈：太钢不锈2025可持续发展（ESG）报告,downloaded,
1225219929,300082,奥克股份,奥克股份：2025年度环境、社会和管治（ESG）报告,downloaded,
1225199280,002373,千方科技,千方科技：北京千方科技股份有限公司2025年度环境、社会及治理（ESG）报告（英文版）,skipped_english,
1225200408,600278,东方创业,东方创业：东方国际创业股份有限公司2025年度环境、社会和公司治理（ESG）报告摘要,skipped_summary,
1225203472,600843,上工申贝,上工申贝：上工申贝（集团）股份有限公司2025年度可持续发展（ESG）报告摘要,skipped_summary,
1225203482,600843,上工申贝,上工申贝：上工申贝（集团）股份有限公司2025年度可持续发展（ESG）报告,downloaded,
1225203051,603072,天和磁材,天和磁材：2025年度环境、社会和公司治理（ESG）报告,downloaded,
1225202399,003030,祖名股份,祖名股份：2025年度环境、社会和公司治理（ESG）报告,downloaded,
1225210000,688087,英科再生,英科再生：英科再生资源股份有限公司2025年度环境、社会和公司治理（ESG）报告摘要,skipped_summary,
1225210484,688015,交控科技,交控科技：交控科技股份有限公司2025年度社会责任暨环境、社会及治理（ESG）报告摘要,skipped_summary,
1225210528,688029,南微医学,南微医学：南微医学科技股份有限公司2025年可持续发展(ESG)报告摘要,skipped_summary,
1225206969,000881,中广核技,中广核技：2025年度环境、社会和公司治理（ESG）报告,downloaded,
1225211864,600860,京城股份,京城股份：京城股份2025年环境、社会和公司治理（ESG）报告摘要,skipped_summary,
1225211322,600480,凌云股份,凌云股份：凌云股份2025年度ESG报告,downloaded,
1225208438,300832,新产业,新产业：2025年度环境、社会和公司治理(ESG)报告（中文）,downloaded,
1225208439,300832,新产业,新产业：2025年度环境、社会和公司治理(ESG)报告（英文）,skipped_duplicate_normalized_filename,
1225210870,300298,三诺生物,三诺生物：2025年度环境、社会及公司治理（ESG）报告,downloaded,
1225215095,000526,学大教育,学大教育：2025年度环境、社会及公司治理（ESG）报告,downloaded,
1225222238,688072,拓荆科技,拓荆科技：2025年度环境、社会和公司治理（ESG）报告摘要,skipped_summary,
1225252463,920122,中纺标,[临时公告]中纺标:2025年度环境、社会和公司治理(ESG)报告,downloaded,
1225213386,002627,三峡旅游,三峡旅游：2025年度ESG报告,downloaded,
1225217199,300002,神州泰岳,神州泰岳：2025年度环境、社会及公司治理（ESG）报告,downloaded,
1225217269,301275,汉朔科技,汉朔科技：2025年度环境、社会与公司治理（ESG）报告,downloaded,
1225247888,920665,科强股份,[临时公告]科强股份:2025年度环境、社会和公司治理(ESG)报告,downloaded,
1225248330,920029,开发科技,[临时公告]开发科技:2025年度环境、社会及治理（ESG）报告,downloaded,
1225222879,600759,ST洲际,洲际油气：洲际油气股份有限公司2025环境、社会及治理（ESG）报告,downloaded,
1225208189,600537,*ST亿晶,亿晶光电：亿晶光电科技股份有限公司2025年环境、社会与公司治理(ESG)报告摘要,skipped_summary,
1225201327,603120,肯特催化,肯特催化：肯特催化2025年可持续发展(ESG)报告摘要,skipped_summary,
1225203073,603072,天和磁材,天和磁材：2025年度环境、社会和公司治理（ESG）报告（英文版）,skipped_duplicate_normalized_filename,
1225203820,603583,捷昌驱动,捷昌驱动：2025年度环境、社会和公司治理（ESG）报告摘要,skipped_summary,
1225204114,601100,恒立液压,恒立液压：江苏恒立液压股份有限公司2025年度可持续发展(ESG)报告摘要,skipped_summary,
1225201232,300393,中来股份,中来股份：2025年度环境、社会和公司治理（ESG）报告,downloaded,
1225206410,603082,北自科技,北自科技：2025年度环境、社会和公司治理(ESG）报告,downloaded,
1225202043,002849,威星智能,威星智能：2025年环境、社会及治理（ESG）报告,downloaded,
1225209994,688087,英科再生,英科再生：英科再生资源股份有限公司2025年环境、社会及公司治理（ESG）报告,downloaded,
1225210511,688015,交控科技,交控科技：交控科技股份有限公司2025年度社会责任暨环境、社会及治理(ESG)报告,downloaded,
1225209908,600939,重庆建工,重庆建工：重庆建工集团股份重庆建工2025年度环境、社会和公司治理报告有限公司2025年度ESG报告,downloaded,
1225210162,688728,格科微,格科微：格科微有限公司2025年度环境、社会和公司治理（ESG）报告摘要,skipped_summary,
1225214164,301308,江波龙,江波龙：2025年度环境、社会与公司治理（ESG）报告,downloaded,
1225220575,600737,中粮糖业,中粮糖业：中粮糖业控股股份有限公司2025年度环境、社会及治理（ESG）报告,downloaded,
1225220583,600737,中粮糖业,中粮糖业：中粮糖业控股股份有限公司2025年度环境、社会及治理（ESG）报告摘要,skipped_summary,
1225220801,600177,雅戈尔,雅戈尔：雅戈尔时尚股份有限公司2025年度环境、社会及治理（ESG）暨社会责任报告,downloaded,
1225224560,920299,灿能电力,[临时公告]灿能电力:2025年度可持续发展（ESG）报告,downloaded,
1225250166,920019,铜冠矿建,[临时公告]铜冠矿建:2025年度环境、社会及公司治理（ESG）报告,downloaded,
1225200488,605488,福莱新材,福莱新材：福莱新材2025年度环境、社会和公司治理（ESG）报告,downloaded,
1225201109,603979,金诚信,金诚信：金诚信2025年环境、社会和治理（ESG）报告,downloaded,
1225201116,603979,金诚信,金诚信：金诚信2025年环境、社会和治理（ESG）报告摘要,skipped_summary,
1225204512,688690,纳微科技,纳微科技：苏州纳微科技股份有限公司2025年环境、社会及治理（ESG）报告,downloaded,
1225207942,603257,中国瑞林,中国瑞林：中国瑞林工程技术股份有限公司2025年度环境、社会与公司治理（ESG）报告,downloaded,
1225208621,688128,中国电研,中国电研：中国电研2025年度环境、社会和公司治理(ESG)报告摘要,skipped_summary,
1225214412,600456,宝钛股份,宝钛股份：宝鸡钛业股份有限公司2025年环境、社会和治理(ESG)报告,downloaded,
1225212056,000801,四川九洲,四川九洲：四川九洲电器股份有限公司2025年度环境、社会及治理（ESG）报告,downloaded,
1225218894,688052,纳芯微,纳芯微：2025年度环境、社会及公司治理（ESG）报告（英文版）,skipped_english,
1225219219,688261,东微半导,东微半导：苏州东微半导体股份有限公司环境、社会和公司治理(ESG)报告,downloaded,
1225222403,688515,裕太微,裕太微：2025年度环境、社会及公司治理（ESG）报告摘要,skipped_summary,
1225247345,920375,派诺科技,[临时公告]派诺科技:2025年度环境、社会及治理（ESG）报告,skipped_duplicate_normalized_filename,
1225219192,603272,*ST联翔,联翔股份：2025年度环境、社会及治理（ESG）暨社会责任报告,downloaded,
1225208209,688128,中国电研,中国电研：中国电研2025年度环境、社会和公司治理(ESG)报告,downloaded,
1225208587,600874,创业环保,创业环保：创业环保2025年可持续发展暨环境、社会及管治（ESG）报告,downloaded,
1225216761,000922,佳电股份,佳电股份：佳电股份ESG报告鉴证声明-中文,downloaded,
1225249898,920592,华信永道,[临时公告]华信永道:2025年度环境、社会及公司治理（ESG）报告,downloaded,
1225199029,300882,万胜智能,万胜智能：2025年度环境、社会及公司治理(ESG)报告,downloaded,
1225205805,601975,招商南油,招商南油：招商南油2025年度环境、社会和公司治理（ESG）报告,downloaded,
1225205326,600967,内蒙一机,内蒙一机：内蒙古第一机械集团股份有限公司2025年度环境、社会及公司治理（ESG）报告摘要,skipped_summary,
1225211463,301518,长华化学,长华化学：2025年度环境、社会和公司治理（ESG）报告,downloaded,
1225212077,000598,兴蓉环境,兴蓉环境：2025年度环境、社会及公司治理（ESG）报告,downloaded,
1225215470,603399,永杉锂业,永杉锂业：永杉锂业2025年可持续发展(ESG)报告,downloaded,
1225435536,000997,新 大 陆,新 大 陆：新大陆2025年度环境、社会和公司治理（ESG）报告（英文版）,skipped_english,
1225432177,159621,ESGETF国泰,ESGETF国泰：国泰MSCI中国A股ESG通用交易型开放式指数证券投资基金2026年第2季度报告,removed_false_positive,基金季度报告，不是企业ESG报告
1225428165,02683,华新手袋国际控股,华新手袋国际控股：致非登记股东之通知信函 - 2025/26年度报告、通函、会议通告及委任代表表格（「本次公司通讯文件」）及2025/26年环境、社会及管治报告（「2025/26年ESG报告」）之发布通知,removed_false_positive,发布通知信函，不是ESG报告正文
1225428088,02683,华新手袋国际控股,华新手袋国际控股：致登记股东之通知信函 - 2025/26年度报告、通函、会议通告及委任代表表格（「本次公司通讯文件」及2025/26年环境、社会及管治报告（「2025/26年ESG报告」）之发布通知,skipped_duplicate_normalized_filename,
1225418499,002385,大北农,大北农：2025年度可持续发展报告（ESG报告英文版）,skipped_english,
1225396175,603324,盛剑科技,盛剑科技：盛剑科技2025年度环境、社会和公司治理（ESG）报告（英文版）,skipped_english,
1225396229,301027,华蓝集团,华蓝集团：2025年度华蓝集团股份公司社会责任报告暨环境、社会及治理（ESG）报告,downloaded,
1225393805,688156,路德科技,路德科技：2025年度环境、社会及治理（ESG）报告摘要,skipped_summary,
1225393816,688156,路德科技,路德科技：2025年度环境、社会及治理（ESG）报告,downloaded,
1225268509,600400,红豆股份,红豆股份：红豆股份2025年度环境、社会和公司治理（ESG）报告摘要,skipped_summary,
1225269000,600636,*ST国化,*ST国化：国新文化控股股份有限公司2025年ESG报告,downloaded,
1225257277,600031,三一重工,三一重工：三一重工股份有限公司2025年可持续发展（ESG）报告,downloaded,
1225257330,600031,三一重工,三一重工：三一重工股份有限公司2025年可持续发展（ESG）报告摘要,skipped_summary,
1225256907,688408,中信博,中信博：中信博2025年度环境、社会与公司治理(ESG)报告摘要,skipped_summary,
1225256397,600689,上海三毛,上海三毛：上海三毛企业（集团）股份有限公司2025年环境、社会和公司治理（ESG）报告,downloaded,
1225263731,688219,会通股份,会通股份：会通新材料股份有限公司2025年环境、社会与公司治理（ESG）报告,downloaded,
1225264044,688339,亿华通,亿华通：亿华通2025环境、社会与管制（ESG报告）,removed_duplicate_company,与现有亿华通报告属于同一家公司
1225264053,688339,亿华通,亿华通：亿华通2025环境、社会与管制（ESG报告）（英文）,skipped_duplicate_normalized_filename,
1225262924,600436,片仔癀,片仔癀：漳州片仔癀药业股份有限公司2025年度环境、社会和公司治理（ESG）报告,downloaded,
1225263885,688585,上纬新材,上纬新材：2025年度可持续发展（ESG)报告,downloaded,
1225265576,600682,南京新百,南京新百：南京新百2025年度环境、社会和公司治理（ESG）报告,downloaded,
1225264265,601021,春秋航空,春秋航空：春秋航空2025年度环境、社会和公司治理（ESG）报告,downloaded,
upload-d50eb584be9296b8,301019,宁波色母,301019_宁波色母_2025_可持续发展报告,uploaded,
