report_id,indicator_id,indicator_name,dimension,indicator_type,status,value,unit,evidence_quote,page_no,block_id,block_type,error_category,root_cause,fix_strategy,raw_response
000016_深康佳Ａ_2025_ESG报告,s_training,员工培训,S,quantitative,error,"8,547",人,"员工培训人数 | 人 | 8,840 | 8,593 | 8,547 员工培训总时长 | 小时 | 37,800 | 15,638 | 87,170 员工培训覆盖率 | % | 62.67 | 64.33 | 70.91",44,000016_深康佳Ａ_2025_ESG报告:p44:b1,table,llm_error,证据表格明确列示2025年员工培训人数及单位。 evidence quote not uniquely traceable to candidates,检查 llm_errors.csv 中 raw_response 和候选证据。,
000403_派林生物_2025_ESG报告,s_compensation_benefits,薪酬福利,S,qualitative,error,,,公司依据《职工福利管理制度》等内部规章，建立了兼顾公平性与竞争力的薪酬福利体系。在依法足额缴纳“五险一金”的基础上，为符合条件的员工建立企业年金计划，并提供节日、子女教育等多项津贴补贴。,33,000403_派林生物_2025_ESG报告:p33:b3,paragraph,llm_error,证据详细描述了薪酬福利体系、五险一金、年金及津贴等内容，符合定性指标要求。 evidence quote not uniquely traceable to candidates,检查 llm_errors.csv 中 raw_response 和候选证据。,
000403_派林生物_2025_ESG报告,s_supplier,供应商管理,S,boolean,error,true,,公司建立了覆盖供应商全生命周期的管理制度体系，制定了《采购及招标管理办法》《物料供应商管理规程》《供应商审计管理规程》等一系列规章制度，确保供应商管理有章可循、责任到人。,20,000403_派林生物_2025_ESG报告:p20:b1,paragraph,llm_error,证据明确披露了供应商管理制度及规程，符合布尔型指标要求。 evidence quote not uniquely traceable to candidates,检查 llm_errors.csv 中 raw_response 和候选证据。,
000526_学大教育_2025_ESG报告,s_research_development,研发投入,S,quantitative,error,3543.10,万元人民币,"研发投入金额 | 单位 | 2024年 | 2025年 研发投入金额 | 万元人民币 | 3,495.12 | 3,543.10",44,000526_学大教育_2025_ESG报告:p44:b0,table,llm_error,表格明确披露2025年研发投入金额及单位 evidence quote not uniquely traceable to candidates,检查 llm_errors.csv 中 raw_response 和候选证据。,
000537_绿发电力_2025_ESG报告,s_supplier,供应商管理,S,boolean,error,true,,公司执行《供应商关系管理办法(试行)》等相关内部管理规范，将供应商管理纳入采购全生命周期管理活动中，形成供应商进入一退出的全面合规管理体系。,22,000537_绿发电力_2025_ESG报告:p22:b13,paragraph,llm_error,证据明确披露了供应商管理制度及全生命周期管理措施。 evidence quote not uniquely traceable to candidates,检查 llm_errors.csv 中 raw_response 和候选证据。,
000557_西部创业_2025_可持续发展报告,s_human_rights,人权与劳工准则,S,boolean,error,true,,我们严格遵守《妇女权益保障法》等法规，制定实施《员工管理办法》《劳动合同》《集体合同》，坚持公平就业，严禁任何形式的歧视、强迫劳动及使用童工。,38,000557_西部创业_2025_可持续发展报告:p38:b40,paragraph,llm_error,证据明确披露了反歧视、反强迫劳动及禁止童工的政策与措施。 evidence quote not uniquely traceable to candidates,检查 llm_errors.csv 中 raw_response 和候选证据。,
000598_兴蓉环境_2025_ESG报告,e_renewable_energy,可再生能源使用量,E,quantitative,error,5078739.00,千瓦时,"议题:能源利用 光伏发电 | 千瓦时 | 5,078,739.00",35,000598_兴蓉环境_2025_ESG报告:p35:b14,table,llm_error,证据明确披露光伏发电量，属于可再生能源。 evidence quote not uniquely traceable to candidates,检查 llm_errors.csv 中 raw_response 和候选证据。,
000720_新能泰山_2025_ESG报告,g_board_diversity,董事会多元化,G,quantitative,error,0,人,女性董事数量 | 人 | 0 | 1 | 1 男性董事数量 | 人 | 10 | 9 | 9,34,000720_新能泰山_2025_ESG报告:p34:b2,table,llm_error,证据明确披露了2025年女性董事数量为0人。 evidence quote not uniquely traceable to candidates,检查 llm_errors.csv 中 raw_response 和候选证据。,
000720_新能泰山_2025_ESG报告,g_board_meetings,董事会会议次数,G,quantitative,error,9,次,治理指标 | 董事会召开次数 | 次 | 9 | 12 | 9,34,000720_新能泰山_2025_ESG报告:p34:b2,table,llm_error,表格明确列出2025年董事会召开次数为9次。 evidence quote not uniquely traceable to candidates,检查 llm_errors.csv 中 raw_response 和候选证据。,
000720_新能泰山_2025_ESG报告,g_shareholder_meetings,股东大会次数,G,quantitative,error,5,次,治理指标 | 股东会召开次数 | 次 | 5 | 6 | 3,34,000720_新能泰山_2025_ESG报告:p34:b2,table,llm_error,证据表格明确披露2025年股东会召开次数为5次。 evidence quote not uniquely traceable to candidates,检查 llm_errors.csv 中 raw_response 和候选证据。,
000881_中广核技_2025_ESG报告,s_rural_revitalization,乡村振兴,S,qualitative,error,,,2025年乡村振兴亮点举措：产业帮扶，百色市农产品电子束保鲜帮扶项目首次实现盈亏平衡；消费帮扶，采购农副产品；人才振兴，开展培训；种业振兴，应用辐照技术助力产业升级。,40,000881_中广核技_2025_ESG报告:p40:b4,table,llm_error,证据明确列出了乡村振兴的具体举措和成果，支持定性提取。 evidence quote not uniquely traceable to candidates,检查 llm_errors.csv 中 raw_response 和候选证据。,
000881_中广核技_2025_ESG报告,g_board_diversity,董事会多元化,G,quantitative,error,2,名,董事会成员9名 其中女性董事2名 独立董事3名,43,000881_中广核技_2025_ESG报告:p43:b5,paragraph,llm_error,证据明确披露女性董事人数，符合多元化指标要求。 evidence quote not uniquely traceable to candidates,检查 llm_errors.csv 中 raw_response 和候选证据。,
000881_中广核技_2025_ESG报告,e_renewable_energy,可再生能源使用量,E,quantitative,error,1582.60,吨标准煤,"自产可再生能源用量 | 吨标准煤 | —— | 734.80 | 1,582.60",46,000881_中广核技_2025_ESG报告:p46:b17,table,llm_error,表格明确披露2025年自产可再生能源用量数值及单位。 evidence quote not uniquely traceable to candidates,检查 llm_errors.csv 中 raw_response 和候选证据。,
000923_河钢资源_2025_ESG报告,e_air_pollutants,大气污染物排放,E,quantitative,error,135.7,吨,2025年，颗粒物（PM）排放135.7吨，二氧化硫（SO2）排放0.7吨，氮氧化物（NOx）排放110.2吨。,26,000923_河钢资源_2025_ESG报告:p26:b19,paragraph,llm_error,证据明确披露了2025年大气污染物排放数值。 evidence quote not uniquely traceable to candidates,检查 llm_errors.csv 中 raw_response 和候选证据。,
000998_隆平高科_2025_ESG报告,e_energy_total,能源消耗总量,E,quantitative,error,"31,792.33",吨标准煤,"综合能源消耗总量 | 吨标准煤 | 31,792.33",89,000998_隆平高科_2025_ESG报告:p89:b2,table,llm_error,表格明确列出综合能源消耗总量数值及单位。 evidence quote not uniquely traceable to candidates,检查 llm_errors.csv 中 raw_response 和候选证据。,
000998_隆平高科_2025_ESG报告,s_rural_revitalization,乡村振兴,S,qualitative,error,,,2025年，子公司隆平信息与深圳开鸿数字产业发展有限公司设立隆平开鸿农业科技（北京）有限公司，其作为数字农业领域的唯一合作平台，聚焦“农业开源鸿蒙操作系统”研发与生态建设，以数字新质生产力助力乡村振兴，保障国家农业数据与系统安全。,52,000998_隆平高科_2025_ESG报告:p52:b1,paragraph,llm_error,证据明确提及以数字新质生产力助力乡村振兴。 evidence quote not uniquely traceable to candidates,检查 llm_errors.csv 中 raw_response 和候选证据。,
001322_箭牌家居_2025_ESG报告,e_electricity_total,耗电量,E,quantitative,error,"15,830.35",万度,"全年传统电力消耗总量 | 单位 | 2025年 | 2024年 | 2023年 全年传统电力消耗总量 | 万度 | 15,830.35 | 18,809.11 | 17,532.96",36,001322_箭牌家居_2025_ESG报告:p36:b3,table,llm_error,表格明确披露2025年传统电力消耗总量及单位。 evidence quote not uniquely traceable to candidates,检查 llm_errors.csv 中 raw_response 和候选证据。,
002011_盾安环境_2025_ESG报告,g_cybersecurity_governance,网络安全治理,G,qualitative,error,,,公司严格遵守《中华人民共和国网络安全法》等相关法律法规，建立《网络系统运行管理规定》等内部管理制度，强化技术防护与管理创新，全面提升信息安全保障能力。,32,002011_盾安环境_2025_ESG报告:p32:b17,paragraph,llm_error,证据明确披露了网络安全相关的内部管理制度及治理措施。 evidence quote not uniquely traceable to candidates,检查 llm_errors.csv 中 raw_response 和候选证据。,
002035_华帝股份_2025_ESG报告,s_employee_rights,员工权益保障,S,qualitative,error,,,回应与沟通：保障员工权益·提供安全的职场环境·完善员工考核和晋升机制·多渠道员工沟通·设立举报电话、信箱及邮箱,9,002035_华帝股份_2025_ESG报告:p9:b3,table,llm_error,证据明确列出员工权益保障的具体措施与沟通机制。 evidence quote not uniquely traceable to candidates,检查 llm_errors.csv 中 raw_response 和候选证据。,
002048_宁波华翔_2025_ESG报告,s_data_security,数据安全与隐私保护,S,boolean,error,true,,"信息安全与客户隐私保护...泄露客户隐私次数 0...隐私与数据安全培训总时长 8,936",47,002048_宁波华翔_2025_ESG报告:p47:b2,table,llm_error,证据明确披露了数据安全与隐私保护的绩效指标及培训情况。 evidence quote not uniquely traceable to candidates,检查 llm_errors.csv 中 raw_response 和候选证据。,
002203_海亮股份_2025_ESG报告,s_human_rights,人权与劳工准则,S,boolean,error,true,,制定《海亮股份招聘管理办法》，明确禁止任何形式的就业歧视，严禁雇用童工和强迫劳动，确保用工符合法律法规。,35,002203_海亮股份_2025_ESG报告:p35:b4,paragraph,llm_error,证据明确披露了禁止歧视、童工及强迫劳动的人权准则。 evidence quote not uniquely traceable to candidates,检查 llm_errors.csv 中 raw_response 和候选证据。,
002326_永太科技_2025_ESG报告,e_particulate,颗粒物排放量,E,quantitative,error,0.62,吨,废气排放情况 颗粒物 | 吨 | 0.62,48,002326_永太科技_2025_ESG报告:p48:b5,table,llm_error,表格明确列出颗粒物排放量为0.62吨 evidence quote not uniquely traceable to candidates,检查 llm_errors.csv 中 raw_response 和候选证据。,
002444_巨星科技_2025_ESG报告,s_community_investment,公益慈善投入,S,quantitative,error,125.29,万元人民币,社会公益投入金额 | 单位 | 2025年 社会公益投入金额 | 万元人民币 | 125.29,47,002444_巨星科技_2025_ESG报告:p47:b6,table,llm_error,表格明确披露2025年社会公益投入金额及单位。 evidence quote not uniquely traceable to candidates,检查 llm_errors.csv 中 raw_response 和候选证据。,
002490_山东墨龙_2025_ESG报告,s_employee_gender,女性员工人数或占比,S,quantitative,error,349,人,按性别 | 女性 | 人 | 386 | 349,73,002490_山东墨龙_2025_ESG报告:p73:b0,table,llm_error,证据明确披露2025年女性员工人数为349人。 evidence quote not uniquely traceable to candidates,检查 llm_errors.csv 中 raw_response 和候选证据。,
002490_山东墨龙_2025_ESG报告,s_work_injury,工伤事故,S,quantitative,error,2,起,工伤事故起数 | 起 | 8 | 2 工伤人数 | 人 | 8 | 2 因工死亡事故起数 | 起 | 0 | 0,71,002490_山东墨龙_2025_ESG报告:p71:b0,table,llm_error,表格明确披露2025年工伤事故起数为2起。 evidence quote not uniquely traceable to candidates,检查 llm_errors.csv 中 raw_response 和候选证据。,
002490_山东墨龙_2025_ESG报告,g_information_disclosure,信息披露,G,qualitative,error,,,公司高度重视信息披露工作，严格按照有关法律法规以及《信息披露管理制度》等相关要求，规范信息披露的内容、形式、流程、责任划分与保密管理，通过境内外指定披露平台，同步发布会议通知、决议公告等重要信息，保障全体投资者公平、公正、公开获取公司信息，持续提升信息披露质量与公司治理透明度。,17,002490_山东墨龙_2025_ESG报告:p17:b18,paragraph,llm_error,证据明确描述了公司信息披露的制度遵循、规范流程及平台发布情况，符合定性指标要求。 evidence quote not uniquely traceable to candidates,检查 llm_errors.csv 中 raw_response 和候选证据。,
002533_金杯电工_2025_ESG报告,s_safety,安全生产,S,qualitative,error,,,依托《中华人民共和国安全生产法》等法规要求，公司搭建覆盖责任落实、安全教育、危险作业等全场景的专项管理制度体系，总部及部分子公司通过安全ISO安全45001职业健康安全管理体系认证，形成“制度引领、责任压实、全员参与”的管理模式。,41,002533_金杯电工_2025_ESG报告:p41:b0,paragraph,llm_error,证据明确描述了安全生产管理制度体系及认证情况。 evidence quote not uniquely traceable to candidates,检查 llm_errors.csv 中 raw_response 和候选证据。,
002533_金杯电工_2025_ESG报告,s_supplier,供应商管理,S,boolean,error,true,,公司制定《供应商准入管理制度》等制度，强化供应商的动态发现、评价更新机制，围绕供方认证、分类分级、绩效评估、考察培养及退出管理为供应商构建了全生命周期管理体系。,33,002533_金杯电工_2025_ESG报告:p33:b3,paragraph,llm_error,证据明确披露了供应商管理制度及全生命周期管理体系。 evidence quote not uniquely traceable to candidates,检查 llm_errors.csv 中 raw_response 和候选证据。,
002663_普邦股份_2025_ESG报告,s_employee_rights,员工权益保障,S,qualitative,error,,,员工关注议题：薪酬与福利、发展与培训、健康与安全、民主管理。沟通与回应：完善薪酬福利体系、建立职业晋升路径、开展员工关怀、职业病防护与体检、职工代表大会。,7,002663_普邦股份_2025_ESG报告:p7:b2,table,llm_error,证据明确列出了员工权益保障的具体措施和沟通回应机制。 evidence quote not uniquely traceable to candidates,检查 llm_errors.csv 中 raw_response 和候选证据。,
002663_普邦股份_2025_ESG报告,g_stakeholder_communication,利益相关方沟通,G,qualitative,error,,,沟通与回应：·股东会·定期报告及临时公告·日常沟通(电话、邮件、互动易平台)·投资者活动·内控审计 ·完善薪酬福利体系·建立职业晋升路径·开展员工关怀 ·反商业贿赂及反贪污·客户拜访·客户服务热线·满意度调查 ·反不正当竞争·技术创新·行业论坛、活动 ·绿色运营·污染防控·社区活动·公益慈善,7,002663_普邦股份_2025_ESG报告:p7:b2,table,llm_error,证据详细列出了与各利益相关方的沟通方式。 evidence quote not uniquely traceable to candidates,检查 llm_errors.csv 中 raw_response 和候选证据。,
002663_普邦股份_2025_ESG报告,g_cybersecurity_governance,网络安全治理,G,qualitative,error,,,实施全面数据备份、常态化病毒防治、严格远程访问管控、完善应急响应机制、部署双重防火墙屏障、深化日志审计与漏洞排查。,17,002663_普邦股份_2025_ESG报告:p17:b24,image,llm_error,证据明确列出了网络安全风险管理的核心举措，涵盖备份、防治、管控、响应、防火墙及审计等方面。 evidence quote not uniquely traceable to candidates,检查 llm_errors.csv 中 raw_response 和候选证据。,
002692_远程股份_2026_ESG报告,e_waste_total,废弃物产生量,E,quantitative,error,93.52,吨,一般废弃物产生量 吨 62.58 62.28 危险废物产生量 吨 30.94 52.37,28,002692_远程股份_2026_ESG报告:p28:b4,table,llm_error,证据包含一般固废和危废产生量，加总得2025年总量。 evidence quote not uniquely traceable to candidates,检查 llm_errors.csv 中 raw_response 和候选证据。,
002692_远程股份_2026_ESG报告,s_product_quality,产品质量管理,S,qualitative,error,,,公司制定并实施《质量管理办法》等管理制度，实现对产品生产与服务提供的全流程规范化管控。公司设立了质量管理机构，推动质量策划、控制、保证与改进。,39,002692_远程股份_2026_ESG报告:p39:b6,paragraph,llm_error,证据明确披露了质量管理体系、制度、机构及认证情况。 evidence quote not uniquely traceable to candidates,检查 llm_errors.csv 中 raw_response 和候选证据。,
002807_江阴银行_2025_ESG报告,e_ghg_total,温室气体排放总量,E,quantitative,error,"10,957.22",吨二氧化碳当量,"温室气体排放总量(范围一和范围二) | 吨二氧化碳当量 | 10,957.22",14,002807_江阴银行_2025_ESG报告:p14:b3,table,llm_error,证据明确披露2025年温室气体排放总量数值及单位。 evidence quote not uniquely traceable to candidates,检查 llm_errors.csv 中 raw_response 和候选证据。,
002807_江阴银行_2025_ESG报告,e_energy_total,能源消耗总量,E,quantitative,error,"2,414.95",吨标准煤,"能源消耗总量 | 吨标准煤 | 2,414.95",19,002807_江阴银行_2025_ESG报告:p19:b17,table,llm_error,表格明确列出2025年能源消耗总量数值及单位。 evidence quote not uniquely traceable to candidates,检查 llm_errors.csv 中 raw_response 和候选证据。,
002807_江阴银行_2025_ESG报告,g_cybersecurity_governance,网络安全治理,G,qualitative,error,,,本行严格遵循《中华人民共和国网络安全法》等法律法规，制定《信息安全管理制度》《网络安全管理办法》等一系列政策制度和管理规范，构筑完善的信息安全与数据管理体系，建立信息安全事件自动预警机制。,31,002807_江阴银行_2025_ESG报告:p31:b35,paragraph,llm_error,证据明确披露了网络安全相关的管理制度、体系及预警机制。 evidence quote not uniquely traceable to candidates,检查 llm_errors.csv 中 raw_response 和候选证据。,
002851_麦格米特_2025_ESG暨社会责任报告,e_waste_total,废弃物产生量,E,quantitative,error,2098.74,吨,"有害废弃物总量 吨 152.27 无害废弃物总量 吨 1,946.47",47,002851_麦格米特_2025_ESG暨社会责任报告:p47:b0,table,llm_error,证据明确列出有害及无害废弃物2025年数据，加总得总量。 evidence quote not uniquely traceable to candidates,检查 llm_errors.csv 中 raw_response 和候选证据。,
002886_沃特股份_2025_ESG报告,s_customer_satisfaction,客户满意度,S,quantitative,error,96.22,分,2025 客户满意度(分) | 96.22,26,002886_沃特股份_2025_ESG报告:p26:b33,table,llm_error,表格明确披露2025年客户满意度数值及单位。 evidence quote not uniquely traceable to candidates,检查 llm_errors.csv 中 raw_response 和候选证据。,
00568_山东墨龙_2025_ESG报告,g_party_building,党建工作,G,boolean,error,True,,墨龙党建 主要荣誉 先进基层党组织 共产党员示范商户 党员领春党领导头参与职工集体贡献献益活动 预备党员参与党史学习,14,00568_山东墨龙_2025_ESG报告:p14:b2,image,llm_error,证据明确提及党建荣誉及活动，证实披露了党建工作。 evidence quote not uniquely traceable to candidates,检查 llm_errors.csv 中 raw_response 和候选证据。,
01432_中国圣牧_2025_ESG报告,g_anti_corruption,反腐败机制,G,boolean,error,true,,公司高度重視廉政建設及反腐敗反貪汙工作，設立紀檢部門貫徹落實關於反腐敗工作的各項要求制定《禮品禮金管理辦法》《業務招待費用管理制度》等一系列制度規範,14,01432_中国圣牧_2025_ESG报告:p14:b12,paragraph,llm_error,证据明确披露了设立纪检部门及制定反腐败相关制度规范。 evidence quote not uniquely traceable to candidates,检查 llm_errors.csv 中 raw_response 和候选证据。,
02402_亿华通_2025_ESG报告,s_data_security,数据安全与隐私保护,S,boolean,error,true,,客户数据与隐私管理...已证实的信息安全事件数量,11,02402_亿华通_2025_ESG报告:p11:b5,table,llm_error,证据明确提及客户数据与隐私管理及信息安全事件统计，符合披露要求。 evidence quote not uniquely traceable to candidates,检查 llm_errors.csv 中 raw_response 和候选证据。,
02402_亿华通_2025_ESG报告,g_anti_corruption,反腐败机制,G,boolean,error,true,,GRI 205: 反腐败 2016 205-2 | 反腐败政策和程序的传达及培训 | 商业道德建设 205-3 | 经确认的腐败事件和采取的行动 | 商业道德建设,59,02402_亿华通_2025_ESG报告:p59:b1,table,llm_error,GRI索引明确列出反腐败政策、培训及事件披露位置，证实机制存在。 evidence quote not uniquely traceable to candidates,检查 llm_errors.csv 中 raw_response 和候选证据。,
06198_青岛港_2025_ESG报告,g_risk_management,风险管理体系,G,boolean,error,true,,董事會決策機構，指導公司內部控制系統的建設和實施。審計委員會審查監督公司內部控制系統運行情況。,18,06198_青岛港_2025_ESG报告:p18:b8,image,llm_error,证据明确披露了内部控制管理架构及各部门职责，符合风险管理体系披露要求。 evidence quote not uniquely traceable to candidates,检查 llm_errors.csv 中 raw_response 和候选证据。,
06810_商米科技-Ｗ_2025_ESG报告,s_data_security,数据安全与隐私保护,S,boolean,error,true,,依据《信息安全等级保护管理办法》的有关规定，上海商米科技集团股份有限公司单位的：商米官网系统 第二级 予以备案。,38,06810_商米科技-Ｗ_2025_ESG报告:p38:b2,image,llm_error,证据显示系统通过等保二级备案，证明有数据安全机制。 evidence quote not uniquely traceable to candidates,检查 llm_errors.csv 中 raw_response 和候选证据。,
06810_商米科技-Ｗ_2025_ESG报告,g_stakeholder_communication,利益相关方沟通,G,qualitative,error,,,利益相關方溝通方式：股東/投資者·企業年報、中期報告與公告·股東會·業績說明會·投資者見面會·電話、郵件、網站意見回饋平臺；商戶與企業·大客戶關係·客戶滿意度調查·全球服務網絡·展會、論壇、峰會等活動·網站及社交媒體；開發者/管道商/供應商/承包商·採購活動·網站、社交媒體·夥伴大會·共創與賦能·培訓與評估；員工·職工大會/職工代表大會·新員工入職培訓·定期溝通與培訓·組織活力調研·心社區(內部溝通平臺)·CEO意見箱、內部申訴郵件、電話；政府/監管機構·日常溝通彙報·專題調研與現場會·會議、論壇交流·標準、政策制定、意見回饋·網站、社交媒體；NGOs/國際組織/專業機構·論壇/峰會活動·可持續發展合作專案·來訪接待與訪談；社區·走訪與現場調研·意見回饋·網路、社交媒體；媒體/意見領袖/行業組織·論壇/峰會活動·來訪接待與訪談·網站、社交媒體；環境組織·低碳宣傳·生態環保公益志願活動·環境相關運營數據披露,12,06810_商米科技-Ｗ_2025_ESG报告:p12:b9,table,llm_error,证据表格详细列出了各类利益相关方及其对应的沟通方式，信息完整明确。 evidence quote not uniquely traceable to candidates,检查 llm_errors.csv 中 raw_response 和候选证据。,
06810_商米科技-Ｗ_2025_ESG报告,g_anti_corruption,反腐败机制,G,boolean,error,true,,GRI 205-1 已進行腐敗風險評估的運營點 今年開展了廉潔 / 反貪腐內部風險評估的子公司百分比 100%。GRI 205-2 反腐敗政策和程式的傳達及培訓 員工簽署廉潔承諾書 / 簽收廉潔告知函的人數 1263。,66,06810_商米科技-Ｗ_2025_ESG报告:p66:b2,table,llm_error,证据明确披露了反腐败风险评估、政策传达及培训机制。 evidence quote not uniquely traceable to candidates,检查 llm_errors.csv 中 raw_response 和候选证据。,
09668_渤海银行_2025_ESG暨社会责任报告,s_employee_rights,员工权益保障,S,qualitative,error,,,本行認真落實以職代會為基本形式的民主管理制度，依託工會組織促進廣大員工充分參與企業民主管理，合力構建和諧勞動關係。,87,09668_渤海银行_2025_ESG暨社会责任报告:p87:b7,paragraph,llm_error,证据明确描述了民主管理制度及员工参与情况，符合员工权益保障定性指标要求。 evidence quote not uniquely traceable to candidates,检查 llm_errors.csv 中 raw_response 和候选证据。,
300035_中科电气_2025_ESG报告,e_nox,氮氧化物排放量,E,quantitative,error,11.61,吨,氮氧化物排放总量 | 吨 | 11.61 | 4.95,38,300035_中科电气_2025_ESG报告:p38:b10,table,llm_error,表格明确披露2025年氮氧化物排放总量为11.61吨。 evidence quote not uniquely traceable to candidates,检查 llm_errors.csv 中 raw_response 和候选证据。,
300035_中科电气_2025_ESG报告,e_particulate,颗粒物排放量,E,quantitative,error,2.65,吨,颗粒物排放总量 | 吨 | 2.65 | 19.14,38,300035_中科电气_2025_ESG报告:p38:b10,table,llm_error,表格明确披露2025年颗粒物排放总量为2.65吨。 evidence quote not uniquely traceable to candidates,检查 llm_errors.csv 中 raw_response 和候选证据。,
300035_中科电气_2025_ESG报告,s_supplier,供应商管理,S,boolean,error,true,,制定《供应商管理控制程序》《招标管理制度》等内部管理制度文件，对供应商准入、分类、评价、审计、质量控制、风险管理与廉洁管理等关键环节进行全面管理,49,300035_中科电气_2025_ESG报告:p49:b3,paragraph,llm_error,证据明确披露了供应商管理制度及全生命周期管理措施。 evidence quote not uniquely traceable to candidates,检查 llm_errors.csv 中 raw_response 和候选证据。,
300035_中科电气_2025_ESG报告,s_human_rights,人权与劳工准则,S,boolean,error,true,,制定《禁止强迫劳动和保障自由制度》《禁止使用童工及童工救济制度》《无歧视、无骚扰、无虐待制度》等专项制度,54,300035_中科电气_2025_ESG报告:p54:b4,paragraph,llm_error,证据明确披露了禁止强迫劳动、童工及反歧视等劳工准则相关制度。 evidence quote not uniquely traceable to candidates,检查 llm_errors.csv 中 raw_response 和候选证据。,
300149_睿智医药_2025_ESG报告,e_waste_total,废弃物产生量,E,quantitative,error,1080.10,吨,"有害废弃物总量 吨 1,050.30 无害废弃物总量 吨 29.80",40,300149_睿智医药_2025_ESG报告:p40:b0,table,llm_error,证据表格明确列示2025年有害及无害废弃物总量，加和得总产生量。 evidence quote not uniquely traceable to candidates,检查 llm_errors.csv 中 raw_response 和候选证据。,
300149_睿智医药_2025_ESG报告,s_work_injury,工伤事故,S,quantitative,error,0.23%,%,工伤率 0.23%,30,300149_睿智医药_2025_ESG报告:p30:b3,table,llm_error,证据明确披露工伤率为0.23% evidence quote not uniquely traceable to candidates,检查 llm_errors.csv 中 raw_response 和候选证据。,
300149_睿智医药_2025_ESG报告,s_research_development,研发投入,S,quantitative,error,"5,984.17",万元,"| 指标 | 单位 | 2024年 | 2025年 研发 | 研发投入 | 万元 | 5,955.09 | 5,984.17",40,300149_睿智医药_2025_ESG报告:p40:b0,table,llm_error,表格明确披露2025年研发投入数值及单位 evidence quote not uniquely traceable to candidates,检查 llm_errors.csv 中 raw_response 和候选证据。,
300149_睿智医药_2025_ESG报告,s_human_rights,人权与劳工准则,S,boolean,error,true,,公司严格遵守《劳动法》等法律法规，制定《反强迫劳动与合规用工管理制度》等内部制度，确保员工健康和安全的工作环境。,26,300149_睿智医药_2025_ESG报告:p26:b6,paragraph,llm_error,证据明确披露了公司制定并执行反强迫劳动、反歧视及合规用工的相关制度与承诺。 evidence quote not uniquely traceable to candidates,检查 llm_errors.csv 中 raw_response 和候选证据。,
300149_睿智医药_2025_ESG报告,g_independent_director_ratio,独立董事占比,G,quantitative,error,50,%,董事会成员人数 人 6 6 独立董事人数 人 3 3,40,300149_睿智医药_2025_ESG报告:p40:b1,table,llm_error,证据明确给出董事总数6人，独立董事3人，占比50%。 evidence quote not uniquely traceable to candidates,检查 llm_errors.csv 中 raw_response 和候选证据。,
300212_易华录_2025_ESG报告,s_compensation_benefits,薪酬福利,S,qualitative,error,,,完善薪酬福利体系...员工福利体系：法定福利、津贴福利、健康福利、工会福利、休假福利...为女职工提供公平的...薪酬福利...机会。,38,300212_易华录_2025_ESG报告:p38:b10,image,llm_error,证据详细列出了员工福利体系的具体构成，符合定性指标要求。 evidence quote not uniquely traceable to candidates,检查 llm_errors.csv 中 raw_response 和候选证据。,
300212_易华录_2025_ESG报告,g_anti_corruption,反腐败机制,G,boolean,error,true,,公司严格遵守《关于禁止商业贿赂行为的暂行规定》等法律法规，制定《领导干部廉洁自律学习办法》等制度，建立以纪委为核心的监督管理体系，常态化开展反商业贿赂宣贯。,18,300212_易华录_2025_ESG报告:p18:b15,paragraph,llm_error,证据明确披露了反腐败制度、监督体系及宣贯措施。 evidence quote not uniquely traceable to candidates,检查 llm_errors.csv 中 raw_response 和候选证据。,
300261_雅本化学_2025_ESG报告,e_ghg_total,温室气体排放总量,E,quantitative,error,"69,477.00",吨二氧化碳当量,"2025年 温室气体排放总量(范围1&2)(吨二氧化碳当量) | 69,477.00",25,300261_雅本化学_2025_ESG报告:p25:b26,table,llm_error,表格明确披露2025年温室气体排放总量数值及单位。 evidence quote not uniquely traceable to candidates,检查 llm_errors.csv 中 raw_response 和候选证据。,
300261_雅本化学_2025_ESG报告,g_audit_committee,审计委员会,G,boolean,error,true,,"监督层 | 董事会及其审计委员会 | · 审计委员会:在董事会授权下,负责监督及评估内外部审计工作与内部控制的有效性",43,300261_雅本化学_2025_ESG报告:p43:b6,table,llm_error,证据明确披露了审计委员会的存在及其职责。 evidence quote not uniquely traceable to candidates,检查 llm_errors.csv 中 raw_response 和候选证据。,
300376_易事特_2025_可持续发展报告,s_training,员工培训,S,quantitative,error,"24,523",人次,"接受培训总人次 | 人次 | 8,465 | 23,993 | 24,523 员工培训覆盖率(员工培训参与率) | % | 100 | 100 | 100 每名员工每年接受培训平均时长 | 小时/人 | 58.05 | 30.23 | 30.63",60,300376_易事特_2025_可持续发展报告:p60:b1,table,llm_error,表格明确披露2025年员工培训总人次及覆盖率等定量数据。 evidence quote not uniquely traceable to candidates,检查 llm_errors.csv 中 raw_response 和候选证据。,
300597_吉大通信_2025_ESG报告,g_cybersecurity_governance,网络安全治理,G,qualitative,error,,,公司建立了完善的信息安全管理体系，通过制定并实施《吉大通信信息安全、信息技术服务管理手册》《吉大通信网络安全管理规范》等一系列制度文件，为信息安全工作提供坚实的制度保障。,60,300597_吉大通信_2025_ESG报告:p60:b17,paragraph,llm_error,证据明确披露了网络安全治理相关的制度体系建立情况。 evidence quote not uniquely traceable to candidates,检查 llm_errors.csv 中 raw_response 和候选证据。,
300832_新产业_2025_ESG报告,g_materiality_assessment,实质性议题评估,G,qualitative,error,,,重要性议题矩阵：负责任营销、职业健康与安全、信息安全与隐私保护等议题在影响重要性和财务重要性上均被评估为高或中等级别。,10,300832_新产业_2025_ESG报告:p10:b0,chart,llm_error,证据包含重要性议题矩阵，明确列出了各议题的评估结果。 evidence quote not uniquely traceable to candidates,检查 llm_errors.csv 中 raw_response 和候选证据。,
300834_星辉环材_2025_ESG报告,g_esg_governance,ESG 治理架构,G,boolean,error,true,,ESG管理架构：董事会决策层全面决策公司与ESG相关的重大事项...战略委员会管理层负责统筹协调...证券部执行层负责执行ESG报告的信息采集...,9,300834_星辉环材_2025_ESG报告:p9:b6,image,llm_error,证据明确展示了公司ESG管理架构及各级职责，符合披露要求。 evidence quote not uniquely traceable to candidates,检查 llm_errors.csv 中 raw_response 和候选证据。,
300982_苏文电能_2025_ESG报告,s_safety,安全生产,S,qualitative,error,,,苏文电能高度重视安全生产工作，严格遵守《中华人民共和国安全生产法》等相关法律法规，制定《EHS 综合管理手册》《安全生产管理规定》等制度文件，建立安全生产管理体系并落实安全责任制。,60,300982_苏文电能_2025_ESG报告:p60:b2,paragraph,llm_error,证据明确披露了安全生产管理制度、体系及责任落实情况。 evidence quote not uniquely traceable to candidates,检查 llm_errors.csv 中 raw_response 和候选证据。,
300982_苏文电能_2025_ESG报告,g_materiality_assessment,实质性议题评估,G,qualitative,error,,,公司根据《深圳证券交易所上市公司自律监管指引第17号——可持续发展报告（试行）》《GRI3：实质性议题》等国内外披露标准的评估方法，按照双重重要性评估流程，从“财务重要性”及“影响重要性”两个维度开展议题分析，共鉴别出23项重要性议题，并在报告中予以回应。,15,300982_苏文电能_2025_ESG报告:p15:b1,paragraph,llm_error,证据明确描述了双重重要性评估流程及鉴别出的议题数量。 evidence quote not uniquely traceable to candidates,检查 llm_errors.csv 中 raw_response 和候选证据。,
301019_宁波色母_2025_可持续发展报告,s_product_quality,产品质量管理,S,qualitative,error,,,公司致力于为客户提供优质的产品与服务，坚持产品全生命周期质量管理，制定《化学有害物质管理手册》《不合格品管制程序》等多项产品质量相关管理制度，按照产品标准从设计研发、原材料采购、生产，到成品检测、仓储、交付，开展质量监督管理。,31,301019_宁波色母_2025_可持续发展报告:p31:b0,list,llm_error,证据明确披露了产品质量管理的制度、流程及管控措施。 evidence quote not uniquely traceable to candidates,检查 llm_errors.csv 中 raw_response 和候选证据。,
301073_君亭酒店_2025_ESG报告,g_materiality_assessment,实质性议题评估,G,qualitative,error,,,报告期内，君亭酒店集团依据《深圳证券交易所上市公司自律监管指引第17号——可持续发展报告（试行）》等相关标准，全面开展双重重要性评估工作。,14,301073_君亭酒店_2025_ESG报告:p14:b2,paragraph,llm_error,证据明确披露了开展双重重要性评估的过程及结果。 evidence quote not uniquely traceable to candidates,检查 llm_errors.csv 中 raw_response 和候选证据。,
301308_江波龙_2025_ESG报告,s_employee_total,员工总数,S,quantitative,error,"4,040",人,"社会 | 员工多元化与包容 | | 雇员总数 | 人 | 4,040",78,301308_江波龙_2025_ESG报告:p78:b1,table,llm_error,"证据明确披露2025年雇员总数为4,040人。 evidence quote not uniquely traceable to candidates",检查 llm_errors.csv 中 raw_response 和候选证据。,
301308_江波龙_2025_ESG报告,e_ghg_scope2,间接温室气体排放量,E,quantitative,error,"52,223.99",公吨二氧化碳当量,"范围二温室气体排放量 | 公吨二氧化碳当量 | 52,223.99",78,301308_江波龙_2025_ESG报告:p78:b1,table,llm_error,表格明确列出范围二排放量数值及单位。 evidence quote not uniquely traceable to candidates,检查 llm_errors.csv 中 raw_response 和候选证据。,
301370_国科恒泰_2025_ESG报告,s_employee_rights,员工权益保障,S,qualitative,error,,,员工期望与诉求：多元化与平等民主管理公平薪酬福利体系员工职业发展职业健康安全。沟通与回应方式：保障员工权益倡导民主管理加强员工沟通开展员工培训保护员工健康。,11,301370_国科恒泰_2025_ESG报告:p11:b2,table,llm_error,证据明确列出了针对员工权益保障的具体沟通与回应措施。 evidence quote not uniquely traceable to candidates,检查 llm_errors.csv 中 raw_response 和候选证据。,
301370_国科恒泰_2025_ESG报告,s_supplier,供应商管理,S,boolean,error,true,,公司制定了《供应商资格审核管理办法》《采购预算与计划管理制度》等管理办法，形成了从供应商筛选、采购计划制定到订单执行的全链条管理体系。,33,301370_国科恒泰_2025_ESG报告:p33:b1,paragraph,llm_error,证据明确披露了供应商管理制度及全链条管理体系。 evidence quote not uniquely traceable to candidates,检查 llm_errors.csv 中 raw_response 和候选证据。,
301522_上大股份_2025_ESG报告,e_waste_total,废弃物产生量,E,quantitative,error,29182.37,吨,"有害废弃物总量 | 吨 | 3.35 无害废弃物总量 | 吨 | 25,829.02",45,301522_上大股份_2025_ESG报告:p45:b3,table,llm_error,汇总2025年有害与无害废弃物总量 evidence quote not uniquely traceable to candidates,检查 llm_errors.csv 中 raw_response 和候选证据。,
301599_理奇智能_2025_ESG报告,s_data_security,数据安全与隐私保护,S,boolean,error,true,,公司设立了专门的信息安全责任部门，并制定了《商业秘密管理程序》《个人信息保护管理策略》《数据安全管理程序》等一系列制度，构建了覆盖数据全生命周期的管理体系。,16,301599_理奇智能_2025_ESG报告:p16:b24,paragraph,llm_error,证据明确披露了数据安全与隐私保护的制度、部门及认证措施。 evidence quote not uniquely traceable to candidates,检查 llm_errors.csv 中 raw_response 和候选证据。,
600009_上海机场_2025_ESG报告,g_party_building,党建工作,G,boolean,error,true,,上海机场坚持和加强党的全面领导，推进全面从严治党向纵深发展，以高质量党建为加快建设全方位门户复合型国际航空枢纽提供坚强政治保证和组织保证。,12,600009_上海机场_2025_ESG报告:p12:b2,paragraph,llm_error,证据明确披露坚持加强党的全面领导及高质量党建情况。 evidence quote not uniquely traceable to candidates,检查 llm_errors.csv 中 raw_response 和候选证据。,
600021_上海电力_2025_ESG报告,e_air_pollutants,大气污染物排放,E,quantitative,error,5574.15,吨,二氧化硫排放总量 吨 5063.09 5574.15 氮氧化物排放总量 吨 12498.65 11896.04 烟尘排放总量 吨 297.82 321.54,46,600021_上海电力_2025_ESG报告:p46:b2,table,llm_error,证据表格明确列出了2025年二氧化硫、氮氧化物及烟尘的排放总量数值及单位。 evidence quote not uniquely traceable to candidates,检查 llm_errors.csv 中 raw_response 和候选证据。,
600021_上海电力_2025_ESG报告,e_green_office,绿色办公,E,boolean,error,true,,制定《本部大楼低碳办公行动方案》，发布《“节”尽所能，“紧”上添花》绿色办公倡议，推行无纸化办公、无纸化会议。,20,600021_上海电力_2025_ESG报告:p20:b21,paragraph,llm_error,证据明确披露了绿色办公的制度、倡议及具体措施。 evidence quote not uniquely traceable to candidates,检查 llm_errors.csv 中 raw_response 和候选证据。,
600199_金种子酒_2025_ESG报告,g_cybersecurity_governance,网络安全治理,G,qualitative,error,,,公司严格遵循《中华人民共和国网络安全法》等法律法规，制定了《信息安全管理办法》等制度，强化信息合规性管理，重点防控数据泄露、篡改等风险。,16,600199_金种子酒_2025_ESG报告:p16:b2,paragraph,llm_error,证据明确披露了网络安全治理相关的制度、组织及措施。 evidence quote not uniquely traceable to candidates,检查 llm_errors.csv 中 raw_response 和候选证据。,
600259_中稀有色_2025_ESG报告,g_risk_management,风险管理体系,G,boolean,error,true,,风险管理举措包括风险辨识评估与应对、风险动态监控与台账管理、内审监督与评价、风险文化宣贯。,17,600259_中稀有色_2025_ESG报告:p17:b10,table,llm_error,证据明确披露了风险管理的各项举措和体系优化情况。 evidence quote not uniquely traceable to candidates,检查 llm_errors.csv 中 raw_response 和候选证据。,
600261_阳光照明_2025_ESG报告,g_risk_management,风险管理体系,G,boolean,error,true,,公司制定《阳光照明重大信息内部报告制度》等内部规章制度，构建内部控制体系，包括建立风险管理团队、制定风险管理计划、识别和评估风险、采取风险应对措施、监督和改进风险管理等关键环节。,13,600261_阳光照明_2025_ESG报告:p13:b3,paragraph,llm_error,证据明确披露了风险管理体系的构建及关键环节。 evidence quote not uniquely traceable to candidates,检查 llm_errors.csv 中 raw_response 和候选证据。,
600278_东方创业_2025_ESG报告,e_air_pollutants,大气污染物排放,E,quantitative,error,9359.37,kg,"2025年物流集团大气污染物排放情况如下：指标 | 单位 | 物流集团 废气总量 | kg | 9,359.37 二氧化硫( $SO_{2}$ ) | kg | 632.99 氮氧化物( $NO_{x}$ ) | kg | 8,504.27 颗粒物(PM) | kg | 222.11",28,600278_东方创业_2025_ESG报告:p28:b12,table,llm_error,证据明确列出大气污染物排放数值及单位。 evidence quote not uniquely traceable to candidates,检查 llm_errors.csv 中 raw_response 和候选证据。,
600331_宏达股份_2025_ESG报告,s_product_quality,产品质量管理,S,qualitative,error,,,公司质量管理架构：决策层总经理批准质量方针；监督层管理者代表组织建立IATF 16949等体系；执行层质量检测中心制定检验标准；协同层生产部门制定质量控制规范。,27,600331_宏达股份_2025_ESG报告:p27:b5,table,llm_error,证据详细描述了公司产品质量管理的组织架构及各层级职责，符合定性指标要求。 evidence quote not uniquely traceable to candidates,检查 llm_errors.csv 中 raw_response 和候选证据。,
600331_宏达股份_2025_ESG报告,g_business_ethics,商业道德,G,boolean,error,True,,公司将商业道德与合规要求贯穿于采购全过程，携手合作伙伴共同推动供应链的可持续发展。,33,600331_宏达股份_2025_ESG报告:p33:b14,paragraph,llm_error,证据明确披露将商业道德贯穿采购全过程，符合指标定义。 evidence quote not uniquely traceable to candidates,检查 llm_errors.csv 中 raw_response 和候选证据。,
600400_红豆股份_2025_ESG报告,s_product_quality,产品质量管理,S,qualitative,error,,,建立了完善的产品和服务质量安全主体责任体系，严格遵循《红豆男装产品标准》，制定并执行《公司质量监督管理流程》等制度文件，实行质量安全“一票否决”。,20,600400_红豆股份_2025_ESG报告:p20:b3,paragraph,llm_error,证据明确披露了产品质量管理的制度、流程及责任体系。 evidence quote not uniquely traceable to candidates,检查 llm_errors.csv 中 raw_response 和候选证据。,
600400_红豆股份_2025_ESG报告,s_human_rights,人权与劳工准则,S,boolean,error,true,,尊重并维护员工的各项权益，承诺不因民族、种族、年龄、性别、婚姻状况以及宗教信仰等差异给予员工不同待遇，从源头上杜绝强迫劳动、童工和女性就业歧视,25,600400_红豆股份_2025_ESG报告:p25:b7,paragraph,llm_error,证据明确披露了公司尊重人权、反歧视及禁止强迫劳动的准则与承诺。 evidence quote not uniquely traceable to candidates,检查 llm_errors.csv 中 raw_response 和候选证据。,
600475_华光环能_2025_ESG报告,s_employee_rights,员工权益保障,S,qualitative,error,,,保障员工权益...劳动合同签单率 100% 社会保险覆盖率 100% 女性产后返岗率 100% 员工满意度 100%,51,600475_华光环能_2025_ESG报告:p51:b27,table,llm_error,证据明确披露员工权益保障相关指标及100%覆盖率数据。 evidence quote not uniquely traceable to candidates,检查 llm_errors.csv 中 raw_response 和候选证据。,
600480_凌云股份_2025_ESG报告,g_cybersecurity_governance,网络安全治理,G,qualitative,error,,,制定了《网络安全管理办法》等制度，遵循“透明可控、用户知情”原则建立信息安全管理体系；建立信息安全应急响应机制，定期开展应急演练、内部审计和风险评估。,27,600480_凌云股份_2025_ESG报告:p27:b12,paragraph,llm_error,证据明确披露了网络安全管理制度、体系及具体措施。 evidence quote not uniquely traceable to candidates,检查 llm_errors.csv 中 raw_response 和候选证据。,
600587_新华医疗_2025_ESG报告,s_employee_total,员工总数,S,quantitative,error,7982,人,员工总数 | 人 | 8209 | 8135 | 7982,86,600587_新华医疗_2025_ESG报告:p86:b3,table,llm_error,表格明确列出2025年员工总数为7982人。 evidence quote not uniquely traceable to candidates,检查 llm_errors.csv 中 raw_response 和候选证据。,
600587_新华医疗_2025_ESG报告,g_business_ethics,商业道德,G,boolean,error,true,,反商业贿赂及反贪污 | 遵守商业道德 反不正当竞争 | 遵守商业道德 风险合规管理 | 依法合规治企、遵守商业道德,88,600587_新华医疗_2025_ESG报告:p88:b3,table,llm_error,证据明确列出遵守商业道德章节，涵盖反贿赂及合规管理。 evidence quote not uniquely traceable to candidates,检查 llm_errors.csv 中 raw_response 和候选证据。,
600630_龙头股份_2025_ESG报告,g_stakeholder_communication,利益相关方沟通,G,qualitative,error,,,沟通机制包括：日常工作会议、专题会议、政府相关机构调研、投资者调研、股东会、互动平台沟通答疑、业绩说明会、社区共建、志愿服务活动、公益慈善。,13,600630_龙头股份_2025_ESG报告:p13:b3,table,llm_error,证据明确列出了针对不同利益相关方的具体沟通机制。 evidence quote not uniquely traceable to candidates,检查 llm_errors.csv 中 raw_response 和候选证据。,
600684_珠江股份_2025_ESG暨社会责任报告,g_anti_corruption,反腐败机制,G,boolean,error,true,,出台《广州珠江发展集团股份有限公司纪委监督执纪工作实施办法》等反舞弊、反腐败、反贿赂廉洁从业相关政策，明确管理干部和高风险等关键岗位人员的行为边界与责任。,42,600684_珠江股份_2025_ESG暨社会责任报告:p42:b5,paragraph,llm_error,证据明确披露了反腐败相关政策及措施。 evidence quote not uniquely traceable to candidates,检查 llm_errors.csv 中 raw_response 和候选证据。,
600684_珠江股份_2025_ESG暨社会责任报告,g_cybersecurity_governance,网络安全治理,G,qualitative,error,,,珠江城市服务遵循《广州珠江城市管理服务集团股份有限公司数据安全管理制度（试行）》等内部管理制度，明确信息安全管理内容和方法、信息管理权限等规定，有效防范信息安全风险。,23,600684_珠江股份_2025_ESG暨社会责任报告:p23:b29,paragraph,llm_error,证据明确披露了数据安全管理制度及信息安全管理规定，符合网络安全治理指标要求。 evidence quote not uniquely traceable to candidates,检查 llm_errors.csv 中 raw_response 和候选证据。,
600737_中粮糖业_2025_ESG报告,g_information_disclosure,信息披露,G,qualitative,error,,,- 提高信息披露透明度 - 连续获评上海证券交易所信息披露“A类”评价 - 及时、准确、全面地信息披露,10,600737_中粮糖业_2025_ESG报告:p10:b18,list,llm_error,证据明确提及提高透明度及获评A类评价，符合定性指标要求。 evidence quote not uniquely traceable to candidates,检查 llm_errors.csv 中 raw_response 和候选证据。,
600759_ST洲际_2025_ESG报告,s_employee_gender,女性员工人数或占比,S,quantitative,error,17,%,按性别划分的员工比例 | 女性员工 | % | 17 | 17,35,600759_ST洲际_2025_ESG报告:p35:b5,table,llm_error,表格明确列出2025年女性员工占比为17% evidence quote not uniquely traceable to candidates,检查 llm_errors.csv 中 raw_response 和候选证据。,
600759_ST洲际_2025_ESG报告,g_esg_governance,ESG 治理架构,G,boolean,error,true,,"2-9 | 管治架构和组成 | 1.1深化企业治理 2-12 | 在管理影响方面,最高管治机构的监督作用 | 1.1深化企业治理",41,600759_ST洲际_2025_ESG报告:p41:b4,table,llm_error,证据明确列出管治架构章节，证实披露治理机制。 evidence quote not uniquely traceable to candidates,检查 llm_errors.csv 中 raw_response 和候选证据。,
600779_水井坊_2025_ESG报告,e_green_product,绿色产品与服务,E,qualitative,error,,,机遇类型：产品和服务；机遇描述：开发低碳产品、推出绿色包装、适应消费者偏好；财务影响表现：低碳或绿色产品需求增加带来收入增长...,22,600779_水井坊_2025_ESG报告:p22:b6,table,llm_error,证据明确提及开发低碳产品及绿色包装作为机遇。 evidence quote not uniquely traceable to candidates,检查 llm_errors.csv 中 raw_response 和候选证据。,
600779_水井坊_2025_ESG报告,s_patents,专利数量,S,quantitative,error,240,项,新获得专利数 | 项 | 1 | 3 | 未统计 累计获得专利数 | 项 | 240 | 239 | 未统计,54,600779_水井坊_2025_ESG报告:p54:b1,table,llm_error,表格明确披露2025年累计获得专利数为240项。 evidence quote not uniquely traceable to candidates,检查 llm_errors.csv 中 raw_response 和候选证据。,
600779_水井坊_2025_ESG报告,s_supplier,供应商管理,S,boolean,error,true,,"供应链管理...应对措施：优化采购策略,推动绿色供应链管理",22,600779_水井坊_2025_ESG报告:p22:b5,table,llm_error,证据明确列出供应链管理议题及具体应对措施，证实披露了相关管理机制。 evidence quote not uniquely traceable to candidates,检查 llm_errors.csv 中 raw_response 和候选证据。,
600846_同济科技_2025_ESG报告,e_fuel_consumption,燃料消耗量,E,quantitative,error,34.37,吨,汽油消耗量 吨 31.82 32.90 34.37 柴油消耗量 吨 0.12 0.12 3.10 天然气消耗量 万立方米 0.24 0.14 0.29 液化天然气消耗量 吨 0.30 0.38 3.46,37,600846_同济科技_2025_ESG报告:p37:b1,table,llm_error,表格明确列出了各类燃料2025年的消耗量数值及单位。 evidence quote not uniquely traceable to candidates,检查 llm_errors.csv 中 raw_response 和候选证据。,
600846_同济科技_2025_ESG报告,e_waste_total,废弃物产生量,E,quantitative,error,130950.44,吨,有害废弃物产生量 吨 17.41 一般废弃物产生量 吨 130933.03,37,600846_同济科技_2025_ESG报告:p37:b1,table,llm_error,证据包含有害及一般废弃物产生量，加和得总量。 evidence quote not uniquely traceable to candidates,检查 llm_errors.csv 中 raw_response 和候选证据。,
600846_同济科技_2025_ESG报告,e_biodiversity,生物多样性保护,E,boolean,error,true,,公司遵守《中华人民共和国野生动物保护法》等法律法规及规章制度，多措并举践行生物多样性保护，同时与致力于生物多样性保护的组织进行合作或参与相关活动，在项目中重视生物多样性保护和落实。,33,600846_同济科技_2025_ESG报告:p33:b1,paragraph,llm_error,证据明确披露公司遵守法规并践行生物多样性保护措施。 evidence quote not uniquely traceable to candidates,检查 llm_errors.csv 中 raw_response 和候选证据。,
600846_同济科技_2025_ESG报告,g_business_ethics,商业道德,G,boolean,error,true,,公司严格遵守法律法规，印发《关于加强反舞弊、反腐败、反商业贿赂建设的通知》，以廉洁管理为重心，深化商业道德建设，致力于营造健康透明的商业环境。,14,600846_同济科技_2025_ESG报告:p14:b11,paragraph,llm_error,证据明确提及深化商业道德建设及具体措施。 evidence quote not uniquely traceable to candidates,检查 llm_errors.csv 中 raw_response 和候选证据。,
600846_同济科技_2025_ESG报告,g_investor_relations,投资者关系,G,qualitative,error,,,公司依据《上市公司投资者关系管理工作指引》等法律法规，持续深化与投资者信息交流，围绕公司业绩、治理等开展互动，报告期内召开3次业绩说明会。,16,600846_同济科技_2025_ESG报告:p16:b7,paragraph,llm_error,证据明确描述了投资者关系管理的具体措施及互动情况。 evidence quote not uniquely traceable to candidates,检查 llm_errors.csv 中 raw_response 和候选证据。,
600850_电科数字_2025_ESG报告,s_supplier,供应商管理,S,boolean,error,True,,利益相关方：供应商；期望与诉求：互利共赢、供应链管理；沟通与回应：供应商评估、参与行业协会活动,7,600850_电科数字_2025_ESG报告:p7:b2,table,llm_error,证据明确披露了针对供应商的评估机制及沟通回应措施。 evidence quote not uniquely traceable to candidates,检查 llm_errors.csv 中 raw_response 和候选证据。,
600850_电科数字_2025_ESG报告,g_tax_transparency,税务透明,G,qualitative,error,,,利益相关方期望：合规经营-依法纳税；沟通与回应：恪守商业道德、遵守法律法规,7,600850_电科数字_2025_ESG报告:p7:b2,table,llm_error,证据明确提及依法纳税及遵守法规，符合税务透明定性披露要求。 evidence quote not uniquely traceable to candidates,检查 llm_errors.csv 中 raw_response 和候选证据。,
600855_航天长峰_2025_ESG报告,e_waste_total,废弃物产生量,E,quantitative,error,16.10,吨,固体废弃物处置总量 | 吨 | 16.10 危险废物处置量 | 吨 | 4.10 一般固体废物处置量 | 吨 | 12.00,49,600855_航天长峰_2025_ESG报告:p49:b7,table,llm_error,证据明确披露固体废弃物处置总量数值及单位。 evidence quote not uniquely traceable to candidates,检查 llm_errors.csv 中 raw_response 和候选证据。,
600884_杉杉股份_2025_ESG报告,g_anti_corruption,反腐败机制,G,boolean,error,true,,GRI 205:反腐败2016 | 205-2 反腐败政策和程序的传达及培训 | 坚守商业道德 205-3 经确认的腐败事件和采取的行动 | 坚守商业道德,61,600884_杉杉股份_2025_ESG报告:p61:b0,table,llm_error,证据明确列出反腐败政策、培训及事件处理机制，符合披露要求。 evidence quote not uniquely traceable to candidates,检查 llm_errors.csv 中 raw_response 和候选证据。,
600884_杉杉股份_2025_ESG报告,g_business_ethics,商业道德,G,boolean,error,true,,商业道德 | 经确认的腐败事件总数 | 例 | 0 | 0 | 0 反商业贿赂及反贪污培训开展次数 | 次 | 58 | 72 | 3 签署廉洁承诺书的员工比例 | % | 100 | 100 | 100,59,600884_杉杉股份_2025_ESG报告:p59:b0,table,llm_error,证据明确披露商业道德相关数据及措施，支持该指标存在。 evidence quote not uniquely traceable to candidates,检查 llm_errors.csv 中 raw_response 和候选证据。,
600919_江苏银行_2025_可持续发展报告,s_rural_revitalization,乡村振兴,S,qualitative,error,,,社会 | 11 | 乡村振兴 | ✓ | ✓ | 9. 乡村振兴,11,600919_江苏银行_2025_可持续发展报告:p11:b11,table,llm_error,证据明确将乡村振兴列为关键议题并评估其重要性。 evidence quote not uniquely traceable to candidates,检查 llm_errors.csv 中 raw_response 和候选证据。,
600919_江苏银行_2025_可持续发展报告,g_business_ethics,商业道德,G,boolean,error,true,,治理 | 26 | 商业道德 | ✓ | × | 20. 反商业贿赂及反贪污21. 反不正当竞争,11,600919_江苏银行_2025_可持续发展报告:p11:b11,table,llm_error,证据明确列出商业道德为治理议题，并关联反贿赂等机制。 evidence quote not uniquely traceable to candidates,检查 llm_errors.csv 中 raw_response 和候选证据。,
600963_岳阳林纸_2025_ESG报告,e_cod,化学需氧量排放量,E,quantitative,error,3719.76,吨,岳阳基地 化学需氧量排放量 | 吨 | 1023.76 ... 骏泰科技 化学需氧量排放量 | 吨 | 2696,24,600963_岳阳林纸_2025_ESG报告:p24:b1,table,llm_error,证据明确列出各基地COD排放量，加和得总量。 evidence quote not uniquely traceable to candidates,检查 llm_errors.csv 中 raw_response 和候选证据。,
600963_岳阳林纸_2025_ESG报告,s_rural_revitalization,乡村振兴,S,qualitative,error,,,社区与媒体期望乡村振兴...回应方式：加大社区投入、参与公益活动、响应国家号召。实质性议题分析包含乡村振兴。,16,600963_岳阳林纸_2025_ESG报告:p16:b0,table,llm_error,证据明确披露乡村振兴为实质性议题及回应措施。 evidence quote not uniquely traceable to candidates,检查 llm_errors.csv 中 raw_response 和候选证据。,
600963_岳阳林纸_2025_ESG报告,g_information_disclosure,信息披露,G,qualitative,error,,,"公司制定了《公司信息披露事务管理制度》《公司内幕信息知情人登记管理制度》等制度,合规履行信息披露职责",51,600963_岳阳林纸_2025_ESG报告:p51:b9,paragraph,llm_error,证据明确披露了信息披露相关制度及执行情况。 evidence quote not uniquely traceable to candidates,检查 llm_errors.csv 中 raw_response 和候选证据。,
600996_贵广网络_2025_ESG报告,s_product_quality,产品质量管理,S,qualitative,error,,,(ISO9001) 质量管理体系认证证书 (ISO10006) 项目质量管理体系认证证书,5,600996_贵广网络_2025_ESG报告:p5:b16,paragraph,llm_error,证据明确列出质量管理体系认证证书，支持产品质量管理定性指标。 evidence quote not uniquely traceable to candidates,检查 llm_errors.csv 中 raw_response 和候选证据。,
601118_海南橡胶_2025_ESG报告,s_safety,安全生产,S,qualitative,error,,,公司依据 ISO 45001 职业健康安全管理体系要求，建立起包括《安全培训管理办法》《安全生产档案管理制度》等一系列制度规范公司安全管理。,34,601118_海南橡胶_2025_ESG报告:p34:b9,paragraph,llm_error,证据明确披露了安全生产相关的制度体系及管理体系建设情况。 evidence quote not uniquely traceable to candidates,检查 llm_errors.csv 中 raw_response 和候选证据。,
601555_东吴证券_2025_可持续发展报告,s_research_development,研发投入,S,quantitative,error,"52,255.67",万元人民币,"研发投入金额 | 单位 | 2023年 | 2024年 | 2025年 研发投入金额 | 万元人民币 | 44,867.06 | 45,945.38 | 52,255.67",58,601555_东吴证券_2025_可持续发展报告:p58:b2,table,llm_error,表格明确列出2025年研发投入金额及单位 evidence quote not uniquely traceable to candidates,检查 llm_errors.csv 中 raw_response 和候选证据。,
601555_东吴证券_2025_可持续发展报告,g_stakeholder_communication,利益相关方沟通,G,qualitative,error,,,主要利益相关方关注议题及沟通渠道：政府及监管机构通过工作汇报与沟通；股东及投资者通过公司网站、上交所互动平台；客户通过95330热线；员工通过职工代表大会；供应商通过走访交流；社区通过公益慈善活动。,9,601555_东吴证券_2025_可持续发展报告:p9:b2,table,llm_error,证据详细列出了各利益相关方的沟通渠道及频率，支持定性描述。 evidence quote not uniquely traceable to candidates,检查 llm_errors.csv 中 raw_response 和候选证据。,
601555_东吴证券_2025_可持续发展报告,s_training,员工培训,S,quantitative,error,40.28,小时,员工人均接受培训小时数 | 小时 | 35.30 | 41.46 | 40.28,60,601555_东吴证券_2025_可持续发展报告:p60:b0,table,llm_error,表格明确披露2025年员工人均培训时长为40.28小时。 evidence quote not uniquely traceable to candidates,检查 llm_errors.csv 中 raw_response 和候选证据。,
601577_长沙银行_2025_可持续发展报告,e_air_pollutants,大气污染物排放,E,quantitative,error,17475,吨,绿色信贷金额变动折合减排情况 | 折合减排二氧化硫(吨) | 17475 | 14955 折合减排氮氧化物(吨) | 14666 | 12628,51,601577_长沙银行_2025_可持续发展报告:p51:b11,table,llm_error,证据明确披露了二氧化硫和氮氧化物等大气污染物的减排量数值。 evidence quote not uniquely traceable to candidates,检查 llm_errors.csv 中 raw_response 和候选证据。,
601975_招商南油_2025_ESG报告,e_energy_total,能源消耗总量,E,quantitative,error,"474,490.42",吨标准煤,"能源消耗总量 | 吨标准煤 | 432,608.08 | 427,014.36 | 474,490.42",52,601975_招商南油_2025_ESG报告:p52:b3,table,llm_error,证据明确披露2025年能源消耗总量数值及单位。 evidence quote not uniquely traceable to candidates,检查 llm_errors.csv 中 raw_response 和候选证据。,
601975_招商南油_2025_ESG报告,e_fuel_consumption,燃料消耗量,E,quantitative,error,"474,490.42",吨标准煤,"能源消耗总量 | 474,490.42 吨标准煤",28,601975_招商南油_2025_ESG报告:p28:b23,table,llm_error,证据明确披露2025年能源消耗总量数值及单位。 evidence quote not uniquely traceable to candidates,检查 llm_errors.csv 中 raw_response 和候选证据。,
601975_招商南油_2025_ESG报告,e_air_pollutants,大气污染物排放,E,quantitative,error,713.34,吨,"氮氧化物( $NO_x$ )排放量 | 640.13吨 | 713.34吨 | 硫氧化物( $SO_x$ )排放量 | 2,373.35吨 | 2,631.70吨",21,601975_招商南油_2025_ESG报告:p21:b6,table,llm_error,证据明确披露了2025年氮氧化物和硫氧化物的具体排放量数值及单位。 evidence quote not uniquely traceable to candidates,检查 llm_errors.csv 中 raw_response 和候选证据。,
601975_招商南油_2025_ESG报告,s_occupational_health,职业健康,S,qualitative,error,,,制定《员工医疗和职业健康管理规定》等制度，建立覆盖船岸全员的职业健康管理体系。持续开展各类职业健康宣传和培训...为员工提供定期体检。,44,601975_招商南油_2025_ESG报告:p44:b8,paragraph,llm_error,证据明确披露了职业健康管理制度、体系及具体措施。 evidence quote not uniquely traceable to candidates,检查 llm_errors.csv 中 raw_response 和候选证据。,
601975_招商南油_2025_ESG报告,s_human_rights,人权与劳工准则,S,boolean,error,True,,在《员工管理办法》等制度中明确禁止雇佣童工及任何形式的强迫劳动，并对职场歧视行为采取“零容忍”态度。,46,601975_招商南油_2025_ESG报告:p46:b17,paragraph,llm_error,证据明确披露了禁止童工、强迫劳动及歧视的制度措施。 evidence quote not uniquely traceable to candidates,检查 llm_errors.csv 中 raw_response 和候选证据。,
603013_亚普股份_2025_ESG报告,e_particulate,颗粒物排放量,E,quantitative,error,0.9894,吨,颗粒物 | 吨 | 0.9894,27,603013_亚普股份_2025_ESG报告:p27:b10,table,llm_error,证据明确披露2025年颗粒物排放量为0.9894吨。 evidence quote not uniquely traceable to candidates,检查 llm_errors.csv 中 raw_response 和候选证据。,
603013_亚普股份_2025_ESG报告,s_customer_complaints,客户投诉,S,quantitative,error,0,次,产品召回/重大客户抱怨 | 0次 报告期内，公司未发生重大客户投诉与质量抱怨，质量业绩满足客户要求，产品质量稳定受控。,39,603013_亚普股份_2025_ESG报告:p39:b0,table,llm_error,证据明确披露重大客户抱怨为0次，且文字说明无重大投诉，数据清晰。 evidence quote not uniquely traceable to candidates,检查 llm_errors.csv 中 raw_response 和候选证据。,
603082_北自科技_2025_ESG报告,e_green_product,绿色产品与服务,E,qualitative,error,,,公司不断深化绿色产品设计，积极推进数字孪生系统建设，并着力打造智慧物流仓储解决方案，以智慧化手段推动全链条低碳运营，助力实现低碳发展目标。,28,603082_北自科技_2025_ESG报告:p28:b15,paragraph,llm_error,证据明确提及深化绿色产品设计及打造相关解决方案，符合定性指标要求。 evidence quote not uniquely traceable to candidates,检查 llm_errors.csv 中 raw_response 和候选证据。,
603082_北自科技_2025_ESG报告,s_occupational_health,职业健康,S,qualitative,error,,,北自科技出台并实施《安全管理办法》等内控文件，系统识别员工工作中的健康风险，落实多维度职业健康防护举措，从源头预防和管控作业环境中的职业病危害因素。,59,603082_北自科技_2025_ESG报告:p59:b16,paragraph,llm_error,证据明确披露了职业健康管理制度及防护措施。 evidence quote not uniquely traceable to candidates,检查 llm_errors.csv 中 raw_response 和候选证据。,
603082_北自科技_2025_ESG报告,g_cybersecurity_governance,网络安全治理,G,qualitative,error,,,依据GB/T 22080-2016和ISO/IEC 27001:2022 标准完成体系建设，制定《信息安全适用性声明》等制度文件，明确信息安全方针、管理目标、岗位职责与管理框架，形成系统化的信息安全管控体系。,51,603082_北自科技_2025_ESG报告:p51:b6,paragraph,llm_error,证据明确披露了网络安全治理的标准体系、制度文件及管理框架。 evidence quote not uniquely traceable to candidates,检查 llm_errors.csv 中 raw_response 和候选证据。,
603128_华贸物流_2025_ESG报告,g_esg_strategy,ESG 战略目标,G,qualitative,error,,,公司以进入全球综合物流前十强为目标，以信息披露为基础，以外部 ESG 评级为抓手，形成可持续发展战略体系与管理模式。,5,603128_华贸物流_2025_ESG报告:p5:b2,paragraph,llm_error,证据明确提及战略目标及可持续发展战略体系。 evidence quote not uniquely traceable to candidates,检查 llm_errors.csv 中 raw_response 和候选证据。,
603257_中国瑞林_2025_ESG报告,g_anti_corruption,反腐败机制,G,boolean,error,true,,反腐败培训受训总人次：董事16人次，员工709人次；腐败事件发生数量：0起。,49,603257_中国瑞林_2025_ESG报告:p49:b3,table,llm_error,证据明确披露反腐败培训数据及零腐败事件，证实机制存在。 evidence quote not uniquely traceable to candidates,检查 llm_errors.csv 中 raw_response 和候选证据。,
603257_中国瑞林_2025_ESG报告,e_ghg_scope1,直接温室气体排放量,E,quantitative,error,143.54,吨二氧化碳当量,范围1直接碳排放量 | 吨二氧化碳当量 | 143.54,48,603257_中国瑞林_2025_ESG报告:p48:b4,table,llm_error,表格明确披露范围1直接碳排放量数值及单位。 evidence quote not uniquely traceable to candidates,检查 llm_errors.csv 中 raw_response 和候选证据。,
603257_中国瑞林_2025_ESG报告,e_ghg_scope2,间接温室气体排放量,E,quantitative,error,502.10,吨二氧化碳当量,范围2间接碳排放量 | 吨二氧化碳当量 | 502.10,48,603257_中国瑞林_2025_ESG报告:p48:b4,table,llm_error,表格明确披露范围2间接碳排放量数值及单位。 evidence quote not uniquely traceable to candidates,检查 llm_errors.csv 中 raw_response 和候选证据。,
603260_合盛硅业_2025_可持续发展报告,s_safety,安全生产,S,qualitative,error,,,合盛硅业严格遵循国家《安全生产法》等法律法规，构建完备的安全管理体系与制度框架，完善员工安全风险防控机制，落实企业安全文化建设，通过常态化组织应急演练、系统化开展隐患排查治理等举措，全方位守护员工职业健康与企业生产安全。,59,603260_合盛硅业_2025_可持续发展报告:p59:b1,paragraph,llm_error,证据明确描述了公司构建安全管理体系、制定制度及开展具体安全措施的情况。 evidence quote not uniquely traceable to candidates,检查 llm_errors.csv 中 raw_response 和候选证据。,
603272_ST联翔_2025_ESG暨社会责任报告,e_fuel_consumption,燃料消耗量,E,quantitative,error,336.37,吨标准煤,能源消耗量 | 吨标准煤 | 478.98 | 396.31 | 336.37 直接能源消耗量 | 吨标准煤 | 200.19 | 142.03 | 76.39 间接能源消耗量 | 吨标准煤 | 278.79 | 254.27 | 259.98,33,603272_ST联翔_2025_ESG暨社会责任报告:p33:b0,table,llm_error,表格明确披露2025年能源消耗总量及分项数据。 evidence quote not uniquely traceable to candidates,检查 llm_errors.csv 中 raw_response 和候选证据。,
603272_ST联翔_2025_ESG暨社会责任报告,g_cybersecurity_governance,网络安全治理,G,qualitative,error,,,制定了《互联网使用规定》等规章制度，构建覆盖网络安全、数据安全、合规管理三大维度的信息安全管理体系，全方位保护公司及个人的信息安全与合法权益。,26,603272_ST联翔_2025_ESG暨社会责任报告:p26:b16,paragraph,llm_error,证据明确披露了网络安全治理体系及制度。 evidence quote not uniquely traceable to candidates,检查 llm_errors.csv 中 raw_response 和候选证据。,
603291_联合水务_2025_ESG报告,e_energy_total,能源消耗总量,E,quantitative,error,"18,315.00",吨标准煤,"能源消耗总量 | 吨标准煤 | 18,315.00",25,603291_联合水务_2025_ESG报告:p25:b1,table,llm_error,证据表格明确列出2025年能源消耗总量数值及单位。 evidence quote not uniquely traceable to candidates,检查 llm_errors.csv 中 raw_response 和候选证据。,
603291_联合水务_2025_ESG报告,e_fuel_consumption,燃料消耗量,E,quantitative,error,"18,315.00",吨标准煤,"能源消耗总量 | 吨标准煤 | 18,315.00",25,603291_联合水务_2025_ESG报告:p25:b1,table,llm_error,证据明确披露2025年能源消耗总量数值及单位。 evidence quote not uniquely traceable to candidates,检查 llm_errors.csv 中 raw_response 和候选证据。,
603291_联合水务_2025_ESG报告,s_data_security,数据安全与隐私保护,S,boolean,error,true,,公司严格遵循《中华人民共和国数据安全法》等法律法规，制定《信息安全工作管理办法》等18项管理制度，成立信息安全领导小组，并将信息安全防护纳入绩效考核指标体系。,57,603291_联合水务_2025_ESG报告:p57:b1,paragraph,llm_error,证据明确披露了数据安全相关的管理制度、组织架构及考核机制。 evidence quote not uniquely traceable to candidates,检查 llm_errors.csv 中 raw_response 和候选证据。,
603329_上海雅仕_2025_ESG报告,g_esg_governance,ESG 治理架构,G,boolean,error,true,,"GRI 2-9 管治架构和组成 对应章节 公司治理；2-12 在管理影响方面,最高管治机构的监督作用 对应章节 公司治理；2-13 为管理影响的责任授权 对应章节 公司治理",26,603329_上海雅仕_2025_ESG报告:p26:b5,table,llm_error,证据明确列出管治架构及监督作用对应公司治理章节，证实披露了ESG治理架构。 evidence quote not uniquely traceable to candidates,检查 llm_errors.csv 中 raw_response 和候选证据。,
603333_尚纬股份_2025_ESG报告,e_ghg_total,温室气体排放总量,E,quantitative,error,9331.08,吨二氧化碳当量,"温室气体排放总量 | 吨二氧化碳当量 | 9,331.08",63,603333_尚纬股份_2025_ESG报告:p63:b2,table,llm_error,证据明确披露温室气体排放总量数值及单位 evidence quote not uniquely traceable to candidates,检查 llm_errors.csv 中 raw_response 和候选证据。,
603333_尚纬股份_2025_ESG报告,e_water_total,总用水量,E,quantitative,error,184209.00,立方米,"2025 年 总耗水量 184,209.00 立方米",64,603333_尚纬股份_2025_ESG报告:p64:b0,table,llm_error,表格明确披露2025年总耗水量数值及单位。 evidence quote not uniquely traceable to candidates,检查 llm_errors.csv 中 raw_response 和候选证据。,
603333_尚纬股份_2025_ESG报告,e_particulate,颗粒物排放量,E,quantitative,error,458.00,千克,废气污染物排放量 | 颗粒物(PM) | 千克 | 458.00,64,603333_尚纬股份_2025_ESG报告:p64:b2,table,llm_error,表格明确披露颗粒物排放量为458.00千克。 evidence quote not uniquely traceable to candidates,检查 llm_errors.csv 中 raw_response 和候选证据。,
603333_尚纬股份_2025_ESG报告,e_ghg_scope1,直接温室气体排放量,E,quantitative,error,441.28,吨二氧化碳当量,范围一温室气体排放量 | 吨二氧化碳当量 | 441.28,63,603333_尚纬股份_2025_ESG报告:p63:b2,table,llm_error,表格明确披露范围一排放量为441.28吨二氧化碳当量。 evidence quote not uniquely traceable to candidates,检查 llm_errors.csv 中 raw_response 和候选证据。,
603333_尚纬股份_2025_ESG报告,e_ghg_scope2,间接温室气体排放量,E,quantitative,error,8889.80,吨二氧化碳当量,"范围二温室气体排放量 | 吨二氧化碳当量 | 8,889.80",63,603333_尚纬股份_2025_ESG报告:p63:b2,table,llm_error,表格明确披露范围二排放量数值及单位 evidence quote not uniquely traceable to candidates,检查 llm_errors.csv 中 raw_response 和候选证据。,
603333_尚纬股份_2025_ESG报告,e_renewable_energy,可再生能源使用量,E,quantitative,error,4690.88,兆瓦时,"间接能源 | 外购绿电 | 兆瓦时 | 4,690.88",63,603333_尚纬股份_2025_ESG报告:p63:b4,table,llm_error,表格明确披露外购绿电数值及单位 evidence quote not uniquely traceable to candidates,检查 llm_errors.csv 中 raw_response 和候选证据。,
603368_柳药集团_2025_ESG报告,g_board_meetings,董事会会议次数,G,quantitative,error,8,次,报告期内召开董事会 8次,17,603368_柳药集团_2025_ESG报告:p17:b11,table,llm_error,证据明确披露报告期内召开董事会8次。 evidence quote not uniquely traceable to candidates,检查 llm_errors.csv 中 raw_response 和候选证据。,
603399_永杉锂业_2025_可持续发展报告,s_employee_gender,女性员工人数或占比,S,quantitative,error,129,人,按性别划分的员工人数 | 女员工 | 人 | 129,40,603399_永杉锂业_2025_可持续发展报告:p40:b18,table,llm_error,证据明确列出2025年女员工人数为129人。 evidence quote not uniquely traceable to candidates,检查 llm_errors.csv 中 raw_response 和候选证据。,
603399_永杉锂业_2025_可持续发展报告,g_business_ethics,商业道德,G,boolean,error,true,,GRI205:反腐败2016 | 205-2反腐败政策和程序的传达及培训 | 3.3商业道德,61,603399_永杉锂业_2025_可持续发展报告:p61:b0,table,llm_error,索引及GRI对照表明确指向商业道德章节，证实披露。 evidence quote not uniquely traceable to candidates,检查 llm_errors.csv 中 raw_response 和候选证据。,
603399_永杉锂业_2025_可持续发展报告,e_ghg_scope2,间接温室气体排放量,E,quantitative,error,"122,643.18",公吨二氧化碳当量,"温室气体排放量 | 范围二 | 公吨二氧化碳当量 | - | 82,104.74 | 122,643.18",54,603399_永杉锂业_2025_可持续发展报告:p54:b1,table,llm_error,表格明确列出2025年范围二排放数据 evidence quote not uniquely traceable to candidates,检查 llm_errors.csv 中 raw_response 和候选证据。,
603577_汇金通_2025_ESG报告,s_safety,安全生产,S,qualitative,error,,,汇金通坚持“以人为本”的安全管理理念，严格遵循《中华人民共和国安全生产法》等法律法规，以安全生产标准化建设和职业健康安全管理体系为依托，制定了安全生产标准化和双重预防体系，建立了完善的安全管理组织架构，并配备了专职安全管理人员，不断加强安全生产管控工作，加大隐患排查力度，完善应急制度体系建设，积极开展员工安全生产培训，持续强化安全生产理念，最大化的预防及减少安全事故的发生，保障员工职业健康和企业安全发展。,32,603577_汇金通_2025_ESG报告:p32:b1,paragraph,llm_error,证据详细描述了安全生产管理理念、体系、架构及措施，符合定性指标要求。 evidence quote not uniquely traceable to candidates,检查 llm_errors.csv 中 raw_response 和候选证据。,
603628_清源股份_2025_ESG报告,s_employee_rights,员工权益保障,S,qualitative,error,,,员工期望：保障员工权利及权益·民主管理及人文关怀...沟通渠道：绩效评估考核机制·文体及团建活动·各类职业培训·员工满意度调查·员工申诉举报机制,11,603628_清源股份_2025_ESG报告:p11:b17,table,llm_error,证据明确列出员工权益保障相关的期望、沟通渠道及关注议题。 evidence quote not uniquely traceable to candidates,检查 llm_errors.csv 中 raw_response 和候选证据。,
603660_苏州科达_2025_ESG报告,s_compensation_benefits,薪酬福利,S,qualitative,error,,,完善薪酬福利体系...定期开展薪酬福利对标调研...五险一金...员工食堂...交通补助...年度体检...生日福利...节日福利,46,603660_苏州科达_2025_ESG报告:p46:b3,table,llm_error,证据明确披露了薪酬福利体系及具体福利项目。 evidence quote not uniquely traceable to candidates,检查 llm_errors.csv 中 raw_response 和候选证据。,
603660_苏州科达_2025_ESG报告,s_safety,安全生产,S,qualitative,error,,,安全生产培训覆盖率 100；安全生产事故 0；因工死亡人数 0,52,603660_苏州科达_2025_ESG报告:p52:b4,table,llm_error,证据包含安全生产培训及事故数据，支持定性描述。 evidence quote not uniquely traceable to candidates,检查 llm_errors.csv 中 raw_response 和候选证据。,
603660_苏州科达_2025_ESG报告,e_renewable_energy,可再生能源使用量,E,quantitative,error,394,兆瓦时,清洁能源发电量 | 兆瓦时 | - | 394,74,603660_苏州科达_2025_ESG报告:p74:b0,table,llm_error,证据明确披露2025年清洁能源发电量为394兆瓦时。 evidence quote not uniquely traceable to candidates,检查 llm_errors.csv 中 raw_response 和候选证据。,
603777_来伊份_2025_ESG报告,g_business_ethics,商业道德,G,boolean,error,True,,公司依据法律法规及行业最佳实践，制定并实施《供应商商业道德与行为准则》，并通过《合作伙伴行为准则》等文件，将廉洁合规、反舞弊等要求纳入合作前置条件。,24,603777_来伊份_2025_ESG报告:p24:b1,paragraph,llm_error,证据明确披露了商业道德准则及合规管理机制。 evidence quote not uniquely traceable to candidates,检查 llm_errors.csv 中 raw_response 和候选证据。,
603808_歌力思_2025_ESG报告,s_employee_rights,员工权益保障,S,qualitative,error,,,"歌力思严格遵循《中华人民共和国劳动法》《中华人民共和国劳动合同法》及相关法律法规,建立健全员工权益保障制度体系,制定《歌力思人事管理制度》、《歌力思集团绩效管理制度》等制度体系,致力于构建公平、多元、包容的雇佣环境。",39,603808_歌力思_2025_ESG报告:p39:b11,paragraph,llm_error,证据明确披露了员工权益保障制度体系及具体措施。 evidence quote not uniquely traceable to candidates,检查 llm_errors.csv 中 raw_response 和候选证据。,
603979_金诚信_2025_ESG报告,e_fuel_consumption,燃料消耗量,E,quantitative,error,"24,880,327.19",升,"能源消耗* | 柴油 | 升 | 12,971,563.54 | 24,846,840.60 | 24,880,327.19",82,603979_金诚信_2025_ESG报告:p82:b0,table,llm_error,证据表格明确列出了2025年柴油消耗的具体数值及单位。 evidence quote not uniquely traceable to candidates,检查 llm_errors.csv 中 raw_response 和候选证据。,
603979_金诚信_2025_ESG报告,s_customer_complaints,客户投诉,S,quantitative,error,1,起,2025年 客户投诉数量(起) | 1,68,603979_金诚信_2025_ESG报告:p68:b11,table,llm_error,表格明确披露2025年客户投诉数量为1起。 evidence quote not uniquely traceable to candidates,检查 llm_errors.csv 中 raw_response 和候选证据。,
605199_ST葫芦娃_2025_ESG报告,s_supplier,供应商管理,S,boolean,error,true,,葫芦娃制定《绿色采购方案》《供应商审计管理制度》等内部管理文件，构建覆盖供应商筛选、审核、风险管控的全流程体系。,33,605199_ST葫芦娃_2025_ESG报告:p33:b24,paragraph,llm_error,证据明确披露了供应商管理制度、审核机制及廉洁合规措施，符合指标定义。 evidence quote not uniquely traceable to candidates,检查 llm_errors.csv 中 raw_response 和候选证据。,
605399_晨光新材_2025_ESG报告,g_materiality_assessment,实质性议题评估,G,qualitative,error,,,2025年，根据《上海证券交易所上市公司自律监管指引第14号——可持续发展报告(试行)》等最新披露标准更新重要性议题评估方法，首次开展双重重要性评估，围绕各产业链环节、利益相关方的诉求和主要关注问题，在以往影响重要性评估的基础上融入财务视角，全面分析ESG议题对公司财务以及经济、环境和社会的影响，形成本年度25个具有重要性的议题进行重点回应。,12,605399_晨光新材_2025_ESG报告:p12:b1,paragraph,llm_error,证据明确披露了2025年首次开展双重重要性评估及结果。 evidence quote not uniquely traceable to candidates,检查 llm_errors.csv 中 raw_response 和候选证据。,
605488_福莱新材_2025_ESG报告,s_diversity_equal_opportunity,多元化与平等机会,S,qualitative,error,,,员工 | 多元化与平等机会 | 完善薪酬福利体系完善晋升通道保障员工权益完善员工培训体系加强员工健康与安全培训,9,605488_福莱新材_2025_ESG报告:p9:b2,table,llm_error,证据明确提及多元化与平等机会为员工诉求及供应商守则内容。 evidence quote not uniquely traceable to candidates,检查 llm_errors.csv 中 raw_response 和候选证据。,
605488_福莱新材_2025_ESG报告,s_safety,安全生产,S,qualitative,error,,,福莱新材始终将保障安全生产与员工的职业健康作为经营管理的最高优先级事项...制定并实施了《安全教育培训管理制度》《安全风险分级管控制度》...公司签订安全生产责任书，建立健全并落实全员安全责任制,67,605488_福莱新材_2025_ESG报告:p67:b1,paragraph,llm_error,证据明确披露了安全生产方针、相关管理制度及责任制的落实情况。 evidence quote not uniquely traceable to candidates,检查 llm_errors.csv 中 raw_response 和候选证据。,
605599_菜百股份_2025_ESG报告,g_cybersecurity_governance,网络安全治理,G,qualitative,error,,,持续完善数据安全与隐私保护制度体系，制定并修订《菜百公司信息系统密码管理规定》等专项制度文件，规范数据采集、传输、存储、使用、销毁全生命周期管理流程，同步建立权限分级管控、合规性前置评审、全流程审计、责任追究等配套管理机制。,30,605599_菜百股份_2025_ESG报告:p30:b3,paragraph,llm_error,证据明确披露了网络安全治理相关的制度体系及配套管理机制。 evidence quote not uniquely traceable to candidates,检查 llm_errors.csv 中 raw_response 和候选证据。,
688128_中国电研_2025_ESG报告,g_investor_relations,投资者关系,G,qualitative,error,,,利益相关方：股东及投资者；关注议题：公司治理股东权益保护投资者关系；沟通方式及渠道：股东会信息披露投关活动,10,688128_中国电研_2025_ESG报告:p10:b3,table,llm_error,证据明确披露了针对投资者的沟通渠道及关注议题。 evidence quote not uniquely traceable to candidates,检查 llm_errors.csv 中 raw_response 和候选证据。,
688147_微导纳米_2025_ESG报告,e_waste_total,废弃物产生量,E,quantitative,error,265.44,吨,产生的有害废弃物总量 | 吨 | 1.13 | 9.8 产生的无害废弃物总量 | 吨 | 25.87 | 255.64,48,688147_微导纳米_2025_ESG报告:p48:b4,table,llm_error,证据明确列出有害及无害废弃物2025年数值，求和得总量。 evidence quote not uniquely traceable to candidates,检查 llm_errors.csv 中 raw_response 和候选证据。,
688147_微导纳米_2025_ESG报告,e_nonhazardous_waste,一般废弃物产生量,E,quantitative,error,255.64,吨,产生的无害废弃物总量 | 吨 | 25.87 | 255.64,48,688147_微导纳米_2025_ESG报告:p48:b4,table,llm_error,表格明确披露2025年无害废弃物总量为255.64吨。 evidence quote not uniquely traceable to candidates,检查 llm_errors.csv 中 raw_response 和候选证据。,
688147_微导纳米_2025_ESG报告,s_work_injury,工伤事故,S,quantitative,error,0.9,次/百万工时,百万工时伤害率 | 次/百万工时 | 1.18 | 0.9,47,688147_微导纳米_2025_ESG报告:p47:b6,table,llm_error,表格明确披露2025年百万工时伤害率为0.9 evidence quote not uniquely traceable to candidates,检查 llm_errors.csv 中 raw_response 和候选证据。,
688147_微导纳米_2025_ESG报告,e_ghg_scope1,直接温室气体排放量,E,quantitative,error,"14,775.13",公吨二氧化碳当量,"范围一排放量 | 公吨二氧化碳当量 | 4,362.54 | 14,775.13",48,688147_微导纳米_2025_ESG报告:p48:b6,table,llm_error,表格明确列出2025年范围一排放量数值及单位。 evidence quote not uniquely traceable to candidates,检查 llm_errors.csv 中 raw_response 和候选证据。,
688218_江苏北人_2025_ESG报告,e_nonhazardous_waste,一般废弃物产生量,E,quantitative,error,135,吨,无害废弃物排放总量 | 吨 | 220 | 135,23,688218_江苏北人_2025_ESG报告:p23:b6,table,llm_error,表格明确披露2025年无害废弃物排放总量为135吨。 evidence quote not uniquely traceable to candidates,检查 llm_errors.csv 中 raw_response 和候选证据。,
688226_威腾电气_2025_ESG报告,e_nonhazardous_waste,一般废弃物产生量,E,quantitative,error,4315.40,吨,"无害废弃物总量 | 吨 | 2,218.53 | 4,315.40",60,688226_威腾电气_2025_ESG报告:p60:b0,table,llm_error,"证据明确披露2025年无害废弃物总量为4,315.40吨。 evidence quote not uniquely traceable to candidates",检查 llm_errors.csv 中 raw_response 和候选证据。,
688226_威腾电气_2025_ESG报告,g_esg_governance,ESG 治理架构,G,boolean,error,true,,公司治理架构：股东会下设战略与ESG委员会、薪酬与考核委员会、审计委员会、提名委员会。,54,688226_威腾电气_2025_ESG报告:p54:b3,image,llm_error,证据明确展示了包含ESG委员会的公司治理架构图。 evidence quote not uniquely traceable to candidates,检查 llm_errors.csv 中 raw_response 和候选证据。,
688226_威腾电气_2025_ESG报告,s_training,员工培训,S,quantitative,error,20.08,小时/人,人均培训时长 | 小时/人 | 41.98 | 20.08,60,688226_威腾电气_2025_ESG报告:p60:b1,table,llm_error,表格明确披露2025年人均培训时长数值及单位。 evidence quote not uniquely traceable to candidates,检查 llm_errors.csv 中 raw_response 和候选证据。,
688279_峰岹科技_2025_ESG报告,g_information_disclosure,信息披露,G,qualitative,error,,,公司严格遵守监管规定，以上海证券交易所官网及《中国证券报》、《上海证券报》、《证券时报》、《证券日报》、香港联合证券交易所等法定信息披露媒体作为核心发布平台，确保所有股东能够平等、及时地获取公司重大信息。,20,688279_峰岹科技_2025_ESG报告:p20:b4,paragraph,llm_error,证据明确披露了信息披露的平台、原则及机制，符合定性指标要求。 evidence quote not uniquely traceable to candidates,检查 llm_errors.csv 中 raw_response 和候选证据。,
688348_昱能科技_2025_ESG报告,e_electricity_total,耗电量,E,quantitative,error,"2,656.18",兆瓦时,"外购电力用量 | 兆瓦时 | 1,600.55 | 2,656.18",51,688348_昱能科技_2025_ESG报告:p51:b5,table,llm_error,证据明确披露2025年外购电力用量数值及单位。 evidence quote not uniquely traceable to candidates,检查 llm_errors.csv 中 raw_response 和候选证据。,
688348_昱能科技_2025_ESG报告,s_compensation_benefits,薪酬福利,S,qualitative,error,,,工会统筹规划员工福利活动，为文体健身与休闲交流提供经费支持，旨在促进员工身心健康，加强同事间的沟通与凝聚力。,45,688348_昱能科技_2025_ESG报告:p45:b26,paragraph,llm_error,证据明确提及工会统筹规划员工福利活动及经费支持。 evidence quote not uniquely traceable to candidates,检查 llm_errors.csv 中 raw_response 和候选证据。,
688348_昱能科技_2025_ESG报告,s_community_investment,公益慈善投入,S,quantitative,error,239.40,万元人民币,慈善捐赠金额 | 单位 | 2024 | 2025 慈善捐赠金额 | 万元人民币 | 377.78 | 239.40,53,688348_昱能科技_2025_ESG报告:p53:b3,table,llm_error,表格明确披露2025年慈善捐赠金额及单位 evidence quote not uniquely traceable to candidates,检查 llm_errors.csv 中 raw_response 和候选证据。,
688400_凌云光_2025_ESG报告,s_supplier,供应商管理,S,boolean,error,true,,严格遵循《供应商管理控制程序》...SRM供应商管理融入绿色筛选与培育...供应商培训...供应商稽核...供应商反腐协议签订比例,28,688400_凌云光_2025_ESG报告:p28:b2,paragraph,llm_error,证据明确披露了供应商管理程序、绿色筛选机制及具体的管理活动数据。 evidence quote not uniquely traceable to candidates,检查 llm_errors.csv 中 raw_response 和候选证据。,
688409_富创精密_2025_ESG报告,s_safety,安全生产,S,qualitative,error,,,公司遵守《中华人民共和国安全生产法》等法律法规，并制定多项管理制度。公司持续推进 ISO 45001 认证，建立健全并有效运行职业健康安全和环境（HSE）管理体系。,50,688409_富创精密_2025_ESG报告:p50:b3,paragraph,llm_error,证据明确披露了安全生产相关的法律法规遵守情况及管理体系建设。 evidence quote not uniquely traceable to candidates,检查 llm_errors.csv 中 raw_response 和候选证据。,
688439_振华风光_2025_ESG报告,g_stakeholder_communication,利益相关方沟通,G,qualitative,error,,,利益相关方沟通机制：政府与监管机构-信息披露与报送、定期汇报；股东与投资者-信息披露、股东会、投资者调研；客户-新产品发布会、技术交流会、客户满意度调查；员工-全体员工会议、投诉反馈信箱；社区-社区共建；供应商-准入资质审查、日常沟通与培训。,6,688439_振华风光_2025_ESG报告:p6:b21,table,llm_error,证据表格详细列出了各利益相关方的具体沟通机制，内容完整且明确。 evidence quote not uniquely traceable to candidates,检查 llm_errors.csv 中 raw_response 和候选证据。,
688439_振华风光_2025_ESG报告,g_business_ethics,商业道德,G,boolean,error,true,,反商业贿赂及反贪污培训场次 2...商业贿赂及贪污事件发生次数 0...签订廉洁承诺书的员工人数 103...签署反贿赂承诺书的供应商数量 239,43,688439_振华风光_2025_ESG报告:p43:b1,table,llm_error,证据明确披露了商业道德相关的培训、承诺签署及违规事件数据，证明机制已建立并执行。 evidence quote not uniquely traceable to candidates,检查 llm_errors.csv 中 raw_response 和候选证据。,
688439_振华风光_2025_ESG报告,g_cybersecurity_governance,网络安全治理,G,qualitative,error,,,持续完善《信息数据安全管理制度》《信息网络安全管理制度》等一系列信息安全规章制度，严格实行信息网络分区、分域、隔离管控策略。,29,688439_振华风光_2025_ESG报告:p29:b9,paragraph,llm_error,证据明确披露了网络安全相关的制度、策略及治理措施。 evidence quote not uniquely traceable to candidates,检查 llm_errors.csv 中 raw_response 和候选证据。,
688515_裕太微_2025_ESG报告,s_employee_gender,女性员工人数或占比,S,quantitative,error,104,人,按性别划分的员工人数 | 女员工 | 人 | 101 | 104,54,688515_裕太微_2025_ESG报告:p54:b0,table,llm_error,表格明确披露2025年度女员工人数为104人。 evidence quote not uniquely traceable to candidates,检查 llm_errors.csv 中 raw_response 和候选证据。,
688515_裕太微_2025_ESG报告,g_board_meetings,董事会会议次数,G,quantitative,error,6,次,报告期内， 公司共召开董事会会议 6次,16,688515_裕太微_2025_ESG报告:p16:b9,table,llm_error,证据明确披露报告期内董事会召开次数为6次。 evidence quote not uniquely traceable to candidates,检查 llm_errors.csv 中 raw_response 和候选证据。,
688515_裕太微_2025_ESG报告,g_esg_governance,ESG 治理架构,G,boolean,error,true,,可持续发展治理架构图：决策层->管理层->执行层->董事会、战略投资与可持续发展委员会、ESG专项工作组,11,688515_裕太微_2025_ESG报告:p11:b6,image,llm_error,证据明确展示了ESG治理架构图及层级结构，证实披露了治理架构。 evidence quote not uniquely traceable to candidates,检查 llm_errors.csv 中 raw_response 和候选证据。,
688515_裕太微_2025_ESG报告,g_compliance_management,合规管理,G,boolean,error,true,,公司依据《中华人民共和国公司法》等相关法律法规制订了《公司章程》以及一系列内控规范，构建了由决策、监督与审计、执行三个层级组成的合规管理体系。,19,688515_裕太微_2025_ESG报告:p19:b7,paragraph,llm_error,证据明确披露公司构建了合规管理体系及内控制度。 evidence quote not uniquely traceable to candidates,检查 llm_errors.csv 中 raw_response 和候选证据。,
688560_明冠新材_2025_ESG报告,e_ghg_total,温室气体排放总量,E,quantitative,error,15774.62,吨二氧化碳当量,"温室气体排放总量 | 吨二氧化碳当量 | 12821.26 | 15,774.62",40,688560_明冠新材_2025_ESG报告:p40:b4,table,llm_error,表格明确披露2025年温室气体排放总量数值及单位。 evidence quote not uniquely traceable to candidates,检查 llm_errors.csv 中 raw_response 和候选证据。,
688560_明冠新材_2025_ESG报告,s_occupational_health,职业健康,S,qualitative,error,,,持续健全职业健康管理体系，不断完善职业健康监护、危害告知、防护设施配置及作业环境改善等全流程管理，营造安全、健康、舒适的工作环境。,38,688560_明冠新材_2025_ESG报告:p38:b10,paragraph,llm_error,证据明确描述了职业健康管理体系及具体措施。 evidence quote not uniquely traceable to candidates,检查 llm_errors.csv 中 raw_response 和候选证据。,
688560_明冠新材_2025_ESG报告,g_cybersecurity_governance,网络安全治理,G,qualitative,error,,,公司严格遵循《中华人民共和国网络安全法》等法律法规，制定《计算机信息安全规范》等一系列内部制度规范，明确财务信息部、部门负责人以及体系工程师等相关职责，规范公司信息使用、内部共享文件夹使用以及访问权限等内容，持续确保信息资源的安全性和完整性。,30,688560_明冠新材_2025_ESG报告:p30:b17,paragraph,llm_error,证据明确披露了网络安全相关的内部制度、职责分工及防护措施，符合治理指标定义。 evidence quote not uniquely traceable to candidates,检查 llm_errors.csv 中 raw_response 和候选证据。,
688613_奥精医疗_2025_ESG报告,g_investor_relations,投资者关系,G,qualitative,error,,,奥精医疗严格遵循《证券法》等法律法规，构建全流程合规管控机制，确保信息披露与投资者沟通行为合法合规、公平公正，坚决杜绝违规披露和选择性沟通的情况发生。,15,688613_奥精医疗_2025_ESG报告:p15:b18,paragraph,llm_error,证据明确描述了投资者关系管理中的合规机制与沟通原则。 evidence quote not uniquely traceable to candidates,检查 llm_errors.csv 中 raw_response 和候选证据。,
688613_奥精医疗_2025_ESG报告,g_materiality_assessment,实质性议题评估,G,qualitative,error,,,实质性议题矩阵：产品质量安全、应对气候变化、科技创新等议题在财务重要性与可持续性重要性上均被评为High。,12,688613_奥精医疗_2025_ESG报告:p12:b3,chart,llm_error,证据包含实质性议题矩阵，明确列出了各议题的重要性评估结果。 evidence quote not uniquely traceable to candidates,检查 llm_errors.csv 中 raw_response 和候选证据。,
688618_三旺通信_2025_ESG报告,g_investor_relations,投资者关系,G,qualitative,error,,,"公司高度重视投资者关系管理, 由公司董事会秘书牵头负责, 建立健全投资者关系管理机制, 并修订完善《投资者关系管理制度》, 通过公告、“上证 e 互动”平台等多种渠道, 持续加强与投资者的沟通交流。",12,688618_三旺通信_2025_ESG报告:p12:b8,paragraph,llm_error,证据明确披露了投资者关系管理机制、责任人及沟通渠道。 evidence quote not uniquely traceable to candidates,检查 llm_errors.csv 中 raw_response 和候选证据。,
688709_成都华微_2025_ESG报告,s_diversity_equal_opportunity,多元化与平等机会,S,qualitative,error,,,公司严格遵守《国际劳工组织公约》等法律法规，坚决反对任何形式的就业歧视，坚持公开、公平、公正原则，为全体员工提供无差别的平等发展机会。,38,688709_成都华微_2025_ESG报告:p38:b2,paragraph,llm_error,证据明确披露了公司反对就业歧视、提供平等机会及构建多元包容环境的政策。 evidence quote not uniquely traceable to candidates,检查 llm_errors.csv 中 raw_response 和候选证据。,
688728_格科微_2025_ESG报告,e_ghg_total,温室气体排放总量,E,quantitative,error,"102,411.80",吨二氧化碳当量,"温室气体排放总量 | 吨二氧化碳当量 | 102,411.80",45,688728_格科微_2025_ESG报告:p45:b7,table,llm_error,证据明确披露温室气体排放总量数值及单位 evidence quote not uniquely traceable to candidates,检查 llm_errors.csv 中 raw_response 和候选证据。,
688818_电科蓝天_2025_ESG报告,e_fuel_consumption,燃料消耗量,E,quantitative,error,"9,762.55",吨标准煤,"综合能源消耗量 | 9,762.55吨标准煤",20,688818_电科蓝天_2025_ESG报告:p20:b12,table,llm_error,表格明确列出综合能源消耗量数值及单位。 evidence quote not uniquely traceable to candidates,检查 llm_errors.csv 中 raw_response 和候选证据。,
688818_电科蓝天_2025_ESG报告,s_supplier,供应商管理,S,boolean,error,true,,公司构建系统化、标准化的供应商管理制度体系，制定并发布《供应商管理办法》《合格供应商管理实施细则》等核心制度，对供应商准入条件、审核流程、评价标准、分级管理、退出机制、廉洁合规等作出全面规范。,33,688818_电科蓝天_2025_ESG报告:p33:b19,paragraph,llm_error,证据明确披露了供应商管理制度体系及具体办法，支持该指标。 evidence quote not uniquely traceable to candidates,检查 llm_errors.csv 中 raw_response 和候选证据。,
920001_纬达光电_2025_ESG报告,g_board_diversity,董事会多元化,G,quantitative,error,3,人,女性董事人数 | 人 | 3 女性董事占比 | % | 27,52,920001_纬达光电_2025_ESG报告:p52:b2,table,llm_error,证据明确列出女性董事人数及占比，符合董事会多元化指标要求。 evidence quote not uniquely traceable to candidates,检查 llm_errors.csv 中 raw_response 和候选证据。,
920029_开发科技_2025_ESG报告,e_biodiversity,生物多样性保护,E,boolean,error,true,,公司遵循《中华人民共和国自然保护区条例》等法律法规，开展环境影响评价工作，评估经营活动可能对动植物及生态环境产生的不良影响与风险，并制定相应改善措施。,43,920029_开发科技_2025_ESG报告:p43:b1,paragraph,llm_error,证据明确披露了生物多样性保护的相关法律法规遵循及具体措施。 evidence quote not uniquely traceable to candidates,检查 llm_errors.csv 中 raw_response 和候选证据。,
920029_开发科技_2025_ESG报告,s_work_injury,工伤事故,S,quantitative,error,1,人,因工重伤人数(不包括死亡) | 人 | 1 | 0 因工死亡人数 | 人 | 0 | 0,60,920029_开发科技_2025_ESG报告:p60:b4,table,llm_error,表格明确披露2025年因工重伤1人，死亡0人。 evidence quote not uniquely traceable to candidates,检查 llm_errors.csv 中 raw_response 和候选证据。,
920029_开发科技_2025_ESG报告,g_compliance_management,合规管理,G,boolean,error,true,,政府及监管部门重点关注议题包括环境合规管理...环境 | 5 | 环境合规管理 | 第三十三条 | 环境合规管理 | 32,12,920029_开发科技_2025_ESG报告:p12:b2,table,llm_error,证据明确列出环境合规管理为议题及对应章节，证实披露。 evidence quote not uniquely traceable to candidates,检查 llm_errors.csv 中 raw_response 和候选证据。,
920029_开发科技_2025_ESG报告,g_materiality_assessment,实质性议题评估,G,qualitative,error,,,遵循双重重要性原则，从“影响重要性”和“财务重要性”两个维度开展重要性议题调研工作，形成2025年重要性议题矩阵，确定本年度重要性议题及其优先级。,13,920029_开发科技_2025_ESG报告:p13:b8,paragraph,llm_error,证据明确描述了基于双重重要性原则的评估流程及结果。 evidence quote not uniquely traceable to candidates,检查 llm_errors.csv 中 raw_response 和候选证据。,
920039_国义招标_2025_ESG报告,g_business_ethics,商业道德,G,boolean,error,true,,为规范商业道德行为，公司制定并实施《信息披露管理制度》等一系列内部制度，明确要求全体员工及业务往来对象在商业活动中恪守诚信原则，不得从事商业贿赂、内幕交易、不正当竞争等任何违法违规行为。,21,920039_国义招标_2025_ESG报告:p21:b21,paragraph,llm_error,证据明确披露了商业道德相关的内部制度及禁止违规行为的规定。 evidence quote not uniquely traceable to candidates,检查 llm_errors.csv 中 raw_response 和候选证据。,
920039_国义招标_2025_ESG报告,g_materiality_assessment,实质性议题评估,G,qualitative,error,,,遵循双重重要性原则，建立“影响重要性”与“财务重要性”双维度评估体系，通过多利益相关方问卷调研，构建2025年度ESG重要性议题矩阵，科学划分核心议题优先级。,11,920039_国义招标_2025_ESG报告:p11:b13,paragraph,llm_error,证据明确描述了双重重要性评估的方法、流程及结果。 evidence quote not uniquely traceable to candidates,检查 llm_errors.csv 中 raw_response 和候选证据。,
920167_同享科技_2025_ESG报告,e_waste_total,废弃物产生量,E,quantitative,error,689.74,吨,无害废弃物产生量 吨 686.36 有害废弃物产生量 吨 3.38,38,920167_同享科技_2025_ESG报告:p38:b2,table,llm_error,证据明确披露2025年无害及有害废弃物产生量数值，单位均为吨，可加总得出总量。 evidence quote not uniquely traceable to candidates,检查 llm_errors.csv 中 raw_response 和候选证据。,
920167_同享科技_2025_ESG报告,e_nonhazardous_waste,一般废弃物产生量,E,quantitative,error,686.36,吨,无害废弃物产生量 | 吨 | 449.17 | 395.46 | 686.36,38,920167_同享科技_2025_ESG报告:p38:b2,table,llm_error,表格明确列出2025年无害废弃物产生量为686.36吨。 evidence quote not uniquely traceable to candidates,检查 llm_errors.csv 中 raw_response 和候选证据。,
920167_同享科技_2025_ESG报告,s_product_quality,产品质量管理,S,qualitative,error,,,同享科技严格按照 GB/T 19001-2016/ISO 9001:2015 质量管理体系标准建立和实施质量管理体系，制定并持续修订《不合格品控制程序》等系列制度文件。,26,920167_同享科技_2025_ESG报告:p26:b5,paragraph,llm_error,证据明确披露了质量管理体系的建立、标准依据及制度文件，符合定性指标要求。 evidence quote not uniquely traceable to candidates,检查 llm_errors.csv 中 raw_response 和候选证据。,
920299_灿能电力_2025_可持续发展报告,s_data_security,数据安全与隐私保护,S,boolean,error,true,,公司高度重视数据安全与客户隐私保护工作，已通过ISO/IEC27001信息安全管理体系认证，并制定了《南京灿能数据中心管理办法》等专项管理制度。,56,920299_灿能电力_2025_可持续发展报告:p56:b3,paragraph,llm_error,证据明确披露了数据安全与隐私保护的管理体系、认证及制度措施。 evidence quote not uniquely traceable to candidates,检查 llm_errors.csv 中 raw_response 和候选证据。,
920665_科强股份_2025_ESG报告,e_fuel_consumption,燃料消耗量,E,quantitative,error,4067.96,吨标准煤,"能源消耗总量 | 吨标准煤 | 4,067.96",32,920665_科强股份_2025_ESG报告:p32:b23,table,llm_error,证据明确披露了2025年能源消耗总量及单位，符合燃料消耗量指标定义。 evidence quote not uniquely traceable to candidates,检查 llm_errors.csv 中 raw_response 和候选证据。,
920665_科强股份_2025_ESG报告,s_employee_gender,女性员工人数或占比,S,quantitative,error,117,人,按性别划分的员工人数 | 女性员工 | 人 | 117,41,920665_科强股份_2025_ESG报告:p41:b0,table,llm_error,证据明确披露女性员工人数为117人。 evidence quote not uniquely traceable to candidates,检查 llm_errors.csv 中 raw_response 和候选证据。,
