stock_code,company,report_type,pdf_path,pages,pdf_size_bytes,md_path,md_size_bytes,chars,lines,nonempty_lines,headings,image_refs,table_markers,first_nonempty_line,status
000016,深康佳Ａ,ESG报告,data/raw_pdfs/000016_深康佳Ａ_2025_ESG报告.pdf,46,18571555,data/mineru_outputs/hybrid_high_all/000016_深康佳Ａ_2025_ESG报告/hybrid_auto/000016_深康佳Ａ_2025_ESG报告.md,155520,84578,2633,1673,219,215,26,## 2025,ok
000158,常山北明,ESG报告,data/raw_pdfs/000158_常山北明_2025_ESG报告.pdf,32,25313896,data/mineru_outputs/hybrid_high_all/000158_常山北明_2025_ESG报告/hybrid_auto/000158_常山北明_2025_ESG报告.md,109485,58366,1999,1254,236,126,17,![](images/3f2f8a6abfcc4f1fa050c5f6817cc5d5c7504644572229dc8ad5150da9eead61.jpg),ok
000403,派林生物,ESG报告,data/raw_pdfs/000403_派林生物_2025_ESG报告.pdf,36,5151642,data/mineru_outputs/hybrid_high_all/000403_派林生物_2025_ESG报告/hybrid_auto/000403_派林生物_2025_ESG报告.md,123925,59883,2007,1127,195,170,19,![](images/97f9911a16bba96750e5c90324d07e6e3de74896b596350fd8fd780d5c54a534.jpg),ok
000503,国新健康,ESG报告,data/raw_pdfs/000503_国新健康_2025_ESG报告.pdf,35,31632276,data/mineru_outputs/hybrid_high_all/000503_国新健康_2025_ESG报告/hybrid_auto/000503_国新健康_2025_ESG报告.md,124980,59336,2235,1362,217,110,13,![](images/33b41f0920eea38bf67aa3a27e463eb0e72680fef64d0f2d30463bbedcc5fd2e.jpg),ok
000526,学大教育,ESG报告,data/raw_pdfs/000526_学大教育_2025_ESG报告.pdf,50,3013175,data/mineru_outputs/hybrid_high_all/000526_学大教育_2025_ESG报告/hybrid_auto/000526_学大教育_2025_ESG报告.md,173705,81056,2008,1129,258,128,32,## 2025年度,ok
000537,绿发电力,ESG报告,data/raw_pdfs/000537_绿发电力_2025_ESG报告.pdf,51,32524281,data/mineru_outputs/hybrid_high_all/000537_绿发电力_2025_ESG报告/hybrid_auto/000537_绿发电力_2025_ESG报告.md,174654,89786,2745,1561,238,262,23,# 2025 年度,ok
000547,航天发展,ESG报告,data/raw_pdfs/000547_航天发展_2025_ESG报告.pdf,47,13910874,data/mineru_outputs/hybrid_high_all/000547_航天发展_2025_ESG报告/hybrid_auto/000547_航天发展_2025_ESG报告.md,159030,81797,2936,1751,284,240,20,![](images/dde72da55d7056fe5df197715b90607775e075b5db31626a06917a32b31c6747.jpg),ok
000557,西部创业,可持续发展报告,data/raw_pdfs/000557_西部创业_2025_可持续发展报告.pdf,54,24219619,data/mineru_outputs/hybrid_high_all/000557_西部创业_2025_可持续发展报告/hybrid_auto/000557_西部创业_2025_可持续发展报告.md,206249,109852,3423,1862,296,261,44,## 创造流通价值 共赢美好未来,ok
000598,兴蓉环境,ESG报告,data/raw_pdfs/000598_兴蓉环境_2025_ESG报告.pdf,38,11103375,data/mineru_outputs/hybrid_high_all/000598_兴蓉环境_2025_ESG报告/hybrid_auto/000598_兴蓉环境_2025_ESG报告.md,158560,79540,2667,1560,282,213,14,# 2025 年度环境、社会及公司治理(ESG)报告,ok
000628,高新发展,ESG报告,data/raw_pdfs/000628_高新发展_2025_ESG报告.pdf,69,11548903,data/mineru_outputs/hybrid_high_all/000628_高新发展_2025_ESG报告/hybrid_auto/000628_高新发展_2025_ESG报告.md,201551,103341,3705,2286,299,212,29,![](images/954eadaf2bdf5bb1613ad7963c135d709fe22e4149fe6443b572375d0df8a0ac.jpg),ok
000720,新能泰山,ESG报告,data/raw_pdfs/000720_新能泰山_2025_ESG报告.pdf,36,12551305,data/mineru_outputs/hybrid_high_all/000720_新能泰山_2025_ESG报告/hybrid_auto/000720_新能泰山_2025_ESG报告.md,149630,67523,1866,1073,219,117,16,# 环境、社会及治理(ESG)报告,ok
000758,中色股份,ESG暨社会责任报告,data/raw_pdfs/000758_中色股份_2025_ESG暨社会责任报告.pdf,53,21852102,data/mineru_outputs/hybrid_high_all/000758_中色股份_2025_ESG暨社会责任报告/hybrid_auto/000758_中色股份_2025_ESG暨社会责任报告.md,193293,97296,3110,1826,367,188,29,地址：北京市朝阳区安定路 10号中国有色大厦南楼,ok
000777,中核科技,ESG暨社会责任报告,data/raw_pdfs/000777_中核科技_2025_ESG暨社会责任报告.pdf,58,25000141,data/mineru_outputs/hybrid_high_all/000777_中核科技_2025_ESG暨社会责任报告/hybrid_auto/000777_中核科技_2025_ESG暨社会责任报告.md,209562,113481,3510,2203,326,196,51,![](images/538bda3a0ef1aa63879c8dad326b71f26d41194615e5ad0add3c9d5e21b5b646.jpg),ok
000810,创维数字,ESG报告,data/raw_pdfs/000810_创维数字_2025_ESG报告.pdf,47,16714361,data/mineru_outputs/hybrid_high_all/000810_创维数字_2025_ESG报告/hybrid_auto/000810_创维数字_2025_ESG报告.md,172142,86953,3040,1991,268,143,15,![](images/a125615b50e8d21b5376c79d960f1419d2a392701e2205371bc92a1ecbb39e21.jpg),ok
000825,太钢不锈,可持续发展报告,data/raw_pdfs/000825_太钢不锈_2025_可持续发展报告.pdf,51,11821929,data/mineru_outputs/hybrid_high_all/000825_太钢不锈_2025_可持续发展报告/hybrid_auto/000825_太钢不锈_2025_可持续发展报告.md,206035,106866,3803,2203,339,236,38,# Sustainability (ESG) Report,ok
000881,中广核技,ESG报告,data/raw_pdfs/000881_中广核技_2025_ESG报告.pdf,53,5597469,data/mineru_outputs/hybrid_high_all/000881_中广核技_2025_ESG报告/hybrid_auto/000881_中广核技_2025_ESG报告.md,221622,105982,2596,1526,302,156,53,![](images/1ed7842d10687408689f84eb6c020ea762429245428c76a05c35749af5ae9919.jpg),ok
000922,佳电股份,ESG报告,data/raw_pdfs/000922_佳电股份_2026_ESG报告.pdf,1,174015,data/mineru_outputs/hybrid_high_all/000922_佳电股份_2026_ESG报告/hybrid_auto/000922_佳电股份_2026_ESG报告.md,5393,2152,80,46,9,2,0,## 独立鉴证声明,ok
000923,河钢资源,ESG报告,data/raw_pdfs/000923_河钢资源_2025_ESG报告.pdf,46,22103613,data/mineru_outputs/hybrid_high_all/000923_河钢资源_2025_ESG报告/hybrid_auto/000923_河钢资源_2025_ESG报告.md,165157,92734,3536,2285,248,175,30,## HBIS河钢资源,ok
000968,蓝焰控股,ESG报告,data/raw_pdfs/000968_蓝焰控股_2025_ESG报告.pdf,50,25474433,data/mineru_outputs/hybrid_high_all/000968_蓝焰控股_2025_ESG报告/hybrid_auto/000968_蓝焰控股_2025_ESG报告.md,177855,90504,2666,1608,266,136,35,![](images/b543d1ad1df4103dd4c70d61b07273fef0d637f688abea8dbf614503c6cb8b35.jpg),ok
000998,隆平高科,ESG报告,data/raw_pdfs/000998_隆平高科_2025_ESG报告.pdf,103,25521781,data/mineru_outputs/hybrid_high_all/000998_隆平高科_2025_ESG报告/hybrid_auto/000998_隆平高科_2025_ESG报告.md,196739,99415,3092,1807,315,248,44,![](images/cfce97e9e5f816dcf8792b1076a209668a41bd1d10807d645858ce7b215695d2.jpg),ok
001287,中电港,ESG报告,data/raw_pdfs/001287_中电港_2025_ESG报告.pdf,35,12535893,data/mineru_outputs/hybrid_high_all/001287_中电港_2025_ESG报告/hybrid_auto/001287_中电港_2025_ESG报告.md,134840,66612,2355,1440,242,100,14,![](images/7ed3e6b0f1526b2575b4dc778e98ea06281e02cebaf9bb447bcb9b02f09b5c02.jpg),ok
001322,箭牌家居,ESG报告,data/raw_pdfs/001322_箭牌家居_2025_ESG报告.pdf,63,4009382,data/mineru_outputs/hybrid_high_all/001322_箭牌家居_2025_ESG报告/hybrid_auto/001322_箭牌家居_2025_ESG报告.md,161227,72433,1430,796,170,49,22,![](images/842f1dae4fe73a339faa39a42636d33c67ad0678bd7f8e3fc2baadf9ebb8d64d.jpg),ok
001390,古麒绒材,可持续发展报告,data/raw_pdfs/001390_古麒绒材_2025_可持续发展报告.pdf,55,16000377,data/mineru_outputs/hybrid_high_all/001390_古麒绒材_2025_可持续发展报告/hybrid_auto/001390_古麒绒材_2025_可持续发展报告.md,224739,107746,2682,1757,136,156,43,![](images/c23787dda8523e007cfaebcd17809bc3c5443e6ec494ff0546e7963680cfccd4.jpg),ok
002011,盾安环境,ESG报告,data/raw_pdfs/002011_盾安环境_2025_ESG报告.pdf,50,22067692,data/mineru_outputs/hybrid_high_all/002011_盾安环境_2025_ESG报告/hybrid_auto/002011_盾安环境_2025_ESG报告.md,206457,108653,2806,1711,311,113,74,## DUnAn,ok
002035,华帝股份,ESG报告,data/raw_pdfs/002035_华帝股份_2025_ESG报告.pdf,50,12226249,data/mineru_outputs/hybrid_high_all/002035_华帝股份_2025_ESG报告/hybrid_auto/002035_华帝股份_2025_ESG报告.md,217621,107781,2892,1735,259,164,30,## 华帝股份,ok
002037,保利联合,ESG报告,data/raw_pdfs/002037_保利联合_2025_ESG报告.pdf,18,20408591,data/mineru_outputs/hybrid_high_all/002037_保利联合_2025_ESG报告/hybrid_auto/002037_保利联合_2025_ESG报告.md,58987,34251,1717,1009,133,181,2,![](images/7181b4e3a3cc3b97942c9ee71c4db69463f52bd7e150913aa23ff294dc0a0986.jpg),ok
002048,宁波华翔,ESG报告,data/raw_pdfs/002048_宁波华翔_2025_ESG报告.pdf,50,21557665,data/mineru_outputs/hybrid_high_all/002048_宁波华翔_2025_ESG报告/hybrid_auto/002048_宁波华翔_2025_ESG报告.md,189704,105990,3524,2171,314,254,49,![](images/efc6f08d9135bdc0cac52c0d5c35935b6dbc1a23aea59efe7daaa924f110dd9e.jpg),ok
002079,苏州固锝,ESG报告,data/raw_pdfs/002079_苏州固锝_2025_ESG报告.pdf,56,18915621,data/mineru_outputs/hybrid_high_all/002079_苏州固锝_2025_ESG报告/hybrid_auto/002079_苏州固锝_2025_ESG报告.md,206436,100329,3162,1926,342,158,26,![](images/d5caacc65e1acd78a931a538cbd45f9e2d724135037ff5e8c15b598603cbf0ac.jpg),ok
002203,海亮股份,ESG报告,data/raw_pdfs/002203_海亮股份_2025_ESG报告.pdf,52,19518271,data/mineru_outputs/hybrid_high_all/002203_海亮股份_2025_ESG报告/hybrid_auto/002203_海亮股份_2025_ESG报告.md,229962,131821,3581,2404,298,198,34,![](images/a29b9f0133925f36c2c0f48cc151bd6e2d0096ea9c6a98239dca51ce6b6cbd9f.jpg),ok
002326,永太科技,ESG报告,data/raw_pdfs/002326_永太科技_2025_ESG报告.pdf,53,21663898,data/mineru_outputs/hybrid_high_all/002326_永太科技_2025_ESG报告/hybrid_auto/002326_永太科技_2025_ESG报告.md,193430,101597,3423,2149,298,194,37,## <sup>年</sup> 环境、社会和公司治理报告,ok
002444,巨星科技,ESG报告,data/raw_pdfs/002444_巨星科技_2025_ESG报告.pdf,51,17322984,data/mineru_outputs/hybrid_high_all/002444_巨星科技_2025_ESG报告/hybrid_auto/002444_巨星科技_2025_ESG报告.md,162327,81411,2829,1775,230,113,48,## 2025年度,ok
002490,山东墨龙,ESG报告,data/raw_pdfs/002490_山东墨龙_2025_ESG报告.pdf,89,7252561,data/mineru_outputs/hybrid_high_all/002490_山东墨龙_2025_ESG报告/hybrid_auto/002490_山东墨龙_2025_ESG报告.md,187626,93290,2208,1375,210,94,42,## 山东墨龙石油机械股份有限公司,ok
002533,金杯电工,ESG报告,data/raw_pdfs/002533_金杯电工_2025_ESG报告.pdf,46,30177510,data/mineru_outputs/hybrid_high_all/002533_金杯电工_2025_ESG报告/hybrid_auto/002533_金杯电工_2025_ESG报告.md,214144,103805,2415,1601,199,107,38,![](images/648034189a5692b71977b1047c4d2bf7bae780826218152936020bcc814df15a.jpg),ok
002568,百润股份,ESG报告,data/raw_pdfs/002568_百润股份_2025_ESG报告.pdf,50,32134136,data/mineru_outputs/hybrid_high_all/002568_百润股份_2025_ESG报告/hybrid_auto/002568_百润股份_2025_ESG报告.md,214104,115548,3233,2196,240,205,65,##,ok
002573,清新环境,ESG报告,data/raw_pdfs/002573_清新环境_2025_ESG报告.pdf,37,30937255,data/mineru_outputs/hybrid_high_all/002573_清新环境_2025_ESG报告/hybrid_auto/002573_清新环境_2025_ESG报告.md,131307,67489,2489,1501,215,187,15,![](images/9c72662dd446736e50f904abeeec3cf8d3057049007cbcc0c868979a2c80280f.jpg),ok
002627,三峡旅游,ESG报告,data/raw_pdfs/002627_三峡旅游_2025_ESG报告.pdf,53,16843078,data/mineru_outputs/hybrid_high_all/002627_三峡旅游_2025_ESG报告/hybrid_auto/002627_三峡旅游_2025_ESG报告.md,177617,87111,2815,1760,262,144,55,## 湖北三峡旅游集团股份有限公司,ok
002649,博彦科技,ESG报告,data/raw_pdfs/002649_博彦科技_2025_ESG报告.pdf,47,16360077,data/mineru_outputs/hybrid_high_all/002649_博彦科技_2025_ESG报告/hybrid_auto/002649_博彦科技_2025_ESG报告.md,174013,87624,2986,1840,337,147,37,## 2025,ok
002663,普邦股份,ESG报告,data/raw_pdfs/002663_普邦股份_2025_ESG报告.pdf,41,7670077,data/mineru_outputs/hybrid_high_all/002663_普邦股份_2025_ESG报告/hybrid_auto/002663_普邦股份_2025_ESG报告.md,104601,52120,2412,1428,273,156,11,![](images/f4c03e27db0d7f47fa8a6929b86a0b042c571fcba35c1b37b374de9912f1172b.jpg),ok
002692,远程股份,ESG报告,data/raw_pdfs/002692_远程股份_2026_ESG报告.pdf,59,29792228,data/mineru_outputs/hybrid_high_all/002692_远程股份_2026_ESG报告/hybrid_auto/002692_远程股份_2026_ESG报告.md,213586,112452,3317,2092,306,170,96,![](images/7598d338f5c07c91539120ed7dff72b3b024660a61fbfea752fdc4ebf33599f5.jpg),ok
002782,可立克,可持续发展报告,data/raw_pdfs/002782_可立克_2025_可持续发展报告.pdf,43,22828257,data/mineru_outputs/hybrid_high_all/002782_可立克_2025_可持续发展报告/hybrid_auto/002782_可立克_2025_可持续发展报告.md,152394,73704,2058,1313,199,122,35,![](images/bb84eaeb40f8df41e2398a92ccf87b40646c280899bb28d1f199de06f58fabff.jpg),ok
002807,江阴银行,ESG报告,data/raw_pdfs/002807_江阴银行_2025_ESG报告.pdf,52,19055958,data/mineru_outputs/hybrid_high_all/002807_江阴银行_2025_ESG报告/hybrid_auto/002807_江阴银行_2025_ESG报告.md,244363,111876,3011,1732,328,169,46,![](images/44939197dafcde05d9c61fe7fd3430d9f3d70331b132fe8be064a18b066cf9ee.jpg),ok
002849,威星智能,ESG报告,data/raw_pdfs/002849_威星智能_2025_ESG报告.pdf,53,17147526,data/mineru_outputs/hybrid_high_all/002849_威星智能_2025_ESG报告/hybrid_auto/002849_威星智能_2025_ESG报告.md,183839,94092,3330,2175,310,124,42,## 浙江威星智能仪表股份有限公司,ok
002851,麦格米特,ESG暨社会责任报告,data/raw_pdfs/002851_麦格米特_2025_ESG暨社会责任报告.pdf,49,25410264,data/mineru_outputs/hybrid_high_all/002851_麦格米特_2025_ESG暨社会责任报告/hybrid_auto/002851_麦格米特_2025_ESG暨社会责任报告.md,229532,115138,3308,2139,251,180,60,## MEGMEET,ok
002886,沃特股份,ESG报告,data/raw_pdfs/002886_沃特股份_2025_ESG报告.pdf,38,13486689,data/mineru_outputs/hybrid_high_all/002886_沃特股份_2025_ESG报告/hybrid_auto/002886_沃特股份_2025_ESG报告.md,141311,69724,2764,1607,261,185,16,## 塑造人类美好生活,ok
002887,绿茵生态,ESG报告,data/raw_pdfs/002887_绿茵生态_2025_ESG报告.pdf,26,10213203,data/mineru_outputs/hybrid_high_all/002887_绿茵生态_2025_ESG报告/hybrid_auto/002887_绿茵生态_2025_ESG报告.md,36340,20883,999,616,94,58,7,![](images/68ea030b10143d60860ee2449449d1fd3eeea374ff11f63e64df20607b684527.jpg),ok
002958,青农商行,可持续发展报告,data/raw_pdfs/002958_青农商行_2025_可持续发展报告.pdf,77,31720868,data/mineru_outputs/hybrid_high_all/002958_青农商行_2025_可持续发展报告/hybrid_auto/002958_青农商行_2025_可持续发展报告.md,273736,130325,3738,2288,428,137,74,## 2025,ok
002999,天禾股份,ESG报告,data/raw_pdfs/002999_天禾股份_2025_ESG报告.pdf,54,26649270,data/mineru_outputs/hybrid_high_all/002999_天禾股份_2025_ESG报告/hybrid_auto/002999_天禾股份_2025_ESG报告.md,209753,100288,3247,2036,293,168,50,![](images/e41281ef76d1ef7af7a04bac21140f9fbd376e96fa9e265a5c443c6aedbc2205.jpg),ok
003030,祖名股份,ESG报告,data/raw_pdfs/003030_祖名股份_2025_ESG报告.pdf,43,14284708,data/mineru_outputs/hybrid_high_all/003030_祖名股份_2025_ESG报告/hybrid_auto/003030_祖名股份_2025_ESG报告.md,153192,74454,2682,1656,299,138,24,![](images/20835444fbc218f76294e9e59d5f51a9b1ef2afc00d99d6d8fb936b1c7f6948d.jpg),ok
00553,南京熊猫电子股份,ESG报告,data/raw_pdfs/00553_南京熊猫电子股份_2025_ESG报告.pdf,45,25476913,data/mineru_outputs/hybrid_high_all/00553_南京熊猫电子股份_2025_ESG报告/hybrid_auto/00553_南京熊猫电子股份_2025_ESG报告.md,139605,69366,2272,1432,217,101,26,![](images/2dddf5c3341c836668c10a7b91f9ed1b84237997339443bf5a2c4cea7128dfd3.jpg),ok
00568,山东墨龙,ESG报告,data/raw_pdfs/00568_山东墨龙_2025_ESG报告.pdf,89,7181955,data/mineru_outputs/hybrid_high_all/00568_山东墨龙_2025_ESG报告/hybrid_auto/00568_山东墨龙_2025_ESG报告.md,186878,92519,2115,1318,204,97,43,## 山東墨龍石油機械股份有限公司,ok
00588,北京北辰实业股份,可持续发展报告,data/raw_pdfs/00588_北京北辰实业股份_2025_可持续发展报告.pdf,34,21092690,data/mineru_outputs/hybrid_high_all/00588_北京北辰实业股份_2025_可持续发展报告/hybrid_auto/00588_北京北辰实业股份_2025_可持续发展报告.md,153612,80226,2102,1280,193,101,35,## 北辰实业2026,ok
00666,瑞浦兰钧,ESG报告,data/raw_pdfs/00666_瑞浦兰钧_2025_ESG报告.pdf,59,19644166,data/mineru_outputs/hybrid_high_all/00666_瑞浦兰钧_2025_ESG报告/hybrid_auto/00666_瑞浦兰钧_2025_ESG报告.md,263110,123003,3995,2236,478,144,38,REPT瑞浦兰钧,ok
00966,中国太平,ESG暨社会责任报告,data/raw_pdfs/00966_中国太平_2025_ESG暨社会责任报告.pdf,60,19800954,data/mineru_outputs/hybrid_high_all/00966_中国太平_2025_ESG暨社会责任报告/hybrid_auto/00966_中国太平_2025_ESG暨社会责任报告.md,245097,121588,2829,1630,346,214,34,# 2025環境、社會及管治（ESG）暨社會責任報告,ok
01216,中原银行,ESG报告,data/raw_pdfs/01216_中原银行_2025_ESG报告.pdf,42,17804321,data/mineru_outputs/hybrid_high_all/01216_中原银行_2025_ESG报告/hybrid_auto/01216_中原银行_2025_ESG报告.md,141085,72433,2364,1469,213,121,28,![](images/058ddfd02a6632bc81d405f066cf0f8baad4c2cbe6e2014d6d851b76fe357825.jpg),ok
01359,中国信达,ESG暨社会责任报告,data/raw_pdfs/01359_中国信达_2025_ESG暨社会责任报告.pdf,77,13008965,data/mineru_outputs/hybrid_high_all/01359_中国信达_2025_ESG暨社会责任报告/hybrid_auto/01359_中国信达_2025_ESG暨社会责任报告.md,121384,62842,1656,1013,135,104,22,![](images/5b090bd5f6ac032f1b019693dda890190bfafefeb23df2628e076d2ea453334a.jpg),ok
01432,中国圣牧,ESG报告,data/raw_pdfs/01432_中国圣牧_2025_ESG报告.pdf,46,29161397,data/mineru_outputs/hybrid_high_all/01432_中国圣牧_2025_ESG报告/hybrid_auto/01432_中国圣牧_2025_ESG报告.md,196249,101624,2790,1764,235,189,38,## 關於本報告,ok
01847,云南建投混凝土,ESG报告,data/raw_pdfs/01847_云南建投混凝土_2025_ESG报告.pdf,14,432108,data/mineru_outputs/hybrid_high_all/01847_云南建投混凝土_2025_ESG报告/hybrid_auto/01847_云南建投混凝土_2025_ESG报告.md,27697,11899,344,185,36,3,2,閣下如對本通函或應採取的行動有任何疑問，應諮詢 閣下之股票經紀或其他註冊證券商、銀行經理、律師、專業會計師或其他專業顧問。,ok
01950,帝王实业控股,ESG报告,data/raw_pdfs/01950_帝王实业控股_2026_ESG报告.pdf,54,2331403,data/mineru_outputs/hybrid_high_all/01950_帝王实业控股_2026_ESG报告/hybrid_auto/01950_帝王实业控股_2026_ESG报告.md,81744,38110,911,547,116,14,35,## DIWANG INDUSTRIAL HOLDINGS LIMITED,ok
02402,亿华通,ESG报告,data/raw_pdfs/02402_亿华通_2025_ESG报告.pdf,62,9631490,data/mineru_outputs/hybrid_high_all/02402_亿华通_2025_ESG报告/hybrid_auto/02402_亿华通_2025_ESG报告.md,215935,109923,3017,1834,347,154,48,## 2025,ok
02651,大众口腔,ESG报告,data/raw_pdfs/02651_大众口腔_2025_ESG报告.pdf,57,2187798,data/mineru_outputs/hybrid_high_all/02651_大众口腔_2025_ESG报告/hybrid_auto/02651_大众口腔_2025_ESG报告.md,94959,46393,1086,633,142,38,20,# 爱尚大众,ok
02676,纳芯微,ESG报告,data/raw_pdfs/02676_纳芯微_2025_ESG报告.pdf,78,23830187,data/mineru_outputs/hybrid_high_all/02676_纳芯微_2025_ESG报告/hybrid_auto/02676_纳芯微_2025_ESG报告.md,223093,124826,3479,2248,268,254,44,## 2025,ok
02768,国恩科技,可持续发展报告,data/raw_pdfs/02768_国恩科技_2025_可持续发展报告.pdf,37,12596170,data/mineru_outputs/hybrid_high_all/02768_国恩科技_2025_可持续发展报告/hybrid_auto/02768_国恩科技_2025_可持续发展报告.md,163386,76986,2069,1188,214,160,25,![](images/a6bb89b5ea1086c1a6b53fb910c42dee5243d1362ea347fad1cd249b838f0a3e.jpg),ok
06198,青岛港,ESG报告,data/raw_pdfs/06198_青岛港_2025_ESG报告.pdf,57,8627129,data/mineru_outputs/hybrid_high_all/06198_青岛港_2025_ESG报告/hybrid_auto/06198_青岛港_2025_ESG报告.md,190287,96196,2756,1708,261,153,31,(於中華人民共和國成立的股份有限公司),ok
06656,思格新能,ESG报告,data/raw_pdfs/06656_思格新能_2025_ESG报告.pdf,70,20309677,data/mineru_outputs/hybrid_high_all/06656_思格新能_2025_ESG报告/hybrid_auto/06656_思格新能_2025_ESG报告.md,191107,104443,3331,2123,306,192,47,# Enjoy Green Energy,ok
06810,商米科技-Ｗ,ESG报告,data/raw_pdfs/06810_商米科技-Ｗ_2025_ESG报告.pdf,76,18119516,data/mineru_outputs/hybrid_high_all/06810_商米科技-Ｗ_2025_ESG报告/hybrid_auto/06810_商米科技-Ｗ_2025_ESG报告.md,318151,174278,3381,2189,190,173,96,## 2025,ok
09668,渤海银行,ESG暨社会责任报告,data/raw_pdfs/09668_渤海银行_2025_ESG暨社会责任报告.pdf,130,5267090,data/mineru_outputs/hybrid_high_all/09668_渤海银行_2025_ESG暨社会责任报告/hybrid_auto/09668_渤海银行_2025_ESG暨社会责任报告.md,252856,109116,2189,1182,273,68,38,![](images/8d38fe59c82a5af3402d8e8e83f70252b49a90be28400f95c77f567af8d5e689.jpg),ok
300035,中科电气,ESG报告,data/raw_pdfs/300035_中科电气_2025_ESG报告.pdf,69,10096982,data/mineru_outputs/hybrid_high_all/300035_中科电气_2025_ESG报告/hybrid_auto/300035_中科电气_2025_ESG报告.md,171162,90100,2450,1460,245,167,36,# 2025年度,ok
300068,ST南都,ESG报告,data/raw_pdfs/300068_ST南都_2025_ESG报告.pdf,45,21687600,data/mineru_outputs/hybrid_high_all/300068_ST南都_2025_ESG报告/hybrid_auto/300068_ST南都_2025_ESG报告.md,194998,96679,1962,1190,194,113,43,## 2025 年度,ok
300100,双林股份,ESG报告,data/raw_pdfs/300100_双林股份_2025_ESG报告.pdf,40,10664214,data/mineru_outputs/hybrid_high_all/300100_双林股份_2025_ESG报告/hybrid_auto/300100_双林股份_2025_ESG报告.md,181374,83695,2251,1343,282,84,32,![](images/0fe779f281cbf7f793206ef31549cea530098b529dcc6456371fd0e3df5e6454.jpg),ok
300149,睿智医药,ESG报告,data/raw_pdfs/300149_睿智医药_2025_ESG报告.pdf,42,8094380,data/mineru_outputs/hybrid_high_all/300149_睿智医药_2025_ESG报告/hybrid_auto/300149_睿智医药_2025_ESG报告.md,166248,83597,3185,1971,289,163,28,#,ok
300212,易华录,ESG报告,data/raw_pdfs/300212_易华录_2025_ESG报告.pdf,45,27753915,data/mineru_outputs/hybrid_high_all/300212_易华录_2025_ESG报告/hybrid_auto/300212_易华录_2025_ESG报告.md,164080,79521,3151,1946,352,148,46,![](images/e6fe4f351e7329dd5f994afd97a6d5c22afb4811a6e41265075903df2b37f86d.jpg),ok
300261,雅本化学,ESG报告,data/raw_pdfs/300261_雅本化学_2025_ESG报告.pdf,51,12688263,data/mineru_outputs/hybrid_high_all/300261_雅本化学_2025_ESG报告/hybrid_auto/300261_雅本化学_2025_ESG报告.md,196818,98059,2717,1608,331,178,48,![](images/08ca2a233534acb1ba5ab7f167c71c4cfae33047764c69e561cccad3f06f1261.jpg),ok
300376,易事特,可持续发展报告,data/raw_pdfs/300376_易事特_2025_可持续发展报告.pdf,63,23087169,data/mineru_outputs/hybrid_high_all/300376_易事特_2025_可持续发展报告/hybrid_auto/300376_易事特_2025_可持续发展报告.md,256798,118805,2608,1427,258,156,22,## 2025年度,ok
300459,汤姆猫,ESG报告,data/raw_pdfs/300459_汤姆猫_2025_ESG报告.pdf,57,8961014,data/mineru_outputs/hybrid_high_all/300459_汤姆猫_2025_ESG报告/hybrid_auto/300459_汤姆猫_2025_ESG报告.md,136588,67675,1931,1102,216,97,30,##,ok
300468,四方精创,ESG报告,data/raw_pdfs/300468_四方精创_2025_ESG报告.pdf,44,27524867,data/mineru_outputs/hybrid_high_all/300468_四方精创_2025_ESG报告/hybrid_auto/300468_四方精创_2025_ESG报告.md,107795,61082,2148,1362,179,154,36,![](images/c51fff0dee49cde73ffe0332750587b3dc9dd3b25d279fd3eb0786a56b38a2f7.jpg),ok
300513,恒实科技,ESG报告,data/raw_pdfs/300513_恒实科技_2025_ESG报告.pdf,22,19826629,data/mineru_outputs/hybrid_high_all/300513_恒实科技_2025_ESG报告/hybrid_auto/300513_恒实科技_2025_ESG报告.md,62689,34295,1688,1259,74,76,4,![](images/1bd9e0274ce31f38fbf131a136e8d8a8df8a9fdf7c3c0ca6a035be5f7d226d67.jpg),ok
300527,ST应急,ESG报告,data/raw_pdfs/300527_ST应急_2025_ESG报告.pdf,47,19122055,data/mineru_outputs/hybrid_high_all/300527_ST应急_2025_ESG报告/hybrid_auto/300527_ST应急_2025_ESG报告.md,88242,49244,2365,1477,200,193,3,## 中国船舶重工集团应急预警与救援装备股份有限公司   2025年度环境、社会及公司治理(ESG)报告,ok
300547,川环科技,ESG报告,data/raw_pdfs/300547_川环科技_2025_ESG报告.pdf,36,20425189,data/mineru_outputs/hybrid_high_all/300547_川环科技_2025_ESG报告/hybrid_auto/300547_川环科技_2025_ESG报告.md,64776,35862,2008,1242,202,96,4,## 2025年度,ok
300597,吉大通信,ESG报告,data/raw_pdfs/300597_吉大通信_2025_ESG报告.pdf,78,27615831,data/mineru_outputs/hybrid_high_all/300597_吉大通信_2025_ESG报告/hybrid_auto/300597_吉大通信_2025_ESG报告.md,323363,155297,5499,3432,515,267,36,## 2025,ok
300832,新产业,ESG报告,data/raw_pdfs/300832_新产业_2025_ESG报告.pdf,49,9146282,data/mineru_outputs/hybrid_high_all/300832_新产业_2025_ESG报告/hybrid_auto/300832_新产业_2025_ESG报告.md,228271,108576,2771,1684,256,118,57,![](images/f7079ad54d59753b6013e9061bd851172a92738c5bc64d8f1731ea15415362a7.jpg),ok
300834,星辉环材,ESG报告,data/raw_pdfs/300834_星辉环材_2025_ESG报告.pdf,30,12005197,data/mineru_outputs/hybrid_high_all/300834_星辉环材_2025_ESG报告/hybrid_auto/300834_星辉环材_2025_ESG报告.md,72423,35879,1357,848,142,63,12,## 2025 年,ok
300949,奥雅股份,ESG报告,data/raw_pdfs/300949_奥雅股份_2025_ESG报告.pdf,49,23571267,data/mineru_outputs/hybrid_high_all/300949_奥雅股份_2025_ESG报告/hybrid_auto/300949_奥雅股份_2025_ESG报告.md,204339,115359,4056,2817,256,165,19,## 续初心，共赴新程,ok
300972,万辰集团,ESG报告,data/raw_pdfs/300972_万辰集团_2025_ESG报告.pdf,45,16454342,data/mineru_outputs/hybrid_high_all/300972_万辰集团_2025_ESG报告/hybrid_auto/300972_万辰集团_2025_ESG报告.md,185958,90143,3071,1751,353,173,45,![](images/8844c80c9b38397b2fb028b6ef81aad3ed38c31c4de827788e63b041ce0affb1.jpg),ok
300982,苏文电能,ESG报告,data/raw_pdfs/300982_苏文电能_2025_ESG报告.pdf,71,13554579,data/mineru_outputs/hybrid_high_all/300982_苏文电能_2025_ESG报告/hybrid_auto/300982_苏文电能_2025_ESG报告.md,161177,80975,2725,1677,242,139,39,## 2025 年,ok
301019,宁波色母,可持续发展报告,data/raw_pdfs/301019_宁波色母_2025_可持续发展报告.pdf,45,626162,data/mineru_outputs/hybrid_high_all/301019_宁波色母_2025_可持续发展报告/hybrid_auto/301019_宁波色母_2025_可持续发展报告.md,102958,46226,635,359,87,2,32,# 宁波色母,ok
301043,绿岛风,ESG报告,data/raw_pdfs/301043_绿岛风_2025_ESG报告.pdf,29,6476794,data/mineru_outputs/hybrid_high_all/301043_绿岛风_2025_ESG报告/hybrid_auto/301043_绿岛风_2025_ESG报告.md,83212,46207,1596,1057,108,121,14,![](images/0751e1681288446a4bf86cd7caacd4d596ab3315747f37bfca5a4d222b8f3990.jpg),ok
301073,君亭酒店,ESG报告,data/raw_pdfs/301073_君亭酒店_2025_ESG报告.pdf,69,26958974,data/mineru_outputs/hybrid_high_all/301073_君亭酒店_2025_ESG报告/hybrid_auto/301073_君亭酒店_2025_ESG报告.md,268224,132043,3474,2115,260,267,51,## 君亭酒店集团股份有限公司,ok
301185,鸥玛软件,ESG报告,data/raw_pdfs/301185_鸥玛软件_2025_ESG报告.pdf,52,11550735,data/mineru_outputs/hybrid_high_all/301185_鸥玛软件_2025_ESG报告/hybrid_auto/301185_鸥玛软件_2025_ESG报告.md,215224,103974,3688,2392,324,220,34,## 2025 年度,ok
301308,江波龙,ESG报告,data/raw_pdfs/301308_江波龙_2025_ESG报告.pdf,80,27504375,data/mineru_outputs/hybrid_high_all/301308_江波龙_2025_ESG报告/hybrid_auto/301308_江波龙_2025_ESG报告.md,224212,117117,3709,2422,276,228,21,## 2025年度,ok
301370,国科恒泰,ESG报告,data/raw_pdfs/301370_国科恒泰_2025_ESG报告.pdf,55,14277225,data/mineru_outputs/hybrid_high_all/301370_国科恒泰_2025_ESG报告/hybrid_auto/301370_国科恒泰_2025_ESG报告.md,226676,117999,4056,2589,308,300,37,![](images/675bafbf0c6dd7d5ddbb95ee57f451206ac1e902625ced7ef46f841528aaf499.jpg),ok
301522,上大股份,ESG报告,data/raw_pdfs/301522_上大股份_2025_ESG报告.pdf,52,30184862,data/mineru_outputs/hybrid_high_all/301522_上大股份_2025_ESG报告/hybrid_auto/301522_上大股份_2025_ESG报告.md,180016,93239,2291,1383,238,109,46,![](images/19d3f83beb51bdd707438ced11d7e100977f84fa0e0f3ec58b54ee4cefc3032a.jpg),ok
301588,美新科技,ESG报告,data/raw_pdfs/301588_美新科技_2025_ESG报告.pdf,63,17706233,data/mineru_outputs/hybrid_high_all/301588_美新科技_2025_ESG报告/hybrid_auto/301588_美新科技_2025_ESG报告.md,110315,58628,1814,1097,163,113,15,# 美新科技2025年可持续发展报告,ok
301599,理奇智能,ESG报告,data/raw_pdfs/301599_理奇智能_2025_ESG报告.pdf,27,4951591,data/mineru_outputs/hybrid_high_all/301599_理奇智能_2025_ESG报告/hybrid_auto/301599_理奇智能_2025_ESG报告.md,96304,42963,1093,594,153,40,29,让过程工业,ok
600009,上海机场,ESG报告,data/raw_pdfs/600009_上海机场_2025_ESG报告.pdf,70,9809837,data/mineru_outputs/hybrid_high_all/600009_上海机场_2025_ESG报告/hybrid_auto/600009_上海机场_2025_ESG报告.md,250369,126348,3571,2142,369,219,25,![](images/e5409f308bbf24efc62562c777cd703194b7fdd20c98f4b3c8cf5edad6d29caf.jpg),ok
600021,上海电力,ESG报告,data/raw_pdfs/600021_上海电力_2025_ESG报告.pdf,52,21762804,data/mineru_outputs/hybrid_high_all/600021_上海电力_2025_ESG报告/hybrid_auto/600021_上海电力_2025_ESG报告.md,208779,103892,3899,2379,417,113,30,![](images/be1937becd722aa20e963101c7a6038eeb9df234eea44c88dfa0aa686ae1c6a8.jpg),ok
600025,华能水电,ESG报告,data/raw_pdfs/600025_华能水电_2025_ESG报告.pdf,38,9535597,data/mineru_outputs/hybrid_high_all/600025_华能水电_2025_ESG报告/hybrid_auto/600025_华能水电_2025_ESG报告.md,153363,71937,2522,1467,370,63,7,![](images/6ad2af2688a441a4ed9e7a08da62fc6d685f3a2416a0733cee00b7785b5d2d36.jpg),ok
600072,中船科技,ESG报告,data/raw_pdfs/600072_中船科技_2025_ESG报告.pdf,38,24239138,data/mineru_outputs/hybrid_high_all/600072_中船科技_2025_ESG报告/hybrid_auto/600072_中船科技_2025_ESG报告.md,144564,79177,2552,1668,219,149,10,![](images/e8f5df9f6db4285bae3ca1729c82c738e91b97cb6b2c2fdb17d03a22604bc9cf.jpg),ok
600117,西宁特钢,ESG报告,data/raw_pdfs/600117_西宁特钢_2025_ESG报告.pdf,47,8382803,data/mineru_outputs/hybrid_high_all/600117_西宁特钢_2025_ESG报告/hybrid_auto/600117_西宁特钢_2025_ESG报告.md,163932,82922,2784,1635,251,168,36,![](images/338f638326344198cb5f4c9ea0c1bb3f536e20d47f52c06e04b82d30f564ee43.jpg),ok
600199,金种子酒,ESG报告,data/raw_pdfs/600199_金种子酒_2025_ESG报告.pdf,45,6266017,data/mineru_outputs/hybrid_high_all/600199_金种子酒_2025_ESG报告/hybrid_auto/600199_金种子酒_2025_ESG报告.md,177014,87454,2985,1896,274,189,18,## 2025,ok
600259,中稀有色,ESG报告,data/raw_pdfs/600259_中稀有色_2025_ESG报告.pdf,61,31384924,data/mineru_outputs/hybrid_high_all/600259_中稀有色_2025_ESG报告/hybrid_auto/600259_中稀有色_2025_ESG报告.md,235477,124754,3245,2016,333,166,80,# 2025 环境、社会和公司治理(ESG)报告,ok
600261,阳光照明,ESG报告,data/raw_pdfs/600261_阳光照明_2025_ESG报告.pdf,35,17381755,data/mineru_outputs/hybrid_high_all/600261_阳光照明_2025_ESG报告/hybrid_auto/600261_阳光照明_2025_ESG报告.md,100540,44302,1461,872,160,65,9,## VnKOn阳光,ok
600278,东方创业,ESG报告,data/raw_pdfs/600278_东方创业_2025_ESG报告.pdf,39,26796374,data/mineru_outputs/hybrid_high_all/600278_东方创业_2025_ESG报告/hybrid_auto/600278_东方创业_2025_ESG报告.md,155384,77887,2575,1602,228,109,37,## 东方创业 2025 年度环境、社会和公司治理报告,ok
600322,津投城开,ESG报告,data/raw_pdfs/600322_津投城开_2025_ESG报告.pdf,38,15016266,data/mineru_outputs/hybrid_high_all/600322_津投城开_2025_ESG报告/hybrid_auto/600322_津投城开_2025_ESG报告.md,126370,55034,1862,1085,234,83,12,![](images/f10e10e1b8c5969f5b3d2058bfe305e86120b503e1bacc84e49b593d5932b5dd.jpg),ok
600331,宏达股份,ESG报告,data/raw_pdfs/600331_宏达股份_2025_ESG报告.pdf,62,30388423,data/mineru_outputs/hybrid_high_all/600331_宏达股份_2025_ESG报告/hybrid_auto/600331_宏达股份_2025_ESG报告.md,258863,125555,4158,2502,380,230,46,![](images/74ea620da56b805ff700b9f5f604b796753b61dc82eb868842c913deab3e2930.jpg),ok
600396,华电辽能,ESG报告,data/raw_pdfs/600396_华电辽能_2025_ESG报告.pdf,29,28328543,data/mineru_outputs/hybrid_high_all/600396_华电辽能_2025_ESG报告/hybrid_auto/600396_华电辽能_2025_ESG报告.md,71595,35081,1417,781,176,112,4,![](images/1bafe0f73d2e9c7e2816639e54b81846321fb4b44a496bdeb7cd65e201950980.jpg),ok
600400,红豆股份,ESG报告,data/raw_pdfs/600400_红豆股份_2025_ESG报告.pdf,41,7024333,data/mineru_outputs/hybrid_high_all/600400_红豆股份_2025_ESG报告/hybrid_auto/600400_红豆股份_2025_ESG报告.md,133279,65959,2258,1396,217,123,32,## 202.5 年度,ok
600406,国电南瑞,ESG报告,data/raw_pdfs/600406_国电南瑞_2025_ESG报告.pdf,75,22584570,data/mineru_outputs/hybrid_high_all/600406_国电南瑞_2025_ESG报告/hybrid_auto/600406_国电南瑞_2025_ESG报告.md,340613,172073,5643,3853,444,263,36,![](images/4e54d92874bfd5c1095d7e8c255585f5d7182cde4b3e7728dc6fca01866ca89a.jpg),ok
600456,宝钛股份,ESG报告,data/raw_pdfs/600456_宝钛股份_2025_ESG报告.pdf,34,28506549,data/mineru_outputs/hybrid_high_all/600456_宝钛股份_2025_ESG报告/hybrid_auto/600456_宝钛股份_2025_ESG报告.md,112297,56497,2064,1265,231,114,16,## 2025年度,ok
600475,华光环能,ESG报告,data/raw_pdfs/600475_华光环能_2025_ESG报告.pdf,68,18349072,data/mineru_outputs/hybrid_high_all/600475_华光环能_2025_ESG报告/hybrid_auto/600475_华光环能_2025_ESG报告.md,258326,133322,4086,2535,350,309,42,##,ok
600480,凌云股份,ESG报告,data/raw_pdfs/600480_凌云股份_2025_ESG报告.pdf,52,22050779,data/mineru_outputs/hybrid_high_all/600480_凌云股份_2025_ESG报告/hybrid_auto/600480_凌云股份_2025_ESG报告.md,201566,104179,3247,1972,252,240,35,![](images/8896231abef591c967aa205679a8ae21244415dcaf690df23c19b9ff6685d539.jpg),ok
600516,方大炭素,ESG报告,data/raw_pdfs/600516_方大炭素_2025_ESG报告.pdf,45,17083678,data/mineru_outputs/hybrid_high_all/600516_方大炭素_2025_ESG报告/hybrid_auto/600516_方大炭素_2025_ESG报告.md,170576,72052,1501,894,119,89,22,## 2025年度,ok
600525,ST长园,ESG报告,data/raw_pdfs/600525_ST长园_2025_ESG报告.pdf,52,15402244,data/mineru_outputs/hybrid_high_all/600525_ST长园_2025_ESG报告/hybrid_auto/600525_ST长园_2025_ESG报告.md,217840,111837,4174,2795,351,179,40,# 2025年度,ok
600587,新华医疗,ESG报告,data/raw_pdfs/600587_新华医疗_2025_ESG报告.pdf,89,12043604,data/mineru_outputs/hybrid_high_all/600587_新华医疗_2025_ESG报告/hybrid_auto/600587_新华医疗_2025_ESG报告.md,308116,165396,5620,3349,460,443,70,## LEG,ok
600630,龙头股份,ESG报告,data/raw_pdfs/600630_龙头股份_2025_ESG报告.pdf,57,14755313,data/mineru_outputs/hybrid_high_all/600630_龙头股份_2025_ESG报告/hybrid_auto/600630_龙头股份_2025_ESG报告.md,171863,98333,3356,2171,242,169,48,## 2025 龙头股份环境、社会和公司治理报告,ok
600651,飞乐音响,可持续发展报告,data/raw_pdfs/600651_飞乐音响_2025_可持续发展报告.pdf,45,33234700,data/mineru_outputs/hybrid_high_all/600651_飞乐音响_2025_可持续发展报告/hybrid_auto/600651_飞乐音响_2025_可持续发展报告.md,161062,79451,2668,1670,257,132,15,## INESA,ok
600684,珠江股份,ESG暨社会责任报告,data/raw_pdfs/600684_珠江股份_2025_ESG暨社会责任报告.pdf,46,20086786,data/mineru_outputs/hybrid_high_all/600684_珠江股份_2025_ESG暨社会责任报告/hybrid_auto/600684_珠江股份_2025_ESG暨社会责任报告.md,175426,92388,3310,1889,378,366,12,![](images/eaf65a62c1822be0b3d3ed7119ebb1e74854deced50e8ec7c2a27a774ef7779b.jpg),ok
600713,南京医药,ESG报告,data/raw_pdfs/600713_南京医药_2025_ESG报告.pdf,40,17989792,data/mineru_outputs/hybrid_high_all/600713_南京医药_2025_ESG报告/hybrid_auto/600713_南京医药_2025_ESG报告.md,154341,73166,2406,1516,236,104,24,![](images/0f4abba0eeb16ef805255a7d34dac90998effb11cb4fc044a8730da46a37e8e6.jpg),ok
600737,中粮糖业,ESG报告,data/raw_pdfs/600737_中粮糖业_2025_ESG报告.pdf,69,24668361,data/mineru_outputs/hybrid_high_all/600737_中粮糖业_2025_ESG报告/hybrid_auto/600737_中粮糖业_2025_ESG报告.md,270523,126554,4179,2566,496,141,33,![](images/f49d27a94bd2a5b20058523738e32e280f16ffeaf693574891f3e9e62d473edb.jpg),ok
600759,ST洲际,ESG报告,data/raw_pdfs/600759_ST洲际_2025_ESG报告.pdf,43,25629800,data/mineru_outputs/hybrid_high_all/600759_ST洲际_2025_ESG报告/hybrid_auto/600759_ST洲际_2025_ESG报告.md,127777,59519,1663,978,185,104,27,## 致力于成为一家国际化的综合性能源公司,ok
600779,水井坊,ESG报告,data/raw_pdfs/600779_水井坊_2025_ESG报告.pdf,61,20895388,data/mineru_outputs/hybrid_high_all/600779_水井坊_2025_ESG报告/hybrid_auto/600779_水井坊_2025_ESG报告.md,250548,129250,3780,2256,360,246,26,## 2025,ok
600783,鲁信创投,ESG报告,data/raw_pdfs/600783_鲁信创投_2025_ESG报告.pdf,53,7723326,data/mineru_outputs/hybrid_high_all/600783_鲁信创投_2025_ESG报告/hybrid_auto/600783_鲁信创投_2025_ESG报告.md,202576,101809,3052,1815,356,162,46,## LUCION鲁信创投,ok
600805,悦达投资,ESG报告,data/raw_pdfs/600805_悦达投资_2025_ESG报告.pdf,32,3654741,data/mineru_outputs/hybrid_high_all/600805_悦达投资_2025_ESG报告/hybrid_auto/600805_悦达投资_2025_ESG报告.md,91121,48716,1758,1025,190,102,32,## 2025年,ok
600846,同济科技,ESG报告,data/raw_pdfs/600846_同济科技_2025_ESG报告.pdf,40,31535788,data/mineru_outputs/hybrid_high_all/600846_同济科技_2025_ESG报告/hybrid_auto/600846_同济科技_2025_ESG报告.md,162983,79763,2409,1451,242,123,15,## 2025,ok
600850,电科数字,ESG报告,data/raw_pdfs/600850_电科数字_2025_ESG报告.pdf,37,8807624,data/mineru_outputs/hybrid_high_all/600850_电科数字_2025_ESG报告/hybrid_auto/600850_电科数字_2025_ESG报告.md,129325,69081,2411,1542,181,164,25,## 2025年,ok
600855,航天长峰,ESG报告,data/raw_pdfs/600855_航天长峰_2025_ESG报告.pdf,57,22615300,data/mineru_outputs/hybrid_high_all/600855_航天长峰_2025_ESG报告/hybrid_auto/600855_航天长峰_2025_ESG报告.md,195276,98518,2492,1447,222,194,51,# 环境、社会和公司治理(ESG)报告,ok
600874,创业环保,可持续发展报告,data/raw_pdfs/600874_创业环保_2025_可持续发展报告.pdf,52,10276524,data/mineru_outputs/hybrid_high_all/600874_创业环保_2025_可持续发展报告/hybrid_auto/600874_创业环保_2025_可持续发展报告.md,210285,111405,3607,2449,246,221,20,![](images/97fdc702e2dde55b3f61872502a6cf8b54cc65d6fa881c4b340763fb849afae2.jpg),ok
600877,电科芯片,ESG暨社会责任报告,data/raw_pdfs/600877_电科芯片_2025_ESG暨社会责任报告.pdf,21,29057079,data/mineru_outputs/hybrid_high_all/600877_电科芯片_2025_ESG暨社会责任报告/hybrid_auto/600877_电科芯片_2025_ESG暨社会责任报告.md,62340,31124,929,562,78,80,9,## 2025 年度ESG暨社会责任报告中电科芯片技术股份有限公司,ok
600884,杉杉股份,ESG报告,data/raw_pdfs/600884_杉杉股份_2025_ESG报告.pdf,64,25457573,data/mineru_outputs/hybrid_high_all/600884_杉杉股份_2025_ESG报告/hybrid_auto/600884_杉杉股份_2025_ESG报告.md,249624,128413,4193,2614,348,194,43,![](images/efe3fa80ed7dc059674f51fe94bb8e434f1c3b04a8ed7c26d9b888129c4ada48.jpg),ok
600919,江苏银行,可持续发展报告,data/raw_pdfs/600919_江苏银行_2025_可持续发展报告.pdf,65,5660893,data/mineru_outputs/hybrid_high_all/600919_江苏银行_2025_可持续发展报告/hybrid_auto/600919_江苏银行_2025_可持续发展报告.md,265466,126695,3372,1907,375,159,47,"## 20252025 江苏银行股份有限公江苏银行股份有限公司 可持续发展(ESG)报可持续发展(ESG)报告 Sustainability (Environmental, Social and Governance) ReSustainability (Environmental, Social and Governance) R port",ok
600963,岳阳林纸,ESG报告,data/raw_pdfs/600963_岳阳林纸_2025_ESG报告.pdf,60,17565280,data/mineru_outputs/hybrid_high_all/600963_岳阳林纸_2025_ESG报告/hybrid_auto/600963_岳阳林纸_2025_ESG报告.md,191786,94002,2706,1551,276,166,22,![](images/2ccb818fa6c3e94d3e24372e3c88dc8ed9c80bdf9709ad2a6141663172df0939.jpg),ok
600996,贵广网络,ESG报告,data/raw_pdfs/600996_贵广网络_2025_ESG报告.pdf,31,8051001,data/mineru_outputs/hybrid_high_all/600996_贵广网络_2025_ESG报告/hybrid_auto/600996_贵广网络_2025_ESG报告.md,47162,21652,732,430,72,40,4,## 2025年度ESG 环境、社会及治理报告,ok
601106,中国一重,ESG报告,data/raw_pdfs/601106_中国一重_2025_ESG报告.pdf,61,21073235,data/mineru_outputs/hybrid_high_all/601106_中国一重_2025_ESG报告/hybrid_auto/601106_中国一重_2025_ESG报告.md,218576,109281,2858,1699,327,139,42,## 2025,ok
601118,海南橡胶,ESG报告,data/raw_pdfs/601118_海南橡胶_2025_ESG报告.pdf,57,18879229,data/mineru_outputs/hybrid_high_all/601118_海南橡胶_2025_ESG报告/hybrid_auto/601118_海南橡胶_2025_ESG报告.md,191977,97636,2396,1378,312,138,26,![](images/6d1df6faeb1b1de8500ae372bbbe5c8571e0ab69bac443513a95c9cbb4215d34.jpg),ok
601298,青岛港,ESG报告,data/raw_pdfs/601298_青岛港_2025_ESG报告.pdf,57,8693208,data/mineru_outputs/hybrid_high_all/601298_青岛港_2025_ESG报告/hybrid_auto/601298_青岛港_2025_ESG报告.md,188978,95699,2788,1704,267,153,30,（于中华人民共和国成立的股份有限公司）,ok
601360,三六零,ESG报告,data/raw_pdfs/601360_三六零_2025_ESG报告.pdf,52,16013491,data/mineru_outputs/hybrid_high_all/601360_三六零_2025_ESG报告/hybrid_auto/601360_三六零_2025_ESG报告.md,228864,121851,3795,2587,267,199,42,![](images/1122d8e440ee2b6ac6bb4c59abe52ebce2f01727781caa3447525aa1ddb3993e.jpg),ok
601555,东吴证券,可持续发展报告,data/raw_pdfs/601555_东吴证券_2025_可持续发展报告.pdf,64,5251631,data/mineru_outputs/hybrid_high_all/601555_东吴证券_2025_可持续发展报告/hybrid_auto/601555_东吴证券_2025_可持续发展报告.md,287525,135802,3088,1892,357,141,67,![](images/e7ff989878ebd1abeda736fa01f0cd3b0dd9cc019d8faeaffa9e5ecbd44f448a.jpg),ok
601577,长沙银行,可持续发展报告,data/raw_pdfs/601577_长沙银行_2025_可持续发展报告.pdf,59,32013032,data/mineru_outputs/hybrid_high_all/601577_长沙银行_2025_可持续发展报告/hybrid_auto/601577_长沙银行_2025_可持续发展报告.md,233490,113850,3499,1992,422,178,49,## 2025,ok
601956,东贝集团,ESG报告,data/raw_pdfs/601956_东贝集团_2025_ESG报告.pdf,68,33376517,data/mineru_outputs/hybrid_high_all/601956_东贝集团_2025_ESG报告/hybrid_auto/601956_东贝集团_2025_ESG报告.md,245860,129712,4387,2840,377,242,58,![](images/191be8af070fdc0cd7911a31aec8b93f6adb26bc3b67a729392df4f5e43122c5.jpg),ok
601975,招商南油,ESG报告,data/raw_pdfs/601975_招商南油_2025_ESG报告.pdf,57,30095258,data/mineru_outputs/hybrid_high_all/601975_招商南油_2025_ESG报告/hybrid_auto/601975_招商南油_2025_ESG报告.md,244726,132188,3460,2079,333,273,63,![](images/59a3c169e59e8be82f51bf8d7ea7ce0ba7cdf899dbaa1b670f176cbd05f7f068.jpg),ok
603013,亚普股份,ESG报告,data/raw_pdfs/603013_亚普股份_2025_ESG报告.pdf,59,6512784,data/mineru_outputs/hybrid_high_all/603013_亚普股份_2025_ESG报告/hybrid_auto/603013_亚普股份_2025_ESG报告.md,233832,122904,4043,2475,383,277,34,## 2025 年度,ok
603051,鹿山新材,ESG报告,data/raw_pdfs/603051_鹿山新材_2025_ESG报告.pdf,77,14942946,data/mineru_outputs/hybrid_high_all/603051_鹿山新材_2025_ESG报告/hybrid_auto/603051_鹿山新材_2025_ESG报告.md,146624,66976,1649,1034,126,56,22,## 鹿山新材,ok
603082,北自科技,ESG报告,data/raw_pdfs/603082_北自科技_2025_ESG报告.pdf,74,14242462,data/mineru_outputs/hybrid_high_all/603082_北自科技_2025_ESG报告/hybrid_auto/603082_北自科技_2025_ESG报告.md,270711,140274,4517,2805,357,269,76,## 年度,ok
603128,华贸物流,ESG报告,data/raw_pdfs/603128_华贸物流_2025_ESG报告.pdf,35,1675621,data/mineru_outputs/hybrid_high_all/603128_华贸物流_2025_ESG报告/hybrid_auto/603128_华贸物流_2025_ESG报告.md,82387,30404,568,288,85,14,5,# 港中旅华贸国际物流股份有限公司2025 年环境、社会及治理（ESG）报告,ok
603257,中国瑞林,ESG报告,data/raw_pdfs/603257_中国瑞林_2025_ESG报告.pdf,53,32413030,data/mineru_outputs/hybrid_high_all/603257_中国瑞林_2025_ESG报告/hybrid_auto/603257_中国瑞林_2025_ESG报告.md,226283,103931,3048,1846,303,143,18,![](images/76264c2e8ab336d670a56961b1fddd5720f411e0deea83f614285ace820d38f9.jpg),ok
603260,合盛硅业,可持续发展报告,data/raw_pdfs/603260_合盛硅业_2025_可持续发展报告.pdf,74,16741598,data/mineru_outputs/hybrid_high_all/603260_合盛硅业_2025_可持续发展报告/hybrid_auto/603260_合盛硅业_2025_可持续发展报告.md,169068,92076,2608,1543,295,252,39,## 可持续发展报告,ok
603272,ST联翔,ESG暨社会责任报告,data/raw_pdfs/603272_ST联翔_2025_ESG暨社会责任报告.pdf,36,6726830,data/mineru_outputs/hybrid_high_all/603272_ST联翔_2025_ESG暨社会责任报告/hybrid_auto/603272_ST联翔_2025_ESG暨社会责任报告.md,134942,66773,1707,1015,213,72,44,## 匠心 致生活,ok
603291,联合水务,ESG报告,data/raw_pdfs/603291_联合水务_2025_ESG报告.pdf,82,29133585,data/mineru_outputs/hybrid_high_all/603291_联合水务_2025_ESG报告/hybrid_auto/603291_联合水务_2025_ESG报告.md,231910,117107,4079,2418,357,206,32,## 2025,ok
603329,上海雅仕,ESG报告,data/raw_pdfs/603329_上海雅仕_2025_ESG报告.pdf,29,3531737,data/mineru_outputs/hybrid_high_all/603329_上海雅仕_2025_ESG报告/hybrid_auto/603329_上海雅仕_2025_ESG报告.md,108827,52600,1268,738,150,40,34,## 2025,ok
603333,尚纬股份,ESG报告,data/raw_pdfs/603333_尚纬股份_2025_ESG报告.pdf,68,13645990,data/mineru_outputs/hybrid_high_all/603333_尚纬股份_2025_ESG报告/hybrid_auto/603333_尚纬股份_2025_ESG报告.md,171789,88186,2808,1788,203,153,55,## 2025 年度,ok
603368,柳药集团,ESG报告,data/raw_pdfs/603368_柳药集团_2025_ESG报告.pdf,73,15157294,data/mineru_outputs/hybrid_high_all/603368_柳药集团_2025_ESG报告/hybrid_auto/603368_柳药集团_2025_ESG报告.md,203787,101465,3904,2434,383,248,21,![](images/e301f694805c60387a8d64d9fb69d70c51fc5ac10755e035755d25397d9a7ecf.jpg),ok
603369,今世缘,可持续发展报告,data/raw_pdfs/603369_今世缘_2025_可持续发展报告.pdf,108,27067584,data/mineru_outputs/hybrid_high_all/603369_今世缘_2025_可持续发展报告/hybrid_auto/603369_今世缘_2025_可持续发展报告.md,320522,154562,4218,2435,502,143,52,## 2025,ok
603373,安邦护卫,ESG暨社会责任报告,data/raw_pdfs/603373_安邦护卫_2025_ESG暨社会责任报告.pdf,37,6502076,data/mineru_outputs/hybrid_high_all/603373_安邦护卫_2025_ESG暨社会责任报告/hybrid_auto/603373_安邦护卫_2025_ESG暨社会责任报告.md,139818,70988,1951,1170,152,133,32,##,ok
603399,永杉锂业,可持续发展报告,data/raw_pdfs/603399_永杉锂业_2025_可持续发展报告.pdf,62,14762725,data/mineru_outputs/hybrid_high_all/603399_永杉锂业_2025_可持续发展报告/hybrid_auto/603399_永杉锂业_2025_可持续发展报告.md,152793,83354,2123,1336,171,122,42,## 2025,ok
603577,汇金通,ESG报告,data/raw_pdfs/603577_汇金通_2025_ESG报告.pdf,50,24677281,data/mineru_outputs/hybrid_high_all/603577_汇金通_2025_ESG报告/hybrid_auto/603577_汇金通_2025_ESG报告.md,147382,78143,2438,1641,179,142,24,![](images/2488d1d95b40ec16792ffdc7fb76c29a5d1a64c7ed02b201c04c3ce0a31bd2a1.jpg),ok
603628,清源股份,ESG报告,data/raw_pdfs/603628_清源股份_2025_ESG报告.pdf,47,23889317,data/mineru_outputs/hybrid_high_all/603628_清源股份_2025_ESG报告/hybrid_auto/603628_清源股份_2025_ESG报告.md,209721,103207,2817,1723,255,158,28,## 清源股份,ok
603660,苏州科达,ESG报告,data/raw_pdfs/603660_苏州科达_2025_ESG报告.pdf,84,23143121,data/mineru_outputs/hybrid_high_all/603660_苏州科达_2025_ESG报告/hybrid_auto/603660_苏州科达_2025_ESG报告.md,181455,89797,2404,1653,164,87,56,## 苏州科达 2025 年度,ok
603683,晶华新材,ESG报告,data/raw_pdfs/603683_晶华新材_2025_ESG报告.pdf,44,22589674,data/mineru_outputs/hybrid_high_all/603683_晶华新材_2025_ESG报告/hybrid_auto/603683_晶华新材_2025_ESG报告.md,170488,88225,3196,1938,337,145,35,## 2025,ok
603717,天域生物,ESG报告,data/raw_pdfs/603717_天域生物_2025_ESG报告.pdf,28,5467481,data/mineru_outputs/hybrid_high_all/603717_天域生物_2025_ESG报告/hybrid_auto/603717_天域生物_2025_ESG报告.md,67830,34896,1137,624,152,95,11,天域生物科技股份有限公司,ok
603777,来伊份,ESG报告,data/raw_pdfs/603777_来伊份_2025_ESG报告.pdf,45,3390097,data/mineru_outputs/hybrid_high_all/603777_来伊份_2025_ESG报告/hybrid_auto/603777_来伊份_2025_ESG报告.md,77824,31424,832,516,74,35,3,2025,ok
603808,歌力思,ESG报告,data/raw_pdfs/603808_歌力思_2025_ESG报告.pdf,59,8842466,data/mineru_outputs/hybrid_high_all/603808_歌力思_2025_ESG报告/hybrid_auto/603808_歌力思_2025_ESG报告.md,187055,92090,1938,1176,154,64,42,# 深圳歌力思服饰股份有限公司,ok
603868,飞科电器,ESG报告,data/raw_pdfs/603868_飞科电器_2025_ESG报告.pdf,74,8402038,data/mineru_outputs/hybrid_high_all/603868_飞科电器_2025_ESG报告/hybrid_auto/603868_飞科电器_2025_ESG报告.md,152857,79335,2868,1721,246,133,49,## 2025年度 环境、社会和治理 (ESG)报告,ok
603918,金桥信息,ESG报告,data/raw_pdfs/603918_金桥信息_2025_ESG报告.pdf,40,16088455,data/mineru_outputs/hybrid_high_all/603918_金桥信息_2025_ESG报告/hybrid_auto/603918_金桥信息_2025_ESG报告.md,170226,80736,3036,1962,244,128,25,# 2025,ok
603979,金诚信,ESG报告,data/raw_pdfs/603979_金诚信_2025_ESG报告.pdf,85,18484780,data/mineru_outputs/hybrid_high_all/603979_金诚信_2025_ESG报告/hybrid_auto/603979_金诚信_2025_ESG报告.md,334206,165728,4305,2826,303,217,51,## 金诚信矿业管理股份有限公司,ok
603990,麦迪科技,ESG报告,data/raw_pdfs/603990_麦迪科技_2025_ESG报告.pdf,49,33259021,data/mineru_outputs/hybrid_high_all/603990_麦迪科技_2025_ESG报告/hybrid_auto/603990_麦迪科技_2025_ESG报告.md,175712,91607,2853,1772,286,162,25,# 2025 5年度,ok
605199,ST葫芦娃,ESG报告,data/raw_pdfs/605199_ST葫芦娃_2025_ESG报告.pdf,49,30689344,data/mineru_outputs/hybrid_high_all/605199_ST葫芦娃_2025_ESG报告/hybrid_auto/605199_ST葫芦娃_2025_ESG报告.md,185258,89801,2515,1411,261,158,35,![](images/7dc00ccd133bc5f24951aec2c851f39b1cc7951348257e60608721842f7a6c0a.jpg),ok
605377,华旺科技,ESG报告,data/raw_pdfs/605377_华旺科技_2025_ESG报告.pdf,56,21010239,data/mineru_outputs/hybrid_high_all/605377_华旺科技_2025_ESG报告/hybrid_auto/605377_华旺科技_2025_ESG报告.md,193601,98317,2514,1454,244,125,80,## 2025年度,ok
605399,晨光新材,ESG报告,data/raw_pdfs/605399_晨光新材_2025_ESG报告.pdf,50,5739332,data/mineru_outputs/hybrid_high_all/605399_晨光新材_2025_ESG报告/hybrid_auto/605399_晨光新材_2025_ESG报告.md,72806,36943,1397,926,92,65,8,# 江西晨光新材料股份有限公司,ok
605488,福莱新材,ESG报告,data/raw_pdfs/605488_福莱新材_2025_ESG报告.pdf,95,26573980,data/mineru_outputs/hybrid_high_all/605488_福莱新材_2025_ESG报告/hybrid_auto/605488_福莱新材_2025_ESG报告.md,179961,94516,2504,1662,149,115,36,![](images/573e1859fccf04e011461222bfa179ede41531995e39b4f58ae29785100134e4.jpg),ok
605599,菜百股份,ESG报告,data/raw_pdfs/605599_菜百股份_2025_ESG报告.pdf,56,20603215,data/mineru_outputs/hybrid_high_all/605599_菜百股份_2025_ESG报告/hybrid_auto/605599_菜百股份_2025_ESG报告.md,212249,102666,3377,2169,274,186,36,![](images/544f54e7cf89379ce98c099efeed92e319959f183b846f035e19aa9b65f202c8.jpg),ok
688015,交控科技,ESG暨社会责任报告,data/raw_pdfs/688015_交控科技_2025_ESG暨社会责任报告.pdf,44,5886347,data/mineru_outputs/hybrid_high_all/688015_交控科技_2025_ESG暨社会责任报告/hybrid_auto/688015_交控科技_2025_ESG暨社会责任报告.md,168749,88993,3102,1874,265,239,19,![](images/60ab54e54ea81c0ddc44df4864792eb4da743beb7291f71fae5594525ad94e21.jpg),ok
688051,佳华科技,ESG报告,data/raw_pdfs/688051_佳华科技_2025_ESG报告.pdf,58,10347532,data/mineru_outputs/hybrid_high_all/688051_佳华科技_2025_ESG报告/hybrid_auto/688051_佳华科技_2025_ESG报告.md,182485,91088,3790,2688,205,152,11,## 2025 年,ok
688128,中国电研,ESG报告,data/raw_pdfs/688128_中国电研_2025_ESG报告.pdf,57,16306397,data/mineru_outputs/hybrid_high_all/688128_中国电研_2025_ESG报告/hybrid_auto/688128_中国电研_2025_ESG报告.md,202820,104738,3650,2170,436,232,21,# 2025年度,ok
688147,微导纳米,ESG报告,data/raw_pdfs/688147_微导纳米_2025_ESG报告.pdf,52,24378221,data/mineru_outputs/hybrid_high_all/688147_微导纳米_2025_ESG报告/hybrid_auto/688147_微导纳米_2025_ESG报告.md,174525,87280,3011,1744,330,174,22,## 2025年度,ok
688218,江苏北人,ESG报告,data/raw_pdfs/688218_江苏北人_2025_ESG报告.pdf,25,15889014,data/mineru_outputs/hybrid_high_all/688218_江苏北人_2025_ESG报告/hybrid_auto/688218_江苏北人_2025_ESG报告.md,88822,42413,1293,795,106,41,17,![](images/ebf56c72af36b1093d43a39d7e9131830411d902d6efcf04d47b51683ea535cd.jpg),ok
688226,威腾电气,ESG报告,data/raw_pdfs/688226_威腾电气_2025_ESG报告.pdf,64,19709848,data/mineru_outputs/hybrid_high_all/688226_威腾电气_2025_ESG报告/hybrid_auto/688226_威腾电气_2025_ESG报告.md,260992,132243,3923,2434,400,270,40,![](images/adcf8dff0b5c1ad2aa4d7b8ffcc579ab838d02f5ef1f4a5b6fd205f94ed03d18.jpg),ok
688261,东微半导,ESG报告,data/raw_pdfs/688261_东微半导_2026_ESG报告.pdf,43,15859518,data/mineru_outputs/hybrid_high_all/688261_东微半导_2026_ESG报告/hybrid_auto/688261_东微半导_2026_ESG报告.md,139400,69277,2103,1244,234,119,45,![](images/4cda4131df281582d6aedf01fd88be6aad108501e3f200bc79635f3025af7948.jpg),ok
688279,峰岹科技,ESG报告,data/raw_pdfs/688279_峰岹科技_2025_ESG报告.pdf,30,7243099,data/mineru_outputs/hybrid_high_all/688279_峰岹科技_2025_ESG报告/hybrid_auto/688279_峰岹科技_2025_ESG报告.md,87607,40824,630,376,76,32,26,## 峰岹科技(深圳)股份有限公司,ok
688348,昱能科技,ESG报告,data/raw_pdfs/688348_昱能科技_2025_ESG报告.pdf,54,19434530,data/mineru_outputs/hybrid_high_all/688348_昱能科技_2025_ESG报告/hybrid_auto/688348_昱能科技_2025_ESG报告.md,182968,86125,2671,1654,300,107,39,##,ok
688400,凌云光,ESG报告,data/raw_pdfs/688400_凌云光_2025_ESG报告.pdf,53,7201601,data/mineru_outputs/hybrid_high_all/688400_凌云光_2025_ESG报告/hybrid_auto/688400_凌云光_2025_ESG报告.md,165494,85682,2974,1942,224,142,21,## 凌云光2025年环境、社会及公司治理（ESG）报告,ok
688409,富创精密,ESG报告,data/raw_pdfs/688409_富创精密_2025_ESG报告.pdf,57,30990614,data/mineru_outputs/hybrid_high_all/688409_富创精密_2025_ESG报告/hybrid_auto/688409_富创精密_2025_ESG报告.md,202913,99859,3047,1859,248,229,37,## 2025 年度,ok
688439,振华风光,ESG报告,data/raw_pdfs/688439_振华风光_2025_ESG报告.pdf,46,21600119,data/mineru_outputs/hybrid_high_all/688439_振华风光_2025_ESG报告/hybrid_auto/688439_振华风光_2025_ESG报告.md,145999,70185,2188,1319,247,82,41,# 2025 年度,ok
688503,聚和材料,ESG报告,data/raw_pdfs/688503_聚和材料_2025_ESG报告.pdf,79,8177746,data/mineru_outputs/hybrid_high_all/688503_聚和材料_2025_ESG报告/hybrid_auto/688503_聚和材料_2025_ESG报告.md,84128,45868,2095,1255,252,83,35,## 常州聚和新材料股份有限公司,ok
688509,正元地信,ESG报告,data/raw_pdfs/688509_正元地信_2025_ESG报告.pdf,31,1186003,data/mineru_outputs/hybrid_high_all/688509_正元地信_2025_ESG报告/hybrid_auto/688509_正元地信_2025_ESG报告.md,42549,15667,325,167,62,0,2,# 环境、社会和公司治理,ok
688515,裕太微,ESG报告,data/raw_pdfs/688515_裕太微_2025_ESG报告.pdf,57,20623643,data/mineru_outputs/hybrid_high_all/688515_裕太微_2025_ESG报告/hybrid_auto/688515_裕太微_2025_ESG报告.md,192417,96064,2852,1795,263,151,59,## 2025环社会及公司司 治理（ESG）报告,ok
688560,明冠新材,ESG报告,data/raw_pdfs/688560_明冠新材_2025_ESG报告.pdf,45,10629139,data/mineru_outputs/hybrid_high_all/688560_明冠新材_2025_ESG报告/hybrid_auto/688560_明冠新材_2025_ESG报告.md,160099,83547,2584,1558,291,166,50,## 2025 年度,ok
688598,金博股份,ESG报告,data/raw_pdfs/688598_金博股份_2025_ESG报告.pdf,55,33165856,data/mineru_outputs/hybrid_high_all/688598_金博股份_2025_ESG报告/hybrid_auto/688598_金博股份_2025_ESG报告.md,181224,100398,3238,1927,303,251,40,## 2025 年度,ok
688613,奥精医疗,ESG报告,data/raw_pdfs/688613_奥精医疗_2025_ESG报告.pdf,41,19844167,data/mineru_outputs/hybrid_high_all/688613_奥精医疗_2025_ESG报告/hybrid_auto/688613_奥精医疗_2025_ESG报告.md,135811,67671,2112,1314,130,139,16,## 2025年度,ok
688618,三旺通信,ESG报告,data/raw_pdfs/688618_三旺通信_2025_ESG报告.pdf,50,8308646,data/mineru_outputs/hybrid_high_all/688618_三旺通信_2025_ESG报告/hybrid_auto/688618_三旺通信_2025_ESG报告.md,193184,94935,2431,1484,283,110,73,##,ok
688690,纳微科技,ESG报告,data/raw_pdfs/688690_纳微科技_2025_ESG报告.pdf,52,18608040,data/mineru_outputs/hybrid_high_all/688690_纳微科技_2025_ESG报告/hybrid_auto/688690_纳微科技_2025_ESG报告.md,193342,103800,2912,1709,256,222,48,## 环境、社会及治理（ESG）报告,ok
688709,成都华微,ESG报告,data/raw_pdfs/688709_成都华微_2025_ESG报告.pdf,63,31250540,data/mineru_outputs/hybrid_high_all/688709_成都华微_2025_ESG报告/hybrid_auto/688709_成都华微_2025_ESG报告.md,201111,92269,2088,1213,263,83,44,![](images/9e124cff57f32df6b02e3e2671fade949643b0c6b5252fa39cd7680428723cb3.jpg),ok
688728,格科微,ESG报告,data/raw_pdfs/688728_格科微_2025_ESG报告.pdf,50,14029617,data/mineru_outputs/hybrid_high_all/688728_格科微_2025_ESG报告/hybrid_auto/688728_格科微_2025_ESG报告.md,178169,93326,2829,1789,263,141,57,![](images/690ab457f28d24ea1d4dfa7b0f035aa96ce40058437d5eee1fe60488af40f834.jpg),ok
688818,电科蓝天,ESG报告,data/raw_pdfs/688818_电科蓝天_2025_ESG报告.pdf,48,6880154,data/mineru_outputs/hybrid_high_all/688818_电科蓝天_2025_ESG报告/hybrid_auto/688818_电科蓝天_2025_ESG报告.md,169500,77753,2253,1319,297,68,36,## 2025,ok
920001,纬达光电,ESG报告,data/raw_pdfs/920001_纬达光电_2025_ESG报告.pdf,58,18043135,data/mineru_outputs/hybrid_high_all/920001_纬达光电_2025_ESG报告/hybrid_auto/920001_纬达光电_2025_ESG报告.md,217924,107567,3590,2259,336,186,41,![](images/91ca65e0d1c374195a9bc408531f5d95e9cd7b3b1c7d2c631fc9b0dedcb31a38.jpg),ok
920019,铜冠矿建,ESG报告,data/raw_pdfs/920019_铜冠矿建_2025_ESG报告.pdf,37,22886824,data/mineru_outputs/hybrid_high_all/920019_铜冠矿建_2025_ESG报告/hybrid_auto/920019_铜冠矿建_2025_ESG报告.md,135418,65898,2120,1301,211,112,14,# 环境、社会及公司治理（ESG）报告,ok
920029,开发科技,ESG报告,data/raw_pdfs/920029_开发科技_2025_ESG报告.pdf,84,27468742,data/mineru_outputs/hybrid_high_all/920029_开发科技_2025_ESG报告/hybrid_auto/920029_开发科技_2025_ESG报告.md,244452,138380,4274,2690,324,258,48,## 2025,ok
920039,国义招标,ESG报告,data/raw_pdfs/920039_国义招标_2025_ESG报告.pdf,62,25956066,data/mineru_outputs/hybrid_high_all/920039_国义招标_2025_ESG报告/hybrid_auto/920039_国义招标_2025_ESG报告.md,190290,93424,3355,2079,334,183,25,![](images/d884388d01cf3c190280c5682e6914b339afab5980a65fe0515cc60a6c6e77bc.jpg),ok
920122,中纺标,ESG报告,data/raw_pdfs/920122_中纺标_2025_ESG报告.pdf,48,6424869,data/mineru_outputs/hybrid_high_all/920122_中纺标_2025_ESG报告/hybrid_auto/920122_中纺标_2025_ESG报告.md,174530,82871,2066,1176,268,138,33,![](images/25b4c0aa8cec9ae154112b90b181924de234c1cbce0b5b86296d8a361d3ec67e.jpg),ok
920167,同享科技,ESG报告,data/raw_pdfs/920167_同享科技_2025_ESG报告.pdf,40,17304803,data/mineru_outputs/hybrid_high_all/920167_同享科技_2025_ESG报告/hybrid_auto/920167_同享科技_2025_ESG报告.md,175385,89215,2590,1545,239,224,37,![](images/400b50875a2e8c6ab04763ca95728d3daf70fd8acdb7348f0f9071a57d27dbdd.jpg),ok
920299,灿能电力,可持续发展报告,data/raw_pdfs/920299_灿能电力_2025_可持续发展报告.pdf,77,7369426,data/mineru_outputs/hybrid_high_all/920299_灿能电力_2025_可持续发展报告/hybrid_auto/920299_灿能电力_2025_可持续发展报告.md,163182,78716,2313,1477,197,124,30,![](images/03b04bbbb94bbf356203d26cf95e62d1a1c1de9d91edf2866e0f8032b5bfbb47.jpg),ok
920665,科强股份,ESG报告,data/raw_pdfs/920665_科强股份_2025_ESG报告.pdf,44,22590625,data/mineru_outputs/hybrid_high_all/920665_科强股份_2025_ESG报告/hybrid_auto/920665_科强股份_2025_ESG报告.md,206838,105934,2795,1767,217,173,44,## ����年度,ok
